{"ip":"::1","level":"info","message":"Incoming request","method":"POST","requestId":"94e07c26-6ccf-4e69-afc6-0b12ff63fe1e","service":"api-service","timestamp":"2025-04-26 19:38:53","url":"/","userAgent":"PostmanRuntime/7.43.3"}
{"duration":28,"level":"info","message":"Request completed","method":"POST","requestId":"94e07c26-6ccf-4e69-afc6-0b12ff63fe1e","service":"api-service","status":404,"timestamp":"2025-04-26 19:38:53","url":"/"}
{"ip":"::1","level":"info","message":"Incoming request","method":"POST","requestId":"f778b8ed-1f21-40bd-ac7e-f78f853d9e48","service":"api-service","timestamp":"2025-04-26 19:39:08","url":"/api/v1/posts","userAgent":"PostmanRuntime/7.43.3"}
{"duration":12,"level":"info","message":"Request completed","method":"POST","requestId":"f778b8ed-1f21-40bd-ac7e-f78f853d9e48","service":"api-service","status":404,"timestamp":"2025-04-26 19:39:08","url":"/api/v1/posts"}
{"ip":"::1","level":"info","message":"Incoming request","method":"POST","requestId":"ede6a41e-33ea-4688-b69f-9f4217ca62b3","service":"api-service","timestamp":"2025-04-26 19:39:49","url":"/api/v1/posts","userAgent":"PostmanRuntime/7.43.3"}
{"duration":25,"level":"info","message":"Request completed","method":"POST","requestId":"ede6a41e-33ea-4688-b69f-9f4217ca62b3","service":"api-service","status":404,"timestamp":"2025-04-26 19:39:49","url":"/api/v1/posts"}
{"ip":"::1","level":"info","message":"Incoming request","method":"POST","requestId":"61d97970-aef1-4f46-a61e-252f62dceb9e","service":"api-service","timestamp":"2025-04-26 19:58:34","url":"/api/v1/posts","userAgent":"PostmanRuntime/7.43.3"}
{"duration":37,"level":"info","message":"Request completed","method":"POST","requestId":"61d97970-aef1-4f46-a61e-252f62dceb9e","service":"api-service","status":401,"timestamp":"2025-04-26 19:58:34","url":"/api/v1/posts"}
{"ip":"::1","level":"info","message":"Incoming request","method":"POST","requestId":"0987987e-c075-42d3-8b5c-6870ebfcb69f","service":"api-service","timestamp":"2025-04-26 19:59:14","url":"/api/v1/posts","userAgent":"PostmanRuntime/7.43.3"}
{"duration":398,"level":"info","message":"Request completed","method":"POST","requestId":"0987987e-c075-42d3-8b5c-6870ebfcb69f","service":"api-service","status":400,"timestamp":"2025-04-26 19:59:15","url":"/api/v1/posts"}
{"ip":"::1","level":"info","message":"Incoming request","method":"POST","requestId":"61185fee-cccf-4de5-b166-de160c2ae77c","service":"api-service","timestamp":"2025-04-26 20:01:03","url":"/api/v1/posts","userAgent":"PostmanRuntime/7.43.3"}
{"duration":274,"level":"info","message":"Request completed","method":"POST","requestId":"61185fee-cccf-4de5-b166-de160c2ae77c","service":"api-service","status":500,"timestamp":"2025-04-26 20:01:04","url":"/api/v1/posts"}
{"duration":274,"level":"error","message":"Server error","method":"POST","requestId":"61185fee-cccf-4de5-b166-de160c2ae77c","service":"api-service","status":500,"timestamp":"2025-04-26 20:01:04","url":"/api/v1/posts"}
{"ip":"::1","level":"info","message":"Incoming request","method":"POST","requestId":"4c4b8dae-a7f3-4783-8b47-16b0f19bd893","service":"api-service","timestamp":"2025-04-26 20:01:55","url":"/api/v1/posts","userAgent":"PostmanRuntime/7.43.3"}
{"duration":413,"level":"info","message":"Request completed","method":"POST","requestId":"4c4b8dae-a7f3-4783-8b47-16b0f19bd893","service":"api-service","status":500,"timestamp":"2025-04-26 20:01:55","url":"/api/v1/posts"}
{"duration":413,"level":"error","message":"Server error","method":"POST","requestId":"4c4b8dae-a7f3-4783-8b47-16b0f19bd893","service":"api-service","status":500,"timestamp":"2025-04-26 20:01:55","url":"/api/v1/posts"}
{"ip":"::1","level":"info","message":"Incoming request","method":"POST","requestId":"0b0e8470-5c2b-4e5e-9e8c-509418a99dda","service":"api-service","timestamp":"2025-04-26 20:03:05","url":"/api/v1/posts","userAgent":"PostmanRuntime/7.43.3"}
{"duration":325,"level":"info","message":"Request completed","method":"POST","requestId":"0b0e8470-5c2b-4e5e-9e8c-509418a99dda","service":"api-service","status":500,"timestamp":"2025-04-26 20:03:05","url":"/api/v1/posts"}
{"duration":325,"level":"error","message":"Server error","method":"POST","requestId":"0b0e8470-5c2b-4e5e-9e8c-509418a99dda","service":"api-service","status":500,"timestamp":"2025-04-26 20:03:05","url":"/api/v1/posts"}
{"ip":"::1","level":"info","message":"Incoming request","method":"POST","requestId":"e726a971-95d0-4fa2-a809-2f92e8f3691c","service":"api-service","timestamp":"2025-04-26 20:03:42","url":"/api/v1/posts","userAgent":"PostmanRuntime/7.43.3"}
{"ip":"::1","level":"info","message":"Incoming request","method":"POST","requestId":"b62ac9ed-2fe0-4853-b13e-4f8023a0253b","service":"api-service","timestamp":"2025-04-26 20:48:01","url":"/api/v1/media","userAgent":"PostmanRuntime/7.43.3"}
{"ip":"::1","level":"info","message":"Incoming request","method":"POST","requestId":"de0fa1bb-0c71-40a1-835a-162fbd877a01","service":"api-service","timestamp":"2025-04-26 20:49:12","url":"/api/v1/media","userAgent":"PostmanRuntime/7.43.3"}
{"ip":"::1","level":"info","message":"Incoming request","method":"POST","requestId":"49741e80-da5a-4e90-9ee8-066d74a02e94","service":"api-service","timestamp":"2025-04-26 20:50:24","url":"/api/v1/media","userAgent":"PostmanRuntime/7.43.3"}
{"ip":"::1","level":"info","message":"Incoming request","method":"POST","requestId":"504b83dd-94c9-4088-ae1c-66b5352e8316","service":"api-service","timestamp":"2025-04-26 20:51:33","url":"/api/v1/media","userAgent":"PostmanRuntime/7.43.3"}
{"ip":"::1","level":"info","message":"Incoming request","method":"POST","requestId":"2f3a942a-aa35-4239-b24e-3733201271b6","service":"api-service","timestamp":"2025-04-26 20:53:24","url":"/api/v1/media","userAgent":"PostmanRuntime/7.43.3"}
{"duration":9641,"level":"info","message":"Request completed","method":"POST","requestId":"2f3a942a-aa35-4239-b24e-3733201271b6","service":"api-service","status":200,"timestamp":"2025-04-26 20:53:33","url":"/api/v1/media"}
{"ip":"::1","level":"info","message":"Incoming request","method":"POST","requestId":"221108ca-780a-40d7-9dce-b6d4987e5db0","service":"api-service","timestamp":"2025-04-26 20:54:08","url":"/api/v1/posts","userAgent":"PostmanRuntime/7.43.3"}
{"duration":453,"level":"info","message":"Request completed","method":"POST","requestId":"221108ca-780a-40d7-9dce-b6d4987e5db0","service":"api-service","status":400,"timestamp":"2025-04-26 20:54:09","url":"/api/v1/posts"}
{"ip":"::1","level":"info","message":"Incoming request","method":"POST","requestId":"21982964-9468-45e6-9619-50b9da922a9a","service":"api-service","timestamp":"2025-04-26 20:54:26","url":"/api/v1/posts","userAgent":"PostmanRuntime/7.43.3"}
{"duration":777,"level":"info","message":"Request completed","method":"POST","requestId":"21982964-9468-45e6-9619-50b9da922a9a","service":"api-service","status":500,"timestamp":"2025-04-26 20:54:27","url":"/api/v1/posts"}
{"duration":777,"level":"error","message":"Server error","method":"POST","requestId":"21982964-9468-45e6-9619-50b9da922a9a","service":"api-service","status":500,"timestamp":"2025-04-26 20:54:27","url":"/api/v1/posts"}
{"ip":"::1","level":"info","message":"Incoming request","method":"POST","requestId":"ff19e907-03e5-43ac-8e0b-cb2ec0d14434","service":"api-service","timestamp":"2025-04-26 20:55:05","url":"/api/v1/posts","userAgent":"PostmanRuntime/7.43.3"}
{"ip":"::1","level":"info","message":"Incoming request","method":"POST","requestId":"db3ba3c8-c5ae-4a40-8af7-318dbff64323","service":"api-service","timestamp":"2025-04-26 20:56:43","url":"/api/v1/posts","userAgent":"PostmanRuntime/7.43.3"}
{"duration":10761,"level":"info","message":"Request completed","method":"POST","requestId":"db3ba3c8-c5ae-4a40-8af7-318dbff64323","service":"api-service","status":500,"timestamp":"2025-04-26 20:56:54","url":"/api/v1/posts"}
{"duration":10761,"level":"error","message":"Server error","method":"POST","requestId":"db3ba3c8-c5ae-4a40-8af7-318dbff64323","service":"api-service","status":500,"timestamp":"2025-04-26 20:56:54","url":"/api/v1/posts"}
{"ip":"::1","level":"info","message":"Incoming request","method":"POST","requestId":"bd1b568b-ebc5-42b3-b021-374d26f1af65","service":"api-service","timestamp":"2025-04-26 20:57:13","url":"/api/v1/posts","userAgent":"PostmanRuntime/7.43.3"}
{"duration":113996,"level":"info","message":"Request completed","method":"POST","requestId":"bd1b568b-ebc5-42b3-b021-374d26f1af65","service":"api-service","status":500,"timestamp":"2025-04-26 20:59:07","url":"/api/v1/posts"}
{"duration":113996,"level":"error","message":"Server error","method":"POST","requestId":"bd1b568b-ebc5-42b3-b021-374d26f1af65","service":"api-service","status":500,"timestamp":"2025-04-26 20:59:07","url":"/api/v1/posts"}
{"ip":"::1","level":"info","message":"Incoming request","method":"POST","requestId":"251ccd1b-b20b-48e5-a3e5-a6e7fdfe30a1","service":"api-service","timestamp":"2025-04-26 21:01:17","url":"/api/v1/posts","userAgent":"PostmanRuntime/7.43.3"}
{"duration":21209,"level":"info","message":"Request completed","method":"POST","requestId":"251ccd1b-b20b-48e5-a3e5-a6e7fdfe30a1","service":"api-service","status":500,"timestamp":"2025-04-26 21:01:38","url":"/api/v1/posts"}
{"duration":21209,"level":"error","message":"Server error","method":"POST","requestId":"251ccd1b-b20b-48e5-a3e5-a6e7fdfe30a1","service":"api-service","status":500,"timestamp":"2025-04-26 21:01:38","url":"/api/v1/posts"}
{"ip":"::1","level":"info","message":"Incoming request","method":"POST","requestId":"d7e5e3d0-cd69-479b-b4b1-2308ce405fae","service":"api-service","timestamp":"2025-04-26 21:04:26","url":"/api/v1/posts","userAgent":"PostmanRuntime/7.43.3"}
{"duration":5997,"level":"info","message":"Request completed","method":"POST","requestId":"d7e5e3d0-cd69-479b-b4b1-2308ce405fae","service":"api-service","status":500,"timestamp":"2025-04-26 21:04:32","url":"/api/v1/posts"}
{"duration":5997,"level":"error","message":"Server error","method":"POST","requestId":"d7e5e3d0-cd69-479b-b4b1-2308ce405fae","service":"api-service","status":500,"timestamp":"2025-04-26 21:04:32","url":"/api/v1/posts"}
{"ip":"::1","level":"info","message":"Incoming request","method":"POST","requestId":"18bdb68d-d537-4952-a15d-f6b0cc7c1817","service":"api-service","timestamp":"2025-04-26 21:16:03","url":"/api/v1/posts","userAgent":"PostmanRuntime/7.43.3"}
{"duration":9053,"level":"info","message":"Request completed","method":"POST","requestId":"18bdb68d-d537-4952-a15d-f6b0cc7c1817","service":"api-service","status":500,"timestamp":"2025-04-26 21:16:12","url":"/api/v1/posts"}
{"duration":9053,"level":"error","message":"Server error","method":"POST","requestId":"18bdb68d-d537-4952-a15d-f6b0cc7c1817","service":"api-service","status":500,"timestamp":"2025-04-26 21:16:12","url":"/api/v1/posts"}
{"ip":"::1","level":"info","message":"Incoming request","method":"POST","requestId":"837e2176-f83a-4a03-94e8-d877c1e5b976","service":"api-service","timestamp":"2025-04-26 21:16:16","url":"/api/v1/posts","userAgent":"PostmanRuntime/7.43.3"}
{"duration":21877,"level":"info","message":"Request completed","method":"POST","requestId":"837e2176-f83a-4a03-94e8-d877c1e5b976","service":"api-service","status":500,"timestamp":"2025-04-26 21:16:37","url":"/api/v1/posts"}
{"duration":21877,"level":"error","message":"Server error","method":"POST","requestId":"837e2176-f83a-4a03-94e8-d877c1e5b976","service":"api-service","status":500,"timestamp":"2025-04-26 21:16:37","url":"/api/v1/posts"}
{"ip":"::1","level":"info","message":"Incoming request","method":"POST","requestId":"55dcd9ed-f931-4e84-ae87-e9e898733c54","service":"api-service","timestamp":"2025-04-26 21:20:09","url":"/api/v1/posts","userAgent":"PostmanRuntime/7.43.3"}
{"duration":7799,"level":"info","message":"Request completed","method":"POST","requestId":"55dcd9ed-f931-4e84-ae87-e9e898733c54","service":"api-service","status":500,"timestamp":"2025-04-26 21:20:17","url":"/api/v1/posts"}
{"duration":7799,"level":"error","message":"Server error","method":"POST","requestId":"55dcd9ed-f931-4e84-ae87-e9e898733c54","service":"api-service","status":500,"timestamp":"2025-04-26 21:20:17","url":"/api/v1/posts"}
{"ip":"::1","level":"info","message":"Incoming request","method":"POST","requestId":"a32dd117-91f2-4773-9273-39ccc093afe2","service":"api-service","timestamp":"2025-04-26 21:35:31","url":"/api/v1/posts","userAgent":"PostmanRuntime/7.43.3"}
{"ip":"::1","level":"info","message":"Incoming request","method":"POST","requestId":"f2c1e61a-da53-482e-a0b5-caa5d7c109b3","service":"api-service","timestamp":"2025-04-26 21:37:12","url":"/api/v1/posts","userAgent":"PostmanRuntime/7.43.3"}
{"duration":3908,"level":"info","message":"Request completed","method":"POST","requestId":"f2c1e61a-da53-482e-a0b5-caa5d7c109b3","service":"api-service","status":200,"timestamp":"2025-04-26 21:37:16","url":"/api/v1/posts"}
{"ip":"::1","level":"info","message":"Incoming request","method":"PUT","requestId":"d3118df4-cd95-4b52-922d-ac688e1711c6","service":"api-service","timestamp":"2025-04-26 21:38:25","url":"/api/v1/media/14","userAgent":"PostmanRuntime/7.43.3"}
{"duration":14,"level":"info","message":"Request completed","method":"PUT","requestId":"d3118df4-cd95-4b52-922d-ac688e1711c6","service":"api-service","status":404,"timestamp":"2025-04-26 21:38:25","url":"/api/v1/media/14"}
{"ip":"::1","level":"info","message":"Incoming request","method":"PUT","requestId":"7d3d6873-423b-4ca6-8adf-fa01a1f0f1b3","service":"api-service","timestamp":"2025-04-26 21:39:29","url":"/api/v1/media/14","userAgent":"PostmanRuntime/7.43.3"}
{"duration":58,"level":"info","message":"Request completed","method":"PUT","requestId":"7d3d6873-423b-4ca6-8adf-fa01a1f0f1b3","service":"api-service","status":404,"timestamp":"2025-04-26 21:39:29","url":"/api/v1/media/14"}
{"ip":"::1","level":"info","message":"Incoming request","method":"PUT","requestId":"a390b59b-984f-4f7f-b6f2-8c592c7cc388","service":"api-service","timestamp":"2025-04-26 21:39:43","url":"/api/v1/posts/14","userAgent":"PostmanRuntime/7.43.3"}
{"duration":49,"level":"info","message":"Request completed","method":"PUT","requestId":"a390b59b-984f-4f7f-b6f2-8c592c7cc388","service":"api-service","status":401,"timestamp":"2025-04-26 21:39:43","url":"/api/v1/posts/14"}
{"ip":"::1","level":"info","message":"Incoming request","method":"PUT","requestId":"a58e8966-1d89-4399-be1a-15ed0a486c20","service":"api-service","timestamp":"2025-04-26 21:40:16","url":"/api/v1/posts/14","userAgent":"PostmanRuntime/7.43.3"}
{"duration":608,"level":"info","message":"Request completed","method":"PUT","requestId":"a58e8966-1d89-4399-be1a-15ed0a486c20","service":"api-service","status":200,"timestamp":"2025-04-26 21:40:17","url":"/api/v1/posts/14"}
{"ip":"::1","level":"info","message":"Incoming request","method":"DELETE","requestId":"e3d0bb1d-4746-4744-b5f9-dee53c7e4bd1","service":"api-service","timestamp":"2025-04-26 21:40:29","url":"/api/v1/posts/14","userAgent":"PostmanRuntime/7.43.3"}
{"ip":"::1","level":"info","message":"Incoming request","method":"POST","requestId":"1643ac7b-d2fa-4f5b-b69d-16103a6b1fc4","service":"api-service","timestamp":"2025-04-26 21:53:03","url":"/api/v1/posts","userAgent":"PostmanRuntime/7.43.3"}
{"duration":593,"level":"info","message":"Request completed","method":"POST","requestId":"1643ac7b-d2fa-4f5b-b69d-16103a6b1fc4","service":"api-service","status":500,"timestamp":"2025-04-26 21:53:04","url":"/api/v1/posts"}
{"duration":593,"level":"error","message":"Server error","method":"POST","requestId":"1643ac7b-d2fa-4f5b-b69d-16103a6b1fc4","service":"api-service","status":500,"timestamp":"2025-04-26 21:53:04","url":"/api/v1/posts"}
{"ip":"::1","level":"info","message":"Incoming request","method":"POST","requestId":"f97ef4a9-f1ce-4a8e-85d5-b9e96d4ea4e1","service":"api-service","timestamp":"2025-04-26 21:53:59","url":"/api/v1/posts","userAgent":"PostmanRuntime/7.43.3"}
{"ip":"::1","level":"info","message":"Incoming request","method":"POST","requestId":"8dd25dfe-3da4-4c01-a414-fc2348c5666e","service":"api-service","timestamp":"2025-04-26 21:55:44","url":"/api/v1/posts","userAgent":"PostmanRuntime/7.43.3"}
{"ip":"::1","level":"info","message":"Incoming request","method":"POST","requestId":"2b52e717-adee-4956-9377-afd6a3bbb50b","service":"api-service","timestamp":"2025-04-26 22:00:50","url":"/api/v1/posts","userAgent":"PostmanRuntime/7.43.3"}
{"duration":194,"level":"info","message":"Request completed","method":"POST","requestId":"2b52e717-adee-4956-9377-afd6a3bbb50b","service":"api-service","status":400,"timestamp":"2025-04-26 22:00:50","url":"/api/v1/posts"}
{"ip":"::1","level":"info","message":"Incoming request","method":"POST","requestId":"8a468dc2-0a2e-4c32-8c49-18b76f7a42d1","service":"api-service","timestamp":"2025-04-26 22:01:43","url":"/api/v1/posts","userAgent":"PostmanRuntime/7.43.3"}
{"duration":291,"level":"info","message":"Request completed","method":"POST","requestId":"8a468dc2-0a2e-4c32-8c49-18b76f7a42d1","service":"api-service","status":400,"timestamp":"2025-04-26 22:01:44","url":"/api/v1/posts"}
{"ip":"::1","level":"info","message":"Incoming request","method":"POST","requestId":"f70713d3-0390-4c27-a34e-c953f1f0e976","service":"api-service","timestamp":"2025-04-26 22:02:02","url":"/api/v1/posts","userAgent":"PostmanRuntime/7.43.3"}
{"duration":303,"level":"info","message":"Request completed","method":"POST","requestId":"f70713d3-0390-4c27-a34e-c953f1f0e976","service":"api-service","status":400,"timestamp":"2025-04-26 22:02:02","url":"/api/v1/posts"}
{"ip":"::1","level":"info","message":"Incoming request","method":"POST","requestId":"74d4f15f-17a6-4341-aafa-e7177c49b677","service":"api-service","timestamp":"2025-04-26 22:02:20","url":"/api/v1/posts","userAgent":"PostmanRuntime/7.43.3"}
{"duration":39734,"level":"info","message":"Request completed","method":"POST","requestId":"74d4f15f-17a6-4341-aafa-e7177c49b677","service":"api-service","status":200,"timestamp":"2025-04-26 22:03:00","url":"/api/v1/posts"}
{"ip":"::1","level":"info","message":"Incoming request","method":"DELETE","requestId":"cddb1189-bbe6-47a9-9ad8-0f0dccb256d1","service":"api-service","timestamp":"2025-04-26 22:03:35","url":"/api/v1/posts/14","userAgent":"PostmanRuntime/7.43.3"}
{"duration":305,"level":"info","message":"Request completed","method":"DELETE","requestId":"cddb1189-bbe6-47a9-9ad8-0f0dccb256d1","service":"api-service","status":400,"timestamp":"2025-04-26 22:03:35","url":"/api/v1/posts/14"}
{"ip":"::1","level":"info","message":"Incoming request","method":"PUT","requestId":"97a31899-b2e0-41b4-b3b3-bc39c1265ec9","service":"api-service","timestamp":"2025-04-26 22:03:47","url":"/api/v1/posts/14","userAgent":"PostmanRuntime/7.43.3"}
{"duration":365,"level":"info","message":"Request completed","method":"PUT","requestId":"97a31899-b2e0-41b4-b3b3-bc39c1265ec9","service":"api-service","status":400,"timestamp":"2025-04-26 22:03:48","url":"/api/v1/posts/14"}
{"ip":"::1","level":"info","message":"Incoming request","method":"PUT","requestId":"d935a5a7-35e6-4d4f-8971-7b2fd01972d0","service":"api-service","timestamp":"2025-04-26 22:04:02","url":"/api/v1/posts/18","userAgent":"PostmanRuntime/7.43.3"}
{"duration":308,"level":"info","message":"Request completed","method":"PUT","requestId":"d935a5a7-35e6-4d4f-8971-7b2fd01972d0","service":"api-service","status":200,"timestamp":"2025-04-26 22:04:02","url":"/api/v1/posts/18"}
{"ip":"::1","level":"info","message":"Incoming request","method":"DELETE","requestId":"0a7d8f8f-f393-4f93-9086-e1620d71b3f7","service":"api-service","timestamp":"2025-04-26 22:04:44","url":"/api/v1/media","userAgent":"PostmanRuntime/7.43.3"}
{"duration":19,"level":"info","message":"Request completed","method":"DELETE","requestId":"0a7d8f8f-f393-4f93-9086-e1620d71b3f7","service":"api-service","status":404,"timestamp":"2025-04-26 22:04:44","url":"/api/v1/media"}
{"ip":"::1","level":"info","message":"Incoming request","method":"DELETE","requestId":"1ac7054a-d735-4d34-b5d0-a81f78c2e211","service":"api-service","timestamp":"2025-04-26 22:04:56","url":"/api/v1/post/18","userAgent":"PostmanRuntime/7.43.3"}
{"duration":11,"level":"info","message":"Request completed","method":"DELETE","requestId":"1ac7054a-d735-4d34-b5d0-a81f78c2e211","service":"api-service","status":404,"timestamp":"2025-04-26 22:04:56","url":"/api/v1/post/18"}
{"ip":"::1","level":"info","message":"Incoming request","method":"DELETE","requestId":"44b51bc9-b2df-4760-9e0b-37fbcd800a46","service":"api-service","timestamp":"2025-04-26 22:04:59","url":"/api/v1/posts/18","userAgent":"PostmanRuntime/7.43.3"}
{"duration":17,"level":"info","message":"Request completed","method":"DELETE","requestId":"44b51bc9-b2df-4760-9e0b-37fbcd800a46","service":"api-service","status":401,"timestamp":"2025-04-26 22:04:59","url":"/api/v1/posts/18"}
{"ip":"::1","level":"info","message":"Incoming request","method":"DELETE","requestId":"7208cba0-ca9d-42bd-b897-0f7cc1ee52af","service":"api-service","timestamp":"2025-04-26 22:05:40","url":"/api/v1/posts/18","userAgent":"PostmanRuntime/7.43.3"}
{"duration":530,"level":"info","message":"Request completed","method":"DELETE","requestId":"7208cba0-ca9d-42bd-b897-0f7cc1ee52af","service":"api-service","status":200,"timestamp":"2025-04-26 22:05:40","url":"/api/v1/posts/18"}
{"ip":"::1","level":"info","message":"Incoming request","method":"POST","requestId":"3367b6dc-b388-4646-93d3-632a3b801eda","service":"api-service","timestamp":"2025-04-26 22:05:58","url":"/api/v1/posts","userAgent":"PostmanRuntime/7.43.3"}
{"duration":528,"level":"info","message":"Request completed","method":"POST","requestId":"3367b6dc-b388-4646-93d3-632a3b801eda","service":"api-service","status":400,"timestamp":"2025-04-26 22:05:58","url":"/api/v1/posts"}
{"ip":"::1","level":"info","message":"Incoming request","method":"GET","requestId":"cbeaf94d-fee3-4a97-8f73-5dfaed71ba2e","service":"api-service","timestamp":"2025-04-26 22:06:02","url":"/api/v1/posts","userAgent":"PostmanRuntime/7.43.3"}
{"duration":328,"level":"info","message":"Request completed","method":"GET","requestId":"cbeaf94d-fee3-4a97-8f73-5dfaed71ba2e","service":"api-service","status":500,"timestamp":"2025-04-26 22:06:02","url":"/api/v1/posts"}
{"duration":328,"level":"error","message":"Server error","method":"GET","requestId":"cbeaf94d-fee3-4a97-8f73-5dfaed71ba2e","service":"api-service","status":500,"timestamp":"2025-04-26 22:06:02","url":"/api/v1/posts"}
{"ip":"::1","level":"info","message":"Incoming request","method":"GET","requestId":"d4f552db-0b6d-4a89-9cf2-3570851291f0","service":"api-service","timestamp":"2025-04-26 22:07:59","url":"/api/v1/posts","userAgent":"PostmanRuntime/7.43.3"}
{"duration":303,"level":"info","message":"Request completed","method":"GET","requestId":"d4f552db-0b6d-4a89-9cf2-3570851291f0","service":"api-service","status":500,"timestamp":"2025-04-26 22:07:59","url":"/api/v1/posts"}
{"duration":303,"level":"error","message":"Server error","method":"GET","requestId":"d4f552db-0b6d-4a89-9cf2-3570851291f0","service":"api-service","status":500,"timestamp":"2025-04-26 22:07:59","url":"/api/v1/posts"}
{"ip":"::1","level":"info","message":"Incoming request","method":"GET","requestId":"8f8e616e-fd84-4f98-ae01-c907da691e79","service":"api-service","timestamp":"2025-04-26 22:08:11","url":"/api/v1/posts","userAgent":"PostmanRuntime/7.43.3"}
{"ip":"::1","level":"info","message":"Incoming request","method":"GET","requestId":"b76cc330-c7a1-41c6-9d97-de8ff217be83","service":"api-service","timestamp":"2025-04-26 22:09:10","url":"/api/v1/posts","userAgent":"PostmanRuntime/7.43.3"}
{"duration":4938,"level":"info","message":"Request completed","method":"GET","requestId":"b76cc330-c7a1-41c6-9d97-de8ff217be83","service":"api-service","status":500,"timestamp":"2025-04-26 22:09:15","url":"/api/v1/posts"}
{"duration":4938,"level":"error","message":"Server error","method":"GET","requestId":"b76cc330-c7a1-41c6-9d97-de8ff217be83","service":"api-service","status":500,"timestamp":"2025-04-26 22:09:15","url":"/api/v1/posts"}
{"ip":"::1","level":"info","message":"Incoming request","method":"GET","requestId":"3f782ca7-717f-49f9-935e-038d0599dab9","service":"api-service","timestamp":"2025-04-26 22:09:38","url":"/api/v1/posts","userAgent":"PostmanRuntime/7.43.3"}
{"duration":12132,"level":"info","message":"Request completed","method":"GET","requestId":"3f782ca7-717f-49f9-935e-038d0599dab9","service":"api-service","status":500,"timestamp":"2025-04-26 22:09:51","url":"/api/v1/posts"}
{"duration":12132,"level":"error","message":"Server error","method":"GET","requestId":"3f782ca7-717f-49f9-935e-038d0599dab9","service":"api-service","status":500,"timestamp":"2025-04-26 22:09:51","url":"/api/v1/posts"}
{"ip":"::1","level":"info","message":"Incoming request","method":"GET","requestId":"a78a5dc1-8bbb-47e9-b4a3-fa5569d11783","service":"api-service","timestamp":"2025-04-26 22:11:27","url":"/api/v1/posts","userAgent":"PostmanRuntime/7.43.3"}
{"duration":7731,"level":"info","message":"Request completed","method":"GET","requestId":"a78a5dc1-8bbb-47e9-b4a3-fa5569d11783","service":"api-service","status":200,"timestamp":"2025-04-26 22:11:34","url":"/api/v1/posts"}
{"ip":"::1","level":"info","message":"Incoming request","method":"GET","requestId":"fa157d46-27b2-430a-9f62-d4e38bcd85ec","service":"api-service","timestamp":"2025-04-26 22:14:07","url":"/api/v1/posts","userAgent":"PostmanRuntime/7.43.3"}
{"duration":4266,"level":"info","message":"Request completed","method":"GET","requestId":"fa157d46-27b2-430a-9f62-d4e38bcd85ec","service":"api-service","status":200,"timestamp":"2025-04-26 22:14:11","url":"/api/v1/posts"}
{"ip":"::1","level":"info","message":"Incoming request","method":"POST","requestId":"b9006b62-36df-4676-9587-399473fe2fa1","service":"api-service","timestamp":"2025-04-26 22:18:34","url":"/api/v1/media","userAgent":"PostmanRuntime/7.43.3"}
{"duration":1060,"level":"info","message":"Request completed","method":"POST","requestId":"b9006b62-36df-4676-9587-399473fe2fa1","service":"api-service","status":200,"timestamp":"2025-04-26 22:18:35","url":"/api/v1/media"}
{"ip":"::1","level":"info","message":"Incoming request","method":"POST","requestId":"f689d608-1237-40a5-bb99-d3d736cb89c2","service":"api-service","timestamp":"2025-04-26 22:18:56","url":"/api/v1/posts","userAgent":"PostmanRuntime/7.43.3"}
{"duration":24870,"level":"info","message":"Request completed","method":"POST","requestId":"f689d608-1237-40a5-bb99-d3d736cb89c2","service":"api-service","status":200,"timestamp":"2025-04-26 22:19:21","url":"/api/v1/posts"}
{"ip":"::1","level":"info","message":"Incoming request","method":"POST","requestId":"85e04042-bdc6-4a03-838d-405321b5a538","service":"api-service","timestamp":"2025-04-26 22:20:45","url":"/api/v1/media","userAgent":"PostmanRuntime/7.43.3"}
{"duration":341,"level":"info","message":"Request completed","method":"POST","requestId":"85e04042-bdc6-4a03-838d-405321b5a538","service":"api-service","status":400,"timestamp":"2025-04-26 22:20:45","url":"/api/v1/media"}
{"ip":"::1","level":"info","message":"Incoming request","method":"POST","requestId":"37c70ab0-bcd5-45a2-be45-8cee303e2ed1","service":"api-service","timestamp":"2025-04-26 22:22:14","url":"/api/v1/media","userAgent":"PostmanRuntime/7.43.3"}
{"duration":693,"level":"info","message":"Request completed","method":"POST","requestId":"37c70ab0-bcd5-45a2-be45-8cee303e2ed1","service":"api-service","status":200,"timestamp":"2025-04-26 22:22:15","url":"/api/v1/media"}
{"ip":"::1","level":"info","message":"Incoming request","method":"POST","requestId":"2baaa2b0-b8dd-4497-8e98-00ad01d4a3b9","service":"api-service","timestamp":"2025-04-26 22:22:26","url":"/api/v1/media","userAgent":"PostmanRuntime/7.43.3"}
{"duration":289,"level":"info","message":"Request completed","method":"POST","requestId":"2baaa2b0-b8dd-4497-8e98-00ad01d4a3b9","service":"api-service","status":400,"timestamp":"2025-04-26 22:22:26","url":"/api/v1/media"}
{"ip":"::1","level":"info","message":"Incoming request","method":"POST","requestId":"2b749257-330a-4ca7-a1b7-a83f11d28d4f","service":"api-service","timestamp":"2025-04-26 22:23:35","url":"/api/v1/media","userAgent":"PostmanRuntime/7.43.3"}
{"duration":660,"level":"info","message":"Request completed","method":"POST","requestId":"2b749257-330a-4ca7-a1b7-a83f11d28d4f","service":"api-service","status":200,"timestamp":"2025-04-26 22:23:36","url":"/api/v1/media"}
{"ip":"::1","level":"info","message":"Incoming request","method":"POST","requestId":"d0fb2600-4f62-4401-8d28-7796301ef679","service":"api-service","timestamp":"2025-04-26 22:24:28","url":"/api/v1/posts","userAgent":"PostmanRuntime/7.43.3"}
{"duration":691,"level":"info","message":"Request completed","method":"POST","requestId":"d0fb2600-4f62-4401-8d28-7796301ef679","service":"api-service","status":200,"timestamp":"2025-04-26 22:24:29","url":"/api/v1/posts"}
{"ip":"::1","level":"info","message":"Incoming request","method":"POST","requestId":"f707db1a-d89f-4950-9a92-f9b583a6606b","service":"api-service","timestamp":"2025-04-26 22:24:55","url":"/api/v1/posts","userAgent":"PostmanRuntime/7.43.3"}
{"duration":676,"level":"info","message":"Request completed","method":"POST","requestId":"f707db1a-d89f-4950-9a92-f9b583a6606b","service":"api-service","status":200,"timestamp":"2025-04-26 22:24:55","url":"/api/v1/posts"}
{"ip":"::1","level":"info","message":"Incoming request","method":"POST","requestId":"1a43ab7a-e658-4faf-bbe0-4ee914f7b5fd","service":"api-service","timestamp":"2025-04-26 22:25:03","url":"/api/v1/posts","userAgent":"PostmanRuntime/7.43.3"}
{"duration":318,"level":"info","message":"Request completed","method":"POST","requestId":"1a43ab7a-e658-4faf-bbe0-4ee914f7b5fd","service":"api-service","status":408,"timestamp":"2025-04-26 22:25:03","url":"/api/v1/posts"}
{"ip":"::1","level":"info","message":"Incoming request","method":"POST","requestId":"ab6d5a91-cdc5-487f-a744-2a7a1b192c29","service":"api-service","timestamp":"2025-04-26 22:25:16","url":"/api/v1/posts","userAgent":"PostmanRuntime/7.43.3"}
{"duration":694,"level":"info","message":"Request completed","method":"POST","requestId":"ab6d5a91-cdc5-487f-a744-2a7a1b192c29","service":"api-service","status":200,"timestamp":"2025-04-26 22:25:17","url":"/api/v1/posts"}
{"ip":"::1","level":"info","message":"Incoming request","method":"GET","requestId":"6456be28-6177-4006-93ea-82fec667b798","service":"api-service","timestamp":"2025-04-26 22:25:21","url":"/api/v1/posts","userAgent":"PostmanRuntime/7.43.3"}
{"duration":10568,"level":"info","message":"Request completed","method":"GET","requestId":"6456be28-6177-4006-93ea-82fec667b798","service":"api-service","status":200,"timestamp":"2025-04-26 22:25:32","url":"/api/v1/posts"}
{"ip":"::1","level":"info","message":"Incoming request","method":"POST","requestId":"4b44defd-b120-49e9-9de4-3f869386d1e8","service":"api-service","timestamp":"2025-04-26 22:26:33","url":"/api/v1/posts","userAgent":"PostmanRuntime/7.43.3"}
{"duration":825,"level":"info","message":"Request completed","method":"POST","requestId":"4b44defd-b120-49e9-9de4-3f869386d1e8","service":"api-service","status":200,"timestamp":"2025-04-26 22:26:34","url":"/api/v1/posts"}
{"ip":"::1","level":"info","message":"Incoming request","method":"POST","requestId":"adcbd98e-ae4a-4268-87e6-d314fa22a7ab","service":"api-service","timestamp":"2025-04-26 22:26:38","url":"/api/v1/posts","userAgent":"PostmanRuntime/7.43.3"}
{"duration":373,"level":"info","message":"Request completed","method":"POST","requestId":"adcbd98e-ae4a-4268-87e6-d314fa22a7ab","service":"api-service","status":408,"timestamp":"2025-04-26 22:26:38","url":"/api/v1/posts"}
{"ip":"::1","level":"info","message":"Incoming request","method":"GET","requestId":"9ed917be-3077-4804-a61c-d9651a6c9ccb","service":"api-service","timestamp":"2025-04-26 22:26:43","url":"/api/v1/posts","userAgent":"PostmanRuntime/7.43.3"}
{"duration":216,"level":"info","message":"Request completed","method":"GET","requestId":"9ed917be-3077-4804-a61c-d9651a6c9ccb","service":"api-service","status":200,"timestamp":"2025-04-26 22:26:43","url":"/api/v1/posts"}
{"ip":"::1","level":"info","message":"Incoming request","method":"POST","requestId":"56bce37e-5cfe-4297-8763-cedeb28769f2","service":"api-service","timestamp":"2025-04-26 22:28:25","url":"/api/v1/posts","userAgent":"PostmanRuntime/7.43.3"}
{"duration":575,"level":"info","message":"Request completed","method":"POST","requestId":"56bce37e-5cfe-4297-8763-cedeb28769f2","service":"api-service","status":408,"timestamp":"2025-04-26 22:28:26","url":"/api/v1/posts"}
{"ip":"::1","level":"info","message":"Incoming request","method":"GET","requestId":"578af049-8ae8-4d95-b4f2-c45d86e1b698","service":"api-service","timestamp":"2025-04-26 22:28:32","url":"/api/v1/posts","userAgent":"PostmanRuntime/7.43.3"}
{"duration":338,"level":"info","message":"Request completed","method":"GET","requestId":"578af049-8ae8-4d95-b4f2-c45d86e1b698","service":"api-service","status":200,"timestamp":"2025-04-26 22:28:32","url":"/api/v1/posts"}
{"ip":"::1","level":"info","message":"Incoming request","method":"GET","requestId":"8626e778-416a-459d-973b-d147fbbf3006","service":"api-service","timestamp":"2025-04-26 22:28:36","url":"/api/v1/posts","userAgent":"PostmanRuntime/7.43.3"}
{"duration":212,"level":"info","message":"Request completed","method":"GET","requestId":"8626e778-416a-459d-973b-d147fbbf3006","service":"api-service","status":200,"timestamp":"2025-04-26 22:28:36","url":"/api/v1/posts"}
{"ip":"::1","level":"info","message":"Incoming request","method":"GET","requestId":"5434bf67-7fe1-4c38-8c02-7aa53cab9346","service":"api-service","timestamp":"2025-04-26 22:39:20","url":"/api/v1/posts","userAgent":"PostmanRuntime/7.43.3"}
{"duration":469,"level":"info","message":"Request completed","method":"GET","requestId":"5434bf67-7fe1-4c38-8c02-7aa53cab9346","service":"api-service","status":200,"timestamp":"2025-04-26 22:39:21","url":"/api/v1/posts"}
{"ip":"::1","level":"info","message":"Incoming request","method":"POST","requestId":"b991df54-6ab2-468a-8654-f761c8dd0165","service":"api-service","timestamp":"2025-04-26 22:40:16","url":"/api/v1/posts","userAgent":"PostmanRuntime/7.43.3"}
{"duration":481,"level":"info","message":"Request completed","method":"POST","requestId":"b991df54-6ab2-468a-8654-f761c8dd0165","service":"api-service","status":408,"timestamp":"2025-04-26 22:40:16","url":"/api/v1/posts"}
{"ip":"::1","level":"info","message":"Incoming request","method":"POST","requestId":"a3de07d2-b2b1-4c77-830d-0b18f4024f53","service":"api-service","timestamp":"2025-04-26 22:40:26","url":"/api/v1/posts","userAgent":"PostmanRuntime/7.43.3"}
{"duration":296,"level":"info","message":"Request completed","method":"POST","requestId":"a3de07d2-b2b1-4c77-830d-0b18f4024f53","service":"api-service","status":408,"timestamp":"2025-04-26 22:40:26","url":"/api/v1/posts"}
{"ip":"::1","level":"info","message":"Incoming request","method":"POST","requestId":"b9e66bc0-ceb6-473b-95ff-a51bea3d0113","service":"api-service","timestamp":"2025-04-26 22:40:32","url":"/api/v1/posts","userAgent":"PostmanRuntime/7.43.3"}
{"duration":362,"level":"info","message":"Request completed","method":"POST","requestId":"b9e66bc0-ceb6-473b-95ff-a51bea3d0113","service":"api-service","status":200,"timestamp":"2025-04-26 22:40:32","url":"/api/v1/posts"}
{"ip":"::1","level":"info","message":"Incoming request","method":"GET","requestId":"64009ab0-1fbb-4e26-a9e6-03bbcb39c65c","service":"api-service","timestamp":"2025-04-26 22:40:39","url":"/api/v1/posts","userAgent":"PostmanRuntime/7.43.3"}
{"duration":236,"level":"info","message":"Request completed","method":"GET","requestId":"64009ab0-1fbb-4e26-a9e6-03bbcb39c65c","service":"api-service","status":200,"timestamp":"2025-04-26 22:40:39","url":"/api/v1/posts"}
{"ip":"::1","level":"info","message":"Incoming request","method":"GET","requestId":"eae430f0-0180-4dfc-9b62-74a226bfb925","service":"api-service","timestamp":"2025-04-26 22:41:01","url":"/api/v1/posts","userAgent":"PostmanRuntime/7.43.3"}
{"duration":340,"level":"info","message":"Request completed","method":"GET","requestId":"eae430f0-0180-4dfc-9b62-74a226bfb925","service":"api-service","status":200,"timestamp":"2025-04-26 22:41:02","url":"/api/v1/posts"}
{"ip":"::1","level":"info","message":"Incoming request","method":"GET","requestId":"454d9c00-b642-4537-9881-0d6806b4dcc7","service":"api-service","timestamp":"2025-04-26 22:44:10","url":"/api/v1/posts","userAgent":"PostmanRuntime/7.43.3"}
{"duration":401,"level":"info","message":"Request completed","method":"GET","requestId":"454d9c00-b642-4537-9881-0d6806b4dcc7","service":"api-service","status":200,"timestamp":"2025-04-26 22:44:11","url":"/api/v1/posts"}
{"ip":"::1","level":"info","message":"Incoming request","method":"GET","requestId":"2a1d4e89-e410-44c5-803a-1040bca6ce4e","service":"api-service","timestamp":"2025-04-26 22:46:41","url":"/api/v1/posts","userAgent":"PostmanRuntime/7.43.3"}
{"duration":427,"level":"info","message":"Request completed","method":"GET","requestId":"2a1d4e89-e410-44c5-803a-1040bca6ce4e","service":"api-service","status":200,"timestamp":"2025-04-26 22:46:41","url":"/api/v1/posts"}
{"ip":"::1","level":"info","message":"Incoming request","method":"POST","requestId":"f0f1bcd1-486c-4c73-abb4-0321b01e2768","service":"api-service","timestamp":"2025-04-26 22:46:48","url":"/api/v1/posts","userAgent":"PostmanRuntime/7.43.3"}
{"duration":380,"level":"info","message":"Request completed","method":"POST","requestId":"f0f1bcd1-486c-4c73-abb4-0321b01e2768","service":"api-service","status":400,"timestamp":"2025-04-26 22:46:48","url":"/api/v1/posts"}
{"ip":"::1","level":"info","message":"Incoming request","method":"POST","requestId":"7ba00931-3b28-4e54-92b0-d98c45d0e66e","service":"api-service","timestamp":"2025-04-26 22:46:57","url":"/api/v1/posts","userAgent":"PostmanRuntime/7.43.3"}
{"duration":319,"level":"info","message":"Request completed","method":"POST","requestId":"7ba00931-3b28-4e54-92b0-d98c45d0e66e","service":"api-service","status":408,"timestamp":"2025-04-26 22:46:57","url":"/api/v1/posts"}
{"ip":"::1","level":"info","message":"Incoming request","method":"POST","requestId":"e46896e0-bc3a-4b02-bfb3-a1ed452eea3e","service":"api-service","timestamp":"2025-04-26 22:47:02","url":"/api/v1/posts","userAgent":"PostmanRuntime/7.43.3"}
{"duration":280,"level":"info","message":"Request completed","method":"POST","requestId":"e46896e0-bc3a-4b02-bfb3-a1ed452eea3e","service":"api-service","status":408,"timestamp":"2025-04-26 22:47:02","url":"/api/v1/posts"}
{"ip":"::1","level":"info","message":"Incoming request","method":"POST","requestId":"85035e1d-e356-4f2e-9dad-99cd6652cdf7","service":"api-service","timestamp":"2025-04-26 22:47:16","url":"/api/v1/posts","userAgent":"PostmanRuntime/7.43.3"}
{"duration":480,"level":"info","message":"Request completed","method":"POST","requestId":"85035e1d-e356-4f2e-9dad-99cd6652cdf7","service":"api-service","status":400,"timestamp":"2025-04-26 22:47:16","url":"/api/v1/posts"}
{"ip":"::1","level":"info","message":"Incoming request","method":"POST","requestId":"f56e0ec4-4aa6-41c4-8069-caafe13a817e","service":"api-service","timestamp":"2025-04-26 22:47:25","url":"/api/v1/posts","userAgent":"PostmanRuntime/7.43.3"}
{"duration":850,"level":"info","message":"Request completed","method":"POST","requestId":"f56e0ec4-4aa6-41c4-8069-caafe13a817e","service":"api-service","status":400,"timestamp":"2025-04-26 22:47:26","url":"/api/v1/posts"}
{"ip":"::1","level":"info","message":"Incoming request","method":"POST","requestId":"060725e4-8b9b-414f-94cf-7729488cb377","service":"api-service","timestamp":"2025-04-26 22:47:31","url":"/api/v1/posts","userAgent":"PostmanRuntime/7.43.3"}
{"duration":749,"level":"info","message":"Request completed","method":"POST","requestId":"060725e4-8b9b-414f-94cf-7729488cb377","service":"api-service","status":400,"timestamp":"2025-04-26 22:47:32","url":"/api/v1/posts"}
{"ip":"::1","level":"info","message":"Incoming request","method":"GET","requestId":"f963172a-6b46-4e70-beb7-daa571402383","service":"api-service","timestamp":"2025-04-26 22:47:37","url":"/api/v1/posts","userAgent":"PostmanRuntime/7.43.3"}
{"duration":185,"level":"info","message":"Request completed","method":"GET","requestId":"f963172a-6b46-4e70-beb7-daa571402383","service":"api-service","status":200,"timestamp":"2025-04-26 22:47:37","url":"/api/v1/posts"}
{"ip":"::1","level":"info","message":"Incoming request","method":"POST","requestId":"2a83fd0f-f0f0-4bb9-a350-7978aeb1537a","service":"api-service","timestamp":"2025-04-26 22:48:21","url":"/api/v1/posts","userAgent":"PostmanRuntime/7.43.3"}
{"duration":437,"level":"info","message":"Request completed","method":"POST","requestId":"2a83fd0f-f0f0-4bb9-a350-7978aeb1537a","service":"api-service","status":400,"timestamp":"2025-04-26 22:48:22","url":"/api/v1/posts"}
{"ip":"::1","level":"info","message":"Incoming request","method":"POST","requestId":"e445ceed-4ba2-47c9-841f-e93c8fafed51","service":"api-service","timestamp":"2025-04-26 22:48:39","url":"/api/v1/posts","userAgent":"PostmanRuntime/7.43.3"}
{"duration":505,"level":"info","message":"Request completed","method":"POST","requestId":"e445ceed-4ba2-47c9-841f-e93c8fafed51","service":"api-service","status":400,"timestamp":"2025-04-26 22:48:39","url":"/api/v1/posts"}
{"ip":"::1","level":"info","message":"Incoming request","method":"POST","requestId":"7aea96af-212b-4ec9-88e8-8744f576d07c","service":"api-service","timestamp":"2025-04-26 22:48:50","url":"/api/v1/posts","userAgent":"PostmanRuntime/7.43.3"}
{"duration":497,"level":"info","message":"Request completed","method":"POST","requestId":"7aea96af-212b-4ec9-88e8-8744f576d07c","service":"api-service","status":400,"timestamp":"2025-04-26 22:48:51","url":"/api/v1/posts"}
{"ip":"::1","level":"info","message":"Incoming request","method":"POST","requestId":"1b669623-e267-43d8-b116-22354a0f1d7d","service":"api-service","timestamp":"2025-04-26 22:48:59","url":"/api/v1/posts","userAgent":"PostmanRuntime/7.43.3"}
{"duration":50033,"level":"info","message":"Request completed","method":"POST","requestId":"1b669623-e267-43d8-b116-22354a0f1d7d","service":"api-service","status":400,"timestamp":"2025-04-26 22:49:49","url":"/api/v1/posts"}
{"ip":"::1","level":"info","message":"Incoming request","method":"POST","requestId":"53c72b2f-584a-4855-a9cd-3680f6d0921b","service":"api-service","timestamp":"2025-04-26 22:50:17","url":"/api/v1/posts","userAgent":"PostmanRuntime/7.43.3"}
{"duration":643,"level":"info","message":"Request completed","method":"POST","requestId":"53c72b2f-584a-4855-a9cd-3680f6d0921b","service":"api-service","status":200,"timestamp":"2025-04-26 22:50:18","url":"/api/v1/posts"}
{"ip":"::1","level":"info","message":"Incoming request","method":"GET","requestId":"9b18adcb-6eca-43b7-ab07-9fc9ba536f6d","service":"api-service","timestamp":"2025-04-26 22:50:25","url":"/api/v1/posts","userAgent":"PostmanRuntime/7.43.3"}
{"duration":230,"level":"info","message":"Request completed","method":"GET","requestId":"9b18adcb-6eca-43b7-ab07-9fc9ba536f6d","service":"api-service","status":200,"timestamp":"2025-04-26 22:50:25","url":"/api/v1/posts"}
{"ip":"::1","level":"info","message":"Incoming request","method":"GET","requestId":"2c9008e2-3f1c-465e-95bc-3d531c7813c1","service":"api-service","timestamp":"2025-04-26 22:52:21","url":"/api/v1/posts","userAgent":"PostmanRuntime/7.43.3"}
{"duration":252,"level":"info","message":"Request completed","method":"GET","requestId":"2c9008e2-3f1c-465e-95bc-3d531c7813c1","service":"api-service","status":200,"timestamp":"2025-04-26 22:52:21","url":"/api/v1/posts"}
{"ip":"::1","level":"info","message":"Incoming request","method":"GET","requestId":"3f464460-11f7-4d66-a93e-c41c97e77979","service":"api-service","timestamp":"2025-04-27 23:08:57","url":"/api/v1/posts","userAgent":"PostmanRuntime/7.43.3"}
{"ip":"::1","level":"info","message":"Incoming request","method":"GET","requestId":"fb6735b4-1eb8-464a-9f5c-5d962dfd7c2a","service":"api-service","timestamp":"2025-04-27 23:10:03","url":"/api/v1/posts","userAgent":"PostmanRuntime/7.43.3"}
{"ip":"::1","level":"info","message":"Incoming request","method":"GET","requestId":"193937fa-2382-459f-a457-0710447d1f45","service":"api-service","timestamp":"2025-04-27 23:10:58","url":"/api/v1/posts","userAgent":"PostmanRuntime/7.43.3"}
{"ip":"::1","level":"info","message":"Incoming request","method":"GET","requestId":"800c848b-c37e-43e0-9b26-90c4f324a77f","service":"api-service","timestamp":"2025-04-27 23:15:31","url":"/api/v1/posts","userAgent":"PostmanRuntime/7.43.3"}
{"ip":"::1","level":"info","message":"Incoming request","method":"GET","requestId":"2a961306-0818-444b-bfe5-1195932fabf6","service":"api-service","timestamp":"2025-04-27 23:21:02","url":"/api/v1/posts","userAgent":"PostmanRuntime/7.43.3"}
{"ip":"::1","level":"info","message":"Incoming request","method":"GET","requestId":"5ab8563b-7d45-458e-b964-7d93becf0fa1","service":"api-service","timestamp":"2025-04-27 23:23:46","url":"/api/v1/posts","userAgent":"PostmanRuntime/7.43.3"}
{"ip":"::1","level":"info","message":"Incoming request","method":"GET","requestId":"c9830984-c93d-4903-b8ee-e665e5b075b9","service":"api-service","timestamp":"2025-04-27 23:24:51","url":"/api/v1/posts","userAgent":"PostmanRuntime/7.43.3"}
{"ip":"::1","level":"info","message":"Incoming request","method":"GET","requestId":"dff9a652-f6af-49cd-9976-7061d20bceaa","service":"api-service","timestamp":"2025-04-27 23:27:10","url":"/api/v1/posts","userAgent":"PostmanRuntime/7.43.3"}
{"ip":"::1","level":"info","message":"Incoming request","method":"GET","requestId":"15885609-2a47-4530-b921-d51eeda43018","service":"api-service","timestamp":"2025-04-27 23:29:53","url":"/api/v1/posts","userAgent":"PostmanRuntime/7.43.3"}
{"ip":"::1","level":"info","message":"Incoming request","method":"GET","requestId":"2a96d9ed-0eb4-4e31-a143-ea0dea3c90af","service":"api-service","timestamp":"2025-04-27 23:30:43","url":"/api/v1/posts","userAgent":"PostmanRuntime/7.43.3"}
{"ip":"::1","level":"info","message":"Incoming request","method":"GET","requestId":"455370ee-ab08-441d-bfb3-0bc402c945f9","service":"api-service","timestamp":"2025-04-27 23:31:23","url":"/api/v1/posts","userAgent":"PostmanRuntime/7.43.3"}
{"duration":179,"level":"info","message":"Request completed","method":"GET","requestId":"455370ee-ab08-441d-bfb3-0bc402c945f9","service":"api-service","status":400,"timestamp":"2025-04-27 23:31:24","url":"/api/v1/posts"}
{"ip":"::1","level":"info","message":"Incoming request","method":"GET","requestId":"9642a8c4-57ca-4598-8089-87751e66430d","service":"api-service","timestamp":"2025-04-27 23:33:09","url":"/api/v1/posts","userAgent":"PostmanRuntime/7.43.3"}
{"duration":349,"level":"info","message":"Request completed","method":"GET","requestId":"9642a8c4-57ca-4598-8089-87751e66430d","service":"api-service","status":400,"timestamp":"2025-04-27 23:33:09","url":"/api/v1/posts"}
{"ip":"::1","level":"info","message":"Incoming request","method":"GET","requestId":"8dbc7c76-c312-4c79-a8e8-152374fcc47f","service":"api-service","timestamp":"2025-04-27 23:36:11","url":"/api/v1/posts","userAgent":"PostmanRuntime/7.43.3"}
{"ip":"::1","level":"info","message":"Incoming request","method":"GET","requestId":"c73f1df9-8b0a-4c54-992b-0bb081b23d7e","service":"api-service","timestamp":"2025-04-27 23:39:35","url":"/api/v1/posts","userAgent":"PostmanRuntime/7.43.3"}
{"duration":19228,"level":"info","message":"Request completed","method":"GET","requestId":"c73f1df9-8b0a-4c54-992b-0bb081b23d7e","service":"api-service","status":500,"timestamp":"2025-04-27 23:39:54","url":"/api/v1/posts"}
{"duration":19228,"level":"error","message":"Server error","method":"GET","requestId":"c73f1df9-8b0a-4c54-992b-0bb081b23d7e","service":"api-service","status":500,"timestamp":"2025-04-27 23:39:54","url":"/api/v1/posts"}
{"ip":"::1","level":"info","message":"Incoming request","method":"GET","requestId":"9e5fcd13-ce3c-4954-8a99-34b540dee58f","service":"api-service","timestamp":"2025-04-27 23:48:24","url":"/api/v1/posts","userAgent":"PostmanRuntime/7.43.3"}
{"duration":17813,"level":"info","message":"Request completed","method":"GET","requestId":"9e5fcd13-ce3c-4954-8a99-34b540dee58f","service":"api-service","status":200,"timestamp":"2025-04-27 23:48:42","url":"/api/v1/posts"}
{"ip":"::1","level":"info","message":"Incoming request","method":"POST","requestId":"c404febd-bf85-498a-b702-604c76d6d0db","service":"api-service","timestamp":"2025-04-28 22:33:33","url":"/api/v1/auth/login","userAgent":"PostmanRuntime/7.43.3"}
{"duration":599,"level":"info","message":"Request completed","method":"POST","requestId":"c404febd-bf85-498a-b702-604c76d6d0db","service":"api-service","status":200,"timestamp":"2025-04-28 22:33:34","url":"/api/v1/auth/login"}
{"ip":"::1","level":"info","message":"Incoming request","method":"POST","requestId":"1b922093-f709-4733-a93f-8868f00bd69b","service":"api-service","timestamp":"2025-04-28 22:34:03","url":"/api/v1/auth/login","userAgent":"PostmanRuntime/7.43.3"}
{"ip":"::1","level":"info","message":"Incoming request","method":"POST","requestId":"bb22bf4f-8c28-43a8-8863-f44afa767eed","service":"api-service","timestamp":"2025-04-28 22:39:13","url":"/api/v1/auth/login","userAgent":"PostmanRuntime/7.43.3"}
{"duration":7371,"level":"info","message":"Request completed","method":"POST","requestId":"bb22bf4f-8c28-43a8-8863-f44afa767eed","service":"api-service","status":200,"timestamp":"2025-04-28 22:39:20","url":"/api/v1/auth/login"}
{"ip":"::1","level":"info","message":"Incoming request","method":"POST","requestId":"e7c5bd2d-cfbb-4352-a3fc-6e05dab772ab","service":"api-service","timestamp":"2025-04-28 22:40:40","url":"/api/v1/auth/login","userAgent":"PostmanRuntime/7.43.3"}
{"duration":649,"level":"info","message":"Request completed","method":"POST","requestId":"e7c5bd2d-cfbb-4352-a3fc-6e05dab772ab","service":"api-service","status":200,"timestamp":"2025-04-28 22:40:41","url":"/api/v1/auth/login"}
{"ip":"::1","level":"info","message":"Incoming request","method":"GET","requestId":"6d646df9-7b30-4a4b-872e-5fdce8764845","service":"api-service","timestamp":"2025-04-30 22:46:12","url":"/api/v1/user/profile/7","userAgent":"PostmanRuntime/7.43.3"}
{"duration":1073,"level":"info","message":"Request completed","method":"GET","requestId":"6d646df9-7b30-4a4b-872e-5fdce8764845","service":"api-service","status":200,"timestamp":"2025-04-30 22:46:13","url":"/api/v1/user/profile/7"}
{"ip":"::1","level":"info","message":"Incoming request","method":"GET","requestId":"cc6dcc54-e904-470a-8c6e-06c85b81195c","service":"api-service","timestamp":"2025-04-30 22:46:26","url":"/api/v1/user/profile/7","userAgent":"PostmanRuntime/7.43.3"}
{"duration":27767,"level":"info","message":"Request completed","method":"GET","requestId":"cc6dcc54-e904-470a-8c6e-06c85b81195c","service":"api-service","status":200,"timestamp":"2025-04-30 22:46:53","url":"/api/v1/user/profile/7"}
{"ip":"::1","level":"info","message":"Incoming request","method":"GET","requestId":"d37faf59-02bc-40aa-9e95-0f527ca81c52","service":"api-service","timestamp":"2025-04-30 22:47:06","url":"/api/v1/user/profile/32","userAgent":"PostmanRuntime/7.43.3"}
{"duration":17036,"level":"info","message":"Request completed","method":"GET","requestId":"d37faf59-02bc-40aa-9e95-0f527ca81c52","service":"api-service","status":200,"timestamp":"2025-04-30 22:47:23","url":"/api/v1/user/profile/32"}
{"ip":"::1","level":"info","message":"Incoming request","method":"GET","requestId":"f872b033-9c34-486c-a650-4791a8fdf0d2","service":"api-service","timestamp":"2025-04-30 22:47:30","url":"/api/v1/user/profile/32","userAgent":"PostmanRuntime/7.43.3"}
{"ip":"::1","level":"info","message":"Incoming request","method":"GET","requestId":"0c02fd35-d6fe-4e3b-83ff-282677920e41","service":"api-service","timestamp":"2025-04-30 22:56:18","url":"/api/v1/payments/update-status","userAgent":"PostmanRuntime/7.43.3"}
{"duration":28,"level":"info","message":"Request completed","method":"GET","requestId":"0c02fd35-d6fe-4e3b-83ff-282677920e41","service":"api-service","status":404,"timestamp":"2025-04-30 22:56:18","url":"/api/v1/payments/update-status"}
{"ip":"::1","level":"info","message":"Incoming request","method":"POST","requestId":"7d8ca206-4813-4e65-b306-9842f67eb39a","service":"api-service","timestamp":"2025-04-30 22:56:44","url":"/api/v1/payments/update-status","userAgent":"PostmanRuntime/7.43.3"}
{"duration":466,"level":"info","message":"Request completed","method":"POST","requestId":"7d8ca206-4813-4e65-b306-9842f67eb39a","service":"api-service","status":400,"timestamp":"2025-04-30 22:56:45","url":"/api/v1/payments/update-status"}
{"ip":"::1","level":"info","message":"Incoming request","method":"POST","requestId":"f37a7c1b-55b6-40c4-999a-ea1f673b4207","service":"api-service","timestamp":"2025-04-30 22:57:09","url":"/api/v1/payments/update-status","userAgent":"PostmanRuntime/7.43.3"}
{"duration":367,"level":"info","message":"Request completed","method":"POST","requestId":"f37a7c1b-55b6-40c4-999a-ea1f673b4207","service":"api-service","status":400,"timestamp":"2025-04-30 22:57:09","url":"/api/v1/payments/update-status"}
{"ip":"::1","level":"info","message":"Incoming request","method":"POST","requestId":"848e9f37-3a36-4958-9f4f-47a1586516e4","service":"api-service","timestamp":"2025-04-30 22:57:20","url":"/api/v1/payments/update-status","userAgent":"PostmanRuntime/7.43.3"}
{"duration":620,"level":"info","message":"Request completed","method":"POST","requestId":"848e9f37-3a36-4958-9f4f-47a1586516e4","service":"api-service","status":200,"timestamp":"2025-04-30 22:57:21","url":"/api/v1/payments/update-status"}
{"ip":"::1","level":"info","message":"Incoming request","method":"POST","requestId":"4dedf43a-13e5-48ae-a5a8-4ef67b7639ff","service":"api-service","timestamp":"2025-04-30 23:00:38","url":"/api/v1/payments","userAgent":"PostmanRuntime/7.43.3"}
{"duration":55616,"level":"info","message":"Request completed","method":"POST","requestId":"4dedf43a-13e5-48ae-a5a8-4ef67b7639ff","service":"api-service","status":200,"timestamp":"2025-04-30 23:01:33","url":"/api/v1/payments"}
{"ip":"::1","level":"info","message":"Incoming request","method":"POST","requestId":"7db2d354-bef6-4982-bd91-8f10fdf28aad","service":"api-service","timestamp":"2025-04-30 23:02:30","url":"/api/v1/payments/update-status","userAgent":"PostmanRuntime/7.43.3"}
{"ip":"::1","level":"info","message":"Incoming request","method":"POST","requestId":"b2826bce-6455-4d35-b971-fb6da92dbae2","service":"api-service","timestamp":"2025-04-30 23:04:47","url":"/api/v1/payments/update-status","userAgent":"PostmanRuntime/7.43.3"}
{"duration":45173,"level":"info","message":"Request completed","method":"POST","requestId":"b2826bce-6455-4d35-b971-fb6da92dbae2","service":"api-service","status":200,"timestamp":"2025-04-30 23:05:33","url":"/api/v1/payments/update-status"}
{"ip":"::1","level":"info","message":"Incoming request","method":"GET","requestId":"5981a645-f881-4ab9-ba10-1f9a3400447b","service":"api-service","timestamp":"2025-04-30 23:12:59","url":"/api/v1/user/profile/32","userAgent":"PostmanRuntime/7.43.3"}
{"duration":493,"level":"info","message":"Request completed","method":"GET","requestId":"5981a645-f881-4ab9-ba10-1f9a3400447b","service":"api-service","status":404,"timestamp":"2025-04-30 23:12:59","url":"/api/v1/user/profile/32"}
{"ip":"::1","level":"info","message":"Incoming request","method":"GET","requestId":"103b13c7-c6d8-4409-baaa-484e5f165570","service":"api-service","timestamp":"2025-04-30 23:13:14","url":"/api/v1/user/profile/7","userAgent":"PostmanRuntime/7.43.3"}
{"duration":488,"level":"info","message":"Request completed","method":"GET","requestId":"103b13c7-c6d8-4409-baaa-484e5f165570","service":"api-service","status":200,"timestamp":"2025-04-30 23:13:15","url":"/api/v1/user/profile/7"}
{"ip":"::1","level":"info","message":"Incoming request","method":"POST","requestId":"5a3a58b9-ac9c-4021-8b8d-53c93d471a85","service":"api-service","timestamp":"2025-05-01 19:30:32","url":"/api/v1/auth/verify-otp","userAgent":"PostmanRuntime/7.43.4"}
{"duration":47,"level":"info","message":"Request completed","method":"POST","requestId":"5a3a58b9-ac9c-4021-8b8d-53c93d471a85","service":"api-service","status":500,"timestamp":"2025-05-01 19:30:32","url":"/api/v1/auth/verify-otp"}
{"duration":47,"level":"error","message":"Server error","method":"POST","requestId":"5a3a58b9-ac9c-4021-8b8d-53c93d471a85","service":"api-service","status":500,"timestamp":"2025-05-01 19:30:32","url":"/api/v1/auth/verify-otp"}
{"ip":"::1","level":"info","message":"Incoming request","method":"POST","requestId":"1bc46291-af14-46b3-a9c4-0d7c012c8d28","service":"api-service","timestamp":"2025-05-01 19:32:26","url":"/api/v1/auth/verify-otp","userAgent":"PostmanRuntime/7.43.4"}
{"duration":473,"level":"info","message":"Request completed","method":"POST","requestId":"1bc46291-af14-46b3-a9c4-0d7c012c8d28","service":"api-service","status":400,"timestamp":"2025-05-01 19:32:27","url":"/api/v1/auth/verify-otp"}
{"ip":"::1","level":"info","message":"Incoming request","method":"POST","requestId":"92e4933b-e5b9-41ad-807f-e1be3bade980","service":"api-service","timestamp":"2025-05-01 19:32:57","url":"/api/v1/auth/verify-otp","userAgent":"PostmanRuntime/7.43.4"}
{"duration":312,"level":"info","message":"Request completed","method":"POST","requestId":"92e4933b-e5b9-41ad-807f-e1be3bade980","service":"api-service","status":400,"timestamp":"2025-05-01 19:32:58","url":"/api/v1/auth/verify-otp"}
{"ip":"::1","level":"info","message":"Incoming request","method":"POST","requestId":"9cde77e5-6dd4-479f-b32c-c8f5acb7e9b7","service":"api-service","timestamp":"2025-05-01 19:33:04","url":"/api/v1/auth/verify-otp","userAgent":"PostmanRuntime/7.43.4"}
{"duration":265,"level":"info","message":"Request completed","method":"POST","requestId":"9cde77e5-6dd4-479f-b32c-c8f5acb7e9b7","service":"api-service","status":400,"timestamp":"2025-05-01 19:33:04","url":"/api/v1/auth/verify-otp"}
{"ip":"::1","level":"info","message":"Incoming request","method":"POST","requestId":"42055388-4420-4c01-8594-b994a0b61460","service":"api-service","timestamp":"2025-05-01 19:33:38","url":"/api/v1/auth/verify-otp","userAgent":"PostmanRuntime/7.43.4"}
{"duration":291,"level":"info","message":"Request completed","method":"POST","requestId":"42055388-4420-4c01-8594-b994a0b61460","service":"api-service","status":400,"timestamp":"2025-05-01 19:33:38","url":"/api/v1/auth/verify-otp"}
{"ip":"::1","level":"info","message":"Incoming request","method":"POST","requestId":"fb2f2886-5389-4868-a712-027b817f8161","service":"api-service","timestamp":"2025-05-01 19:36:46","url":"/api/v1/auth/verify-otp","userAgent":"PostmanRuntime/7.43.4"}
{"duration":7666,"level":"info","message":"Request completed","method":"POST","requestId":"fb2f2886-5389-4868-a712-027b817f8161","service":"api-service","status":400,"timestamp":"2025-05-01 19:36:53","url":"/api/v1/auth/verify-otp"}
{"ip":"::1","level":"info","message":"Incoming request","method":"POST","requestId":"dbdfeb58-1443-43d1-bff6-b56b11537eae","service":"api-service","timestamp":"2025-05-01 19:37:00","url":"/api/v1/auth/verify-otp","userAgent":"PostmanRuntime/7.43.4"}
{"duration":13127,"level":"info","message":"Request completed","method":"POST","requestId":"dbdfeb58-1443-43d1-bff6-b56b11537eae","service":"api-service","status":400,"timestamp":"2025-05-01 19:37:13","url":"/api/v1/auth/verify-otp"}
{"ip":"::1","level":"info","message":"Incoming request","method":"POST","requestId":"0a558f2f-a720-41c0-aea8-a6d04ccb2765","service":"api-service","timestamp":"2025-05-01 19:41:27","url":"/api/v1/auth/request-otp","userAgent":"PostmanRuntime/7.43.4"}
{"duration":16502,"level":"info","message":"Request completed","method":"POST","requestId":"0a558f2f-a720-41c0-aea8-a6d04ccb2765","service":"api-service","status":200,"timestamp":"2025-05-01 19:41:44","url":"/api/v1/auth/request-otp"}
{"ip":"::1","level":"info","message":"Incoming request","method":"POST","requestId":"c11b724f-b305-4ea1-b37e-35514e1b105c","service":"api-service","timestamp":"2025-05-01 19:41:56","url":"/api/v1/auth/verify-otp","userAgent":"PostmanRuntime/7.43.4"}
{"duration":9708,"level":"info","message":"Request completed","method":"POST","requestId":"c11b724f-b305-4ea1-b37e-35514e1b105c","service":"api-service","status":500,"timestamp":"2025-05-01 19:42:06","url":"/api/v1/auth/verify-otp"}
{"duration":9708,"level":"error","message":"Server error","method":"POST","requestId":"c11b724f-b305-4ea1-b37e-35514e1b105c","service":"api-service","status":500,"timestamp":"2025-05-01 19:42:06","url":"/api/v1/auth/verify-otp"}
{"ip":"::1","level":"info","message":"Incoming request","method":"POST","requestId":"9c12973b-d4dc-4deb-b8d8-119772a33566","service":"api-service","timestamp":"2025-05-01 19:43:52","url":"/api/v1/auth/verify-otp","userAgent":"PostmanRuntime/7.43.4"}
{"duration":387,"level":"info","message":"Request completed","method":"POST","requestId":"9c12973b-d4dc-4deb-b8d8-119772a33566","service":"api-service","status":400,"timestamp":"2025-05-01 19:43:53","url":"/api/v1/auth/verify-otp"}
{"ip":"::1","level":"info","message":"Incoming request","method":"POST","requestId":"1c1ed0ff-fb93-4793-87e1-e53edbd1ac55","service":"api-service","timestamp":"2025-05-01 19:43:59","url":"/api/v1/auth/request-otp","userAgent":"PostmanRuntime/7.43.4"}
{"duration":7292,"level":"info","message":"Request completed","method":"POST","requestId":"1c1ed0ff-fb93-4793-87e1-e53edbd1ac55","service":"api-service","status":200,"timestamp":"2025-05-01 19:44:06","url":"/api/v1/auth/request-otp"}
{"ip":"::1","level":"info","message":"Incoming request","method":"POST","requestId":"1737b5af-b3b0-47bc-bca3-39a87cfd0788","service":"api-service","timestamp":"2025-05-01 19:45:04","url":"/api/v1/auth/verify-otp","userAgent":"PostmanRuntime/7.43.4"}
{"duration":1481,"level":"info","message":"Request completed","method":"POST","requestId":"1737b5af-b3b0-47bc-bca3-39a87cfd0788","service":"api-service","status":500,"timestamp":"2025-05-01 19:45:06","url":"/api/v1/auth/verify-otp"}
{"duration":1481,"level":"error","message":"Server error","method":"POST","requestId":"1737b5af-b3b0-47bc-bca3-39a87cfd0788","service":"api-service","status":500,"timestamp":"2025-05-01 19:45:06","url":"/api/v1/auth/verify-otp"}
{"ip":"::1","level":"info","message":"Incoming request","method":"POST","requestId":"3a5aa1cc-271d-4853-bb9f-ad87f07bd8d8","service":"api-service","timestamp":"2025-05-01 19:52:30","url":"/api/v1/auth/request-otp","userAgent":"PostmanRuntime/7.43.4"}
{"duration":599,"level":"info","message":"Request completed","method":"POST","requestId":"3a5aa1cc-271d-4853-bb9f-ad87f07bd8d8","service":"api-service","status":200,"timestamp":"2025-05-01 19:52:31","url":"/api/v1/auth/request-otp"}
{"ip":"::1","level":"info","message":"Incoming request","method":"POST","requestId":"f0c4f8ee-c42b-4d31-8bd5-56f1a40b9764","service":"api-service","timestamp":"2025-05-01 19:52:50","url":"/api/v1/auth/verify-otp","userAgent":"PostmanRuntime/7.43.4"}
{"duration":32,"level":"info","message":"Request completed","method":"POST","requestId":"f0c4f8ee-c42b-4d31-8bd5-56f1a40b9764","service":"api-service","status":400,"timestamp":"2025-05-01 19:52:50","url":"/api/v1/auth/verify-otp"}
{"ip":"::1","level":"info","message":"Incoming request","method":"POST","requestId":"bd92713a-ecdf-4796-8502-1403b546953a","service":"api-service","timestamp":"2025-05-01 19:53:04","url":"/api/v1/auth/verify-otp","userAgent":"PostmanRuntime/7.43.4"}
{"duration":8680,"level":"info","message":"Request completed","method":"POST","requestId":"bd92713a-ecdf-4796-8502-1403b546953a","service":"api-service","status":200,"timestamp":"2025-05-01 19:53:12","url":"/api/v1/auth/verify-otp"}
{"ip":"::1","level":"info","message":"Incoming request","method":"PUT","requestId":"1af250e8-8ab7-4a85-ac63-ee141f67a284","service":"api-service","timestamp":"2025-05-01 19:59:46","url":"/api/v1/users/me","userAgent":"PostmanRuntime/7.43.4"}
{"duration":21,"level":"info","message":"Request completed","method":"PUT","requestId":"1af250e8-8ab7-4a85-ac63-ee141f67a284","service":"api-service","status":404,"timestamp":"2025-05-01 19:59:46","url":"/api/v1/users/me"}
{"ip":"::1","level":"info","message":"Incoming request","method":"PUT","requestId":"0b93ff90-76cb-4f5e-80cd-775e03133e96","service":"api-service","timestamp":"2025-05-01 20:00:40","url":"/api/v1/users/me","userAgent":"PostmanRuntime/7.43.4"}
{"duration":31,"level":"info","message":"Request completed","method":"PUT","requestId":"0b93ff90-76cb-4f5e-80cd-775e03133e96","service":"api-service","status":404,"timestamp":"2025-05-01 20:00:40","url":"/api/v1/users/me"}
{"ip":"::1","level":"info","message":"Incoming request","method":"PUT","requestId":"7db472b3-bb51-4a15-92bc-896ad655db54","service":"api-service","timestamp":"2025-05-01 20:02:36","url":"/api/v1/users/me/update-password","userAgent":"PostmanRuntime/7.43.4"}
{"duration":27,"level":"info","message":"Request completed","method":"PUT","requestId":"7db472b3-bb51-4a15-92bc-896ad655db54","service":"api-service","status":404,"timestamp":"2025-05-01 20:02:37","url":"/api/v1/users/me/update-password"}
{"ip":"::1","level":"info","message":"Incoming request","method":"PUT","requestId":"5d2bd036-7110-4cab-8d96-f6aba71a4ed6","service":"api-service","timestamp":"2025-05-01 20:02:48","url":"/api/v1/user/me","userAgent":"PostmanRuntime/7.43.4"}
{"duration":7,"level":"info","message":"Request completed","method":"PUT","requestId":"5d2bd036-7110-4cab-8d96-f6aba71a4ed6","service":"api-service","status":404,"timestamp":"2025-05-01 20:02:48","url":"/api/v1/user/me"}
{"ip":"::1","level":"info","message":"Incoming request","method":"PUT","requestId":"252e140d-4500-4137-b534-9af589b5fc1b","service":"api-service","timestamp":"2025-05-01 20:02:58","url":"/api/v1/users/me","userAgent":"PostmanRuntime/7.43.4"}
{"duration":982,"level":"info","message":"Request completed","method":"PUT","requestId":"252e140d-4500-4137-b534-9af589b5fc1b","service":"api-service","status":500,"timestamp":"2025-05-01 20:02:59","url":"/api/v1/users/me"}
{"duration":982,"level":"error","message":"Server error","method":"PUT","requestId":"252e140d-4500-4137-b534-9af589b5fc1b","service":"api-service","status":500,"timestamp":"2025-05-01 20:02:59","url":"/api/v1/users/me"}
{"ip":"::1","level":"info","message":"Incoming request","method":"PUT","requestId":"0d1e11f2-994d-4c8e-8645-b12364531f06","service":"api-service","timestamp":"2025-05-01 20:06:52","url":"/api/v1/users/me","userAgent":"PostmanRuntime/7.43.4"}
{"duration":530,"level":"info","message":"Request completed","method":"PUT","requestId":"0d1e11f2-994d-4c8e-8645-b12364531f06","service":"api-service","status":400,"timestamp":"2025-05-01 20:06:52","url":"/api/v1/users/me"}
{"ip":"::1","level":"info","message":"Incoming request","method":"PUT","requestId":"c987c06a-37b7-4ccf-90ab-43171e3835c9","service":"api-service","timestamp":"2025-05-01 20:08:13","url":"/api/v1/users/me","userAgent":"PostmanRuntime/7.43.4"}
{"duration":578,"level":"info","message":"Request completed","method":"PUT","requestId":"c987c06a-37b7-4ccf-90ab-43171e3835c9","service":"api-service","status":400,"timestamp":"2025-05-01 20:08:14","url":"/api/v1/users/me"}
{"ip":"::1","level":"info","message":"Incoming request","method":"PUT","requestId":"0da551cb-df80-4b6e-93d8-100abc67ace5","service":"api-service","timestamp":"2025-05-01 20:08:24","url":"/api/v1/users/me","userAgent":"PostmanRuntime/7.43.4"}
{"duration":559,"level":"info","message":"Request completed","method":"PUT","requestId":"0da551cb-df80-4b6e-93d8-100abc67ace5","service":"api-service","status":400,"timestamp":"2025-05-01 20:08:25","url":"/api/v1/users/me"}
{"ip":"::1","level":"info","message":"Incoming request","method":"PUT","requestId":"b74a4c3e-f1fc-48a0-84e7-1d5943c9fcea","service":"api-service","timestamp":"2025-05-01 20:08:31","url":"/api/v1/users/me","userAgent":"PostmanRuntime/7.43.4"}
{"duration":682,"level":"info","message":"Request completed","method":"PUT","requestId":"b74a4c3e-f1fc-48a0-84e7-1d5943c9fcea","service":"api-service","status":200,"timestamp":"2025-05-01 20:08:32","url":"/api/v1/users/me"}
{"ip":"::1","level":"info","message":"Incoming request","method":"POST","requestId":"84fc1756-1b57-4cc5-99a1-b0ceb788402b","service":"api-service","timestamp":"2025-05-01 20:09:59","url":"/api/v1/auth/reset-password","userAgent":"PostmanRuntime/7.43.4"}
{"duration":396,"level":"info","message":"Request completed","method":"POST","requestId":"84fc1756-1b57-4cc5-99a1-b0ceb788402b","service":"api-service","status":200,"timestamp":"2025-05-01 20:10:00","url":"/api/v1/auth/reset-password"}
{"ip":"::1","level":"info","message":"Incoming request","method":"POST","requestId":"0636daf3-8bca-44e7-8f9b-08481137f4f5","service":"api-service","timestamp":"2025-05-01 20:17:46","url":"/api/v1/auth/reset-password","userAgent":"PostmanRuntime/7.43.4"}
{"duration":158,"level":"info","message":"Request completed","method":"POST","requestId":"0636daf3-8bca-44e7-8f9b-08481137f4f5","service":"api-service","status":200,"timestamp":"2025-05-01 20:17:46","url":"/api/v1/auth/reset-password"}
{"ip":"::1","level":"info","message":"Incoming request","method":"POST","requestId":"eefb2d46-f335-4c41-8864-0070a24327b6","service":"api-service","timestamp":"2025-05-01 20:18:05","url":"/api/v1/auth/reset-password","userAgent":"PostmanRuntime/7.43.4"}
{"duration":321,"level":"info","message":"Request completed","method":"POST","requestId":"eefb2d46-f335-4c41-8864-0070a24327b6","service":"api-service","status":200,"timestamp":"2025-05-01 20:18:05","url":"/api/v1/auth/reset-password"}
{"ip":"::1","level":"info","message":"Incoming request","method":"POST","requestId":"c49b71d4-b86c-482c-b061-ec73be9c78bf","service":"api-service","timestamp":"2025-05-01 20:19:14","url":"/api/v1/auth/reset-password","userAgent":"PostmanRuntime/7.43.4"}
{"duration":338,"level":"info","message":"Request completed","method":"POST","requestId":"c49b71d4-b86c-482c-b061-ec73be9c78bf","service":"api-service","status":200,"timestamp":"2025-05-01 20:19:14","url":"/api/v1/auth/reset-password"}
{"ip":"::1","level":"info","message":"Incoming request","method":"GET","requestId":"52f29287-113d-48e5-9685-a5219e0f7d38","service":"api-service","timestamp":"2025-05-01 20:21:09","url":"/api/v1/auth/reset-password/verify","userAgent":"PostmanRuntime/7.43.4"}
{"duration":30,"level":"info","message":"Request completed","method":"GET","requestId":"52f29287-113d-48e5-9685-a5219e0f7d38","service":"api-service","status":404,"timestamp":"2025-05-01 20:21:09","url":"/api/v1/auth/reset-password/verify"}
{"ip":"::1","level":"info","message":"Incoming request","method":"POST","requestId":"cf03e7c8-ad84-4dca-9558-98f935d0204f","service":"api-service","timestamp":"2025-05-01 20:21:27","url":"/api/v1/auth/reset-password/verify","userAgent":"PostmanRuntime/7.43.4"}
{"duration":1773,"level":"info","message":"Request completed","method":"POST","requestId":"cf03e7c8-ad84-4dca-9558-98f935d0204f","service":"api-service","status":200,"timestamp":"2025-05-01 20:21:29","url":"/api/v1/auth/reset-password/verify"}
{"ip":"::1","level":"info","message":"Incoming request","method":"POST","requestId":"4a26f8b5-8e5d-4e02-9554-6f19b5ca7aa3","service":"api-service","timestamp":"2025-05-01 21:22:34","url":"/api/v1/auth/request-otp","userAgent":"PostmanRuntime/7.43.4"}
{"duration":598,"level":"info","message":"Request completed","method":"POST","requestId":"4a26f8b5-8e5d-4e02-9554-6f19b5ca7aa3","service":"api-service","status":200,"timestamp":"2025-05-01 21:22:34","url":"/api/v1/auth/request-otp"}
{"ip":"::1","level":"info","message":"Incoming request","method":"POST","requestId":"1ed67038-55cd-4a84-a654-4cc2f4a22a8a","service":"api-service","timestamp":"2025-05-01 21:22:57","url":"/api/v1/auth/verify-otp","userAgent":"PostmanRuntime/7.43.4"}
{"duration":581,"level":"info","message":"Request completed","method":"POST","requestId":"1ed67038-55cd-4a84-a654-4cc2f4a22a8a","service":"api-service","status":400,"timestamp":"2025-05-01 21:22:58","url":"/api/v1/auth/verify-otp"}
{"ip":"::1","level":"info","message":"Incoming request","method":"POST","requestId":"7b704612-47ed-4524-94ca-a36d69650d5c","service":"api-service","timestamp":"2025-05-01 21:23:19","url":"/api/v1/auth/verify-otp","userAgent":"PostmanRuntime/7.43.4"}
{"duration":1882,"level":"info","message":"Request completed","method":"POST","requestId":"7b704612-47ed-4524-94ca-a36d69650d5c","service":"api-service","status":500,"timestamp":"2025-05-01 21:23:21","url":"/api/v1/auth/verify-otp"}
{"duration":1882,"level":"error","message":"Server error","method":"POST","requestId":"7b704612-47ed-4524-94ca-a36d69650d5c","service":"api-service","status":500,"timestamp":"2025-05-01 21:23:21","url":"/api/v1/auth/verify-otp"}
{"ip":"::1","level":"info","message":"Incoming request","method":"POST","requestId":"ec8d6843-8dba-4ac8-b5f1-d66de473d39f","service":"api-service","timestamp":"2025-05-01 21:23:45","url":"/api/v1/auth/verify-otp","userAgent":"PostmanRuntime/7.43.4"}
{"duration":8841,"level":"info","message":"Request completed","method":"POST","requestId":"ec8d6843-8dba-4ac8-b5f1-d66de473d39f","service":"api-service","status":400,"timestamp":"2025-05-01 21:23:54","url":"/api/v1/auth/verify-otp"}
{"ip":"::1","level":"info","message":"Incoming request","method":"POST","requestId":"9b922021-afee-49a8-8f70-b62f6978d6ab","service":"api-service","timestamp":"2025-05-01 21:24:03","url":"/api/v1/auth/request-otp","userAgent":"PostmanRuntime/7.43.4"}
{"duration":338,"level":"info","message":"Request completed","method":"POST","requestId":"9b922021-afee-49a8-8f70-b62f6978d6ab","service":"api-service","status":200,"timestamp":"2025-05-01 21:24:03","url":"/api/v1/auth/request-otp"}
{"ip":"::1","level":"info","message":"Incoming request","method":"POST","requestId":"59ec2d85-0600-44f2-bab2-4494b00bcc8c","service":"api-service","timestamp":"2025-05-01 21:24:19","url":"/api/v1/auth/verify-otp","userAgent":"PostmanRuntime/7.43.4"}
{"duration":54124,"level":"info","message":"Request completed","method":"POST","requestId":"59ec2d85-0600-44f2-bab2-4494b00bcc8c","service":"api-service","status":500,"timestamp":"2025-05-01 21:25:13","url":"/api/v1/auth/verify-otp"}
{"duration":54124,"level":"error","message":"Server error","method":"POST","requestId":"59ec2d85-0600-44f2-bab2-4494b00bcc8c","service":"api-service","status":500,"timestamp":"2025-05-01 21:25:13","url":"/api/v1/auth/verify-otp"}
{"ip":"::1","level":"info","message":"Incoming request","method":"POST","requestId":"ad9a07a0-b5b1-4801-a913-97ae6b8ee4a2","service":"api-service","timestamp":"2025-05-01 21:26:07","url":"/api/v1/auth/request-otp","userAgent":"PostmanRuntime/7.43.4"}
{"duration":586,"level":"info","message":"Request completed","method":"POST","requestId":"ad9a07a0-b5b1-4801-a913-97ae6b8ee4a2","service":"api-service","status":200,"timestamp":"2025-05-01 21:26:08","url":"/api/v1/auth/request-otp"}
{"ip":"::1","level":"info","message":"Incoming request","method":"POST","requestId":"ae45a14d-1d35-42a1-801b-e48616bd0adc","service":"api-service","timestamp":"2025-05-01 21:26:31","url":"/api/v1/auth/verify-otp","userAgent":"PostmanRuntime/7.43.4"}
{"duration":63500,"level":"info","message":"Request completed","method":"POST","requestId":"ae45a14d-1d35-42a1-801b-e48616bd0adc","service":"api-service","status":500,"timestamp":"2025-05-01 21:27:34","url":"/api/v1/auth/verify-otp"}
{"duration":63500,"level":"error","message":"Server error","method":"POST","requestId":"ae45a14d-1d35-42a1-801b-e48616bd0adc","service":"api-service","status":500,"timestamp":"2025-05-01 21:27:34","url":"/api/v1/auth/verify-otp"}
{"ip":"::1","level":"info","message":"Incoming request","method":"POST","requestId":"332f8e04-48d4-476c-8140-53d208879925","service":"api-service","timestamp":"2025-05-01 21:36:27","url":"/api/v1/auth/request-otp","userAgent":"PostmanRuntime/7.43.4"}
{"duration":570,"level":"info","message":"Request completed","method":"POST","requestId":"332f8e04-48d4-476c-8140-53d208879925","service":"api-service","status":200,"timestamp":"2025-05-01 21:36:27","url":"/api/v1/auth/request-otp"}
{"ip":"::1","level":"info","message":"Incoming request","method":"POST","requestId":"a7f13fdc-64b3-4140-845f-01e07055dac5","service":"api-service","timestamp":"2025-05-01 21:36:45","url":"/api/v1/auth/verify-otp","userAgent":"PostmanRuntime/7.43.4"}
{"duration":25161,"level":"info","message":"Request completed","method":"POST","requestId":"a7f13fdc-64b3-4140-845f-01e07055dac5","service":"api-service","status":200,"timestamp":"2025-05-01 21:37:10","url":"/api/v1/auth/verify-otp"}
{"ip":"::1","level":"info","message":"Incoming request","method":"POST","requestId":"c7ceb303-8c17-4261-9062-766062cac563","service":"api-service","timestamp":"2025-05-01 21:39:08","url":"/api/v1/auth/reset-password/verify","userAgent":"PostmanRuntime/7.43.4"}
{"duration":706,"level":"info","message":"Request completed","method":"POST","requestId":"c7ceb303-8c17-4261-9062-766062cac563","service":"api-service","status":400,"timestamp":"2025-05-01 21:39:08","url":"/api/v1/auth/reset-password/verify"}
{"ip":"::1","level":"info","message":"Incoming request","method":"POST","requestId":"906118a9-dae2-41d6-a3ac-c19b07efe2a9","service":"api-service","timestamp":"2025-05-01 21:39:15","url":"/api/v1/auth/reset-password","userAgent":"PostmanRuntime/7.43.4"}
{"duration":129,"level":"info","message":"Request completed","method":"POST","requestId":"906118a9-dae2-41d6-a3ac-c19b07efe2a9","service":"api-service","status":200,"timestamp":"2025-05-01 21:39:15","url":"/api/v1/auth/reset-password"}
{"ip":"::1","level":"info","message":"Incoming request","method":"POST","requestId":"5a303bcb-cace-4ff0-9189-3a7870710cb7","service":"api-service","timestamp":"2025-05-01 21:39:38","url":"/api/v1/auth/reset-password/verify","userAgent":"PostmanRuntime/7.43.4"}
{"duration":1607,"level":"info","message":"Request completed","method":"POST","requestId":"5a303bcb-cace-4ff0-9189-3a7870710cb7","service":"api-service","status":200,"timestamp":"2025-05-01 21:39:40","url":"/api/v1/auth/reset-password/verify"}
{"ip":"::1","level":"info","message":"Incoming request","method":"PUT","requestId":"8826333e-0dab-41b8-979a-f2452965fb28","service":"api-service","timestamp":"2025-05-01 21:40:03","url":"/api/v1/users/me","userAgent":"PostmanRuntime/7.43.4"}
{"duration":304,"level":"info","message":"Request completed","method":"PUT","requestId":"8826333e-0dab-41b8-979a-f2452965fb28","service":"api-service","status":401,"timestamp":"2025-05-01 21:40:03","url":"/api/v1/users/me"}
{"ip":"::1","level":"info","message":"Incoming request","method":"PUT","requestId":"2bdeba98-2dc7-4240-8342-cdac1009058a","service":"api-service","timestamp":"2025-05-01 21:40:31","url":"/api/v1/users/me","userAgent":"PostmanRuntime/7.43.4"}
{"duration":544,"level":"info","message":"Request completed","method":"PUT","requestId":"2bdeba98-2dc7-4240-8342-cdac1009058a","service":"api-service","status":400,"timestamp":"2025-05-01 21:40:31","url":"/api/v1/users/me"}
{"ip":"::1","level":"info","message":"Incoming request","method":"PUT","requestId":"a339c151-dd8f-4075-a4d3-d70d466204b3","service":"api-service","timestamp":"2025-05-01 21:40:40","url":"/api/v1/users/me","userAgent":"PostmanRuntime/7.43.4"}
{"duration":346,"level":"info","message":"Request completed","method":"PUT","requestId":"a339c151-dd8f-4075-a4d3-d70d466204b3","service":"api-service","status":400,"timestamp":"2025-05-01 21:40:41","url":"/api/v1/users/me"}
{"ip":"::1","level":"info","message":"Incoming request","method":"PUT","requestId":"33f85a7c-7c2d-4df3-8196-1a8f6792eb4c","service":"api-service","timestamp":"2025-05-01 21:40:45","url":"/api/v1/users/me","userAgent":"PostmanRuntime/7.43.4"}
{"duration":666,"level":"info","message":"Request completed","method":"PUT","requestId":"33f85a7c-7c2d-4df3-8196-1a8f6792eb4c","service":"api-service","status":200,"timestamp":"2025-05-01 21:40:46","url":"/api/v1/users/me"}
{"ip":"::1","level":"info","message":"Incoming request","method":"PUT","requestId":"3b83e391-58fb-489a-bab8-eab222a2fac3","service":"api-service","timestamp":"2025-05-01 21:42:48","url":"/api/v1/users/me/update-password","userAgent":"PostmanRuntime/7.43.4"}
{"duration":12,"level":"info","message":"Request completed","method":"PUT","requestId":"3b83e391-58fb-489a-bab8-eab222a2fac3","service":"api-service","status":404,"timestamp":"2025-05-01 21:42:48","url":"/api/v1/users/me/update-password"}
{"ip":"::1","level":"info","message":"Incoming request","method":"POST","requestId":"10b110dc-3513-431f-8e6a-cb4271bfc83e","service":"api-service","timestamp":"2025-05-01 21:43:05","url":"/api/v1/users/me/update-password","userAgent":"PostmanRuntime/7.43.4"}
{"duration":1012,"level":"info","message":"Request completed","method":"POST","requestId":"10b110dc-3513-431f-8e6a-cb4271bfc83e","service":"api-service","status":200,"timestamp":"2025-05-01 21:43:06","url":"/api/v1/users/me/update-password"}
{"ip":"::1","level":"info","message":"Incoming request","method":"POST","requestId":"12c2bdac-443c-4ddf-9ddf-a44d6643f10b","service":"api-service","timestamp":"2025-05-01 21:44:48","url":"/api/v1/conversations","userAgent":"PostmanRuntime/7.43.4"}
{"duration":12502,"level":"info","message":"Request completed","method":"POST","requestId":"12c2bdac-443c-4ddf-9ddf-a44d6643f10b","service":"api-service","status":200,"timestamp":"2025-05-01 21:45:01","url":"/api/v1/conversations"}
{"ip":"::1","level":"info","message":"Incoming request","method":"GET","requestId":"69d125db-6f1b-4f0b-888b-6387868013d9","service":"api-service","timestamp":"2025-05-01 22:22:16","url":"/api/v1/user/profile","userAgent":"PostmanRuntime/7.43.4"}
{"duration":36,"level":"info","message":"Request completed","method":"GET","requestId":"69d125db-6f1b-4f0b-888b-6387868013d9","service":"api-service","status":404,"timestamp":"2025-05-01 22:22:16","url":"/api/v1/user/profile"}
{"ip":"::1","level":"info","message":"Incoming request","method":"GET","requestId":"8e8220da-8fbe-4d0b-a7f2-51d070b4f672","service":"api-service","timestamp":"2025-05-01 22:25:06","url":"/api/v1/users/me/profile","userAgent":"PostmanRuntime/7.43.4"}
{"duration":43,"level":"info","message":"Request completed","method":"GET","requestId":"8e8220da-8fbe-4d0b-a7f2-51d070b4f672","service":"api-service","status":404,"timestamp":"2025-05-01 22:25:06","url":"/api/v1/users/me/profile"}
{"ip":"::1","level":"info","message":"Incoming request","method":"GET","requestId":"d4d1e020-6f3c-46d5-b939-9d2ccd5f37f7","service":"api-service","timestamp":"2025-05-01 22:26:42","url":"/api/v1/users/me/profile","userAgent":"PostmanRuntime/7.43.4"}
{"duration":1043,"level":"info","message":"Request completed","method":"GET","requestId":"d4d1e020-6f3c-46d5-b939-9d2ccd5f37f7","service":"api-service","status":200,"timestamp":"2025-05-01 22:26:43","url":"/api/v1/users/me/profile"}
{"ip":"::1","level":"info","message":"Incoming request","method":"GET","requestId":"a8f5096c-7b75-481d-9a65-206d4d3bca9e","service":"api-service","timestamp":"2025-05-02 10:03:28","url":"/api/v1/payments/user","userAgent":"PostmanRuntime/7.43.4"}
{"duration":491,"level":"info","message":"Request completed","method":"GET","requestId":"a8f5096c-7b75-481d-9a65-206d4d3bca9e","service":"api-service","status":200,"timestamp":"2025-05-02 10:03:29","url":"/api/v1/payments/user"}
{"ip":"::1","level":"info","message":"Incoming request","method":"GET","requestId":"4caa3372-8e6b-42aa-a579-586609206964","service":"api-service","timestamp":"2025-05-02 10:14:10","url":"/api/v1/payments/user","userAgent":"PostmanRuntime/7.43.4"}
{"duration":419,"level":"info","message":"Request completed","method":"GET","requestId":"4caa3372-8e6b-42aa-a579-586609206964","service":"api-service","status":200,"timestamp":"2025-05-02 10:14:10","url":"/api/v1/payments/user"}
{"ip":"::1","level":"info","message":"Incoming request","method":"GET","requestId":"45045008-8a82-4388-a387-267b90597aca","service":"api-service","timestamp":"2025-05-02 10:15:36","url":"/api/v1/payments/user","userAgent":"PostmanRuntime/7.43.4"}
{"duration":515,"level":"info","message":"Request completed","method":"GET","requestId":"45045008-8a82-4388-a387-267b90597aca","service":"api-service","status":200,"timestamp":"2025-05-02 10:15:36","url":"/api/v1/payments/user"}
{"ip":"::1","level":"info","message":"Incoming request","method":"GET","requestId":"1f86dba3-f714-43b6-82c5-6b6447e83682","service":"api-service","timestamp":"2025-05-02 10:18:45","url":"/api/v1/payments/user","userAgent":"PostmanRuntime/7.43.4"}
{"duration":458,"level":"info","message":"Request completed","method":"GET","requestId":"1f86dba3-f714-43b6-82c5-6b6447e83682","service":"api-service","status":200,"timestamp":"2025-05-02 10:18:46","url":"/api/v1/payments/user"}
{"ip":"::1","level":"info","message":"Incoming request","method":"GET","requestId":"f00d2f8c-1617-4384-9a39-7794aadb65b1","service":"api-service","timestamp":"2025-05-02 11:46:49","url":"/api/v1/payments/user","userAgent":"PostmanRuntime/7.43.4"}
{"duration":487,"level":"info","message":"Request completed","method":"GET","requestId":"f00d2f8c-1617-4384-9a39-7794aadb65b1","service":"api-service","status":500,"timestamp":"2025-05-02 11:46:50","url":"/api/v1/payments/user"}
{"duration":487,"level":"error","message":"Server error","method":"GET","requestId":"f00d2f8c-1617-4384-9a39-7794aadb65b1","service":"api-service","status":500,"timestamp":"2025-05-02 11:46:50","url":"/api/v1/payments/user"}
{"ip":"::1","level":"info","message":"Incoming request","method":"GET","requestId":"dc518d08-c626-40ed-b2b3-b5bd4e211ccb","service":"api-service","timestamp":"2025-05-02 11:49:35","url":"/api/v1/payments/user","userAgent":"PostmanRuntime/7.43.4"}
{"duration":552,"level":"info","message":"Request completed","method":"GET","requestId":"dc518d08-c626-40ed-b2b3-b5bd4e211ccb","service":"api-service","status":500,"timestamp":"2025-05-02 11:49:35","url":"/api/v1/payments/user"}
{"duration":552,"level":"error","message":"Server error","method":"GET","requestId":"dc518d08-c626-40ed-b2b3-b5bd4e211ccb","service":"api-service","status":500,"timestamp":"2025-05-02 11:49:35","url":"/api/v1/payments/user"}
{"ip":"::1","level":"info","message":"Incoming request","method":"GET","requestId":"df90e8f8-419c-4eb0-a0df-dbe784d3eaaf","service":"api-service","timestamp":"2025-05-02 11:53:10","url":"/api/v1/payments/user","userAgent":"PostmanRuntime/7.43.4"}
{"duration":228,"level":"info","message":"Request completed","method":"GET","requestId":"df90e8f8-419c-4eb0-a0df-dbe784d3eaaf","service":"api-service","status":200,"timestamp":"2025-05-02 11:53:10","url":"/api/v1/payments/user"}
{"ip":"::1","level":"info","message":"Incoming request","method":"GET","requestId":"a91f0eea-6d46-42f5-b4ae-a5183bf8683e","service":"api-service","timestamp":"2025-05-02 11:54:23","url":"/api/v1/payments/user","userAgent":"PostmanRuntime/7.43.4"}
{"duration":596,"level":"info","message":"Request completed","method":"GET","requestId":"a91f0eea-6d46-42f5-b4ae-a5183bf8683e","service":"api-service","status":200,"timestamp":"2025-05-02 11:54:24","url":"/api/v1/payments/user"}
{"ip":"::1","level":"info","message":"Incoming request","method":"GET","requestId":"7d8e920f-9ef5-4d9a-8e9d-1af8dbde553c","service":"api-service","timestamp":"2025-05-02 19:02:41","url":"/api/v1/api/health","userAgent":"node"}
{"duration":329,"level":"info","message":"Request completed","method":"GET","requestId":"7d8e920f-9ef5-4d9a-8e9d-1af8dbde553c","service":"api-service","status":404,"timestamp":"2025-05-02 19:02:41","url":"/api/v1/api/health"}
{"ip":"::1","level":"info","message":"Incoming request","method":"GET","requestId":"76865bb3-db18-4cd9-a21e-7e412c33e6b4","service":"api-service","timestamp":"2025-05-02 19:02:46","url":"/api/v1/api/health","userAgent":"Mozilla/5.0 (Windows NT 10.0; Win64; x64) AppleWebKit/537.36 (KHTML, like Gecko) Chrome/135.0.0.0 Safari/537.36"}
{"duration":78,"level":"info","message":"Request completed","method":"GET","requestId":"76865bb3-db18-4cd9-a21e-7e412c33e6b4","service":"api-service","status":404,"timestamp":"2025-05-02 19:02:46","url":"/api/v1/api/health"}
{"ip":"::1","level":"info","message":"Incoming request","method":"GET","requestId":"1e4b1c35-8542-45dc-9804-d9f0d2c39e58","service":"api-service","timestamp":"2025-05-02 19:02:46","url":"/api/v1/api/health","userAgent":"Mozilla/5.0 (Windows NT 10.0; Win64; x64) AppleWebKit/537.36 (KHTML, like Gecko) Chrome/135.0.0.0 Safari/537.36"}
{"duration":147,"level":"info","message":"Request completed","method":"GET","requestId":"1e4b1c35-8542-45dc-9804-d9f0d2c39e58","service":"api-service","status":404,"timestamp":"2025-05-02 19:02:46","url":"/api/v1/api/health"}
{"ip":"::1","level":"info","message":"Incoming request","method":"GET","requestId":"1c62221d-c6fb-4a12-a8e1-c60f1b001deb","service":"api-service","timestamp":"2025-05-02 19:03:01","url":"/api/v1/api/health","userAgent":"node"}
{"duration":216,"level":"info","message":"Request completed","method":"GET","requestId":"1c62221d-c6fb-4a12-a8e1-c60f1b001deb","service":"api-service","status":404,"timestamp":"2025-05-02 19:03:01","url":"/api/v1/api/health"}
{"ip":"::1","level":"info","message":"Incoming request","method":"GET","requestId":"8aca4acf-c9db-4b99-b32a-3fd3c768c71d","service":"api-service","timestamp":"2025-05-02 19:03:06","url":"/api/v1/api/health","userAgent":"Mozilla/5.0 (Windows NT 10.0; Win64; x64) AppleWebKit/537.36 (KHTML, like Gecko) Chrome/135.0.0.0 Safari/537.36"}
{"duration":13,"level":"info","message":"Request completed","method":"GET","requestId":"8aca4acf-c9db-4b99-b32a-3fd3c768c71d","service":"api-service","status":404,"timestamp":"2025-05-02 19:03:06","url":"/api/v1/api/health"}
{"ip":"::1","level":"info","message":"Incoming request","method":"GET","requestId":"00344e09-cf40-468d-b8a5-2455c939c34c","service":"api-service","timestamp":"2025-05-02 19:03:06","url":"/api/v1/api/health","userAgent":"Mozilla/5.0 (Windows NT 10.0; Win64; x64) AppleWebKit/537.36 (KHTML, like Gecko) Chrome/135.0.0.0 Safari/537.36"}
{"duration":15,"level":"info","message":"Request completed","method":"GET","requestId":"00344e09-cf40-468d-b8a5-2455c939c34c","service":"api-service","status":404,"timestamp":"2025-05-02 19:03:06","url":"/api/v1/api/health"}
{"ip":"::1","level":"info","message":"Incoming request","method":"POST","requestId":"0d92c12b-7d81-4121-84af-a1e1d8e06f3a","service":"api-service","timestamp":"2025-05-02 19:06:24","url":"/api/v1/v1/auth/login","userAgent":"Mozilla/5.0 (Windows NT 10.0; Win64; x64) AppleWebKit/537.36 (KHTML, like Gecko) Chrome/135.0.0.0 Safari/537.36"}
{"duration":11,"level":"info","message":"Request completed","method":"POST","requestId":"0d92c12b-7d81-4121-84af-a1e1d8e06f3a","service":"api-service","status":404,"timestamp":"2025-05-02 19:06:24","url":"/api/v1/v1/auth/login"}
{"ip":"::1","level":"info","message":"Incoming request","method":"POST","requestId":"a2ed649b-3f7d-4c32-b679-850f95da323b","service":"api-service","timestamp":"2025-05-02 19:06:31","url":"/api/v1/v1/auth/login","userAgent":"Mozilla/5.0 (Windows NT 10.0; Win64; x64) AppleWebKit/537.36 (KHTML, like Gecko) Chrome/135.0.0.0 Safari/537.36"}
{"duration":9,"level":"info","message":"Request completed","method":"POST","requestId":"a2ed649b-3f7d-4c32-b679-850f95da323b","service":"api-service","status":404,"timestamp":"2025-05-02 19:06:31","url":"/api/v1/v1/auth/login"}
{"ip":"::1","level":"info","message":"Incoming request","method":"POST","requestId":"d862f675-6155-42a0-9a3a-de49058ad0a7","service":"api-service","timestamp":"2025-05-02 19:06:39","url":"/api/v1/v1/auth/login","userAgent":"Mozilla/5.0 (Windows NT 10.0; Win64; x64) AppleWebKit/537.36 (KHTML, like Gecko) Chrome/135.0.0.0 Safari/537.36"}
{"duration":14,"level":"info","message":"Request completed","method":"POST","requestId":"d862f675-6155-42a0-9a3a-de49058ad0a7","service":"api-service","status":404,"timestamp":"2025-05-02 19:06:39","url":"/api/v1/v1/auth/login"}
{"ip":"::1","level":"info","message":"Incoming request","method":"POST","requestId":"baa0ede3-faca-42d3-8981-cc0e7d8b57f3","service":"api-service","timestamp":"2025-05-02 19:06:45","url":"/api/v1/v1/auth/login","userAgent":"Mozilla/5.0 (Windows NT 10.0; Win64; x64) AppleWebKit/537.36 (KHTML, like Gecko) Chrome/135.0.0.0 Safari/537.36"}
{"duration":9,"level":"info","message":"Request completed","method":"POST","requestId":"baa0ede3-faca-42d3-8981-cc0e7d8b57f3","service":"api-service","status":404,"timestamp":"2025-05-02 19:06:45","url":"/api/v1/v1/auth/login"}
{"ip":"::1","level":"info","message":"Incoming request","method":"POST","requestId":"046d9de2-b911-4cf1-b3d7-c6248bfe16b1","service":"api-service","timestamp":"2025-05-02 19:06:45","url":"/api/v1/v1/auth/login","userAgent":"Mozilla/5.0 (Windows NT 10.0; Win64; x64) AppleWebKit/537.36 (KHTML, like Gecko) Chrome/135.0.0.0 Safari/537.36"}
{"duration":9,"level":"info","message":"Request completed","method":"POST","requestId":"046d9de2-b911-4cf1-b3d7-c6248bfe16b1","service":"api-service","status":404,"timestamp":"2025-05-02 19:06:45","url":"/api/v1/v1/auth/login"}
{"ip":"::1","level":"info","message":"Incoming request","method":"POST","requestId":"5563df0d-c898-4d61-b8a7-c1e97f877a9a","service":"api-service","timestamp":"2025-05-02 19:06:45","url":"/api/v1/v1/auth/login","userAgent":"Mozilla/5.0 (Windows NT 10.0; Win64; x64) AppleWebKit/537.36 (KHTML, like Gecko) Chrome/135.0.0.0 Safari/537.36"}
{"duration":12,"level":"info","message":"Request completed","method":"POST","requestId":"5563df0d-c898-4d61-b8a7-c1e97f877a9a","service":"api-service","status":404,"timestamp":"2025-05-02 19:06:45","url":"/api/v1/v1/auth/login"}
{"ip":"::1","level":"info","message":"Incoming request","method":"POST","requestId":"833df371-72d7-4f05-8ca1-01026f66675d","service":"api-service","timestamp":"2025-05-02 19:06:46","url":"/api/v1/v1/auth/login","userAgent":"Mozilla/5.0 (Windows NT 10.0; Win64; x64) AppleWebKit/537.36 (KHTML, like Gecko) Chrome/135.0.0.0 Safari/537.36"}
{"duration":15,"level":"info","message":"Request completed","method":"POST","requestId":"833df371-72d7-4f05-8ca1-01026f66675d","service":"api-service","status":404,"timestamp":"2025-05-02 19:06:46","url":"/api/v1/v1/auth/login"}
{"ip":"::1","level":"info","message":"Incoming request","method":"POST","requestId":"264155fa-5db9-4980-bf6d-25da28822cba","service":"api-service","timestamp":"2025-05-02 19:07:50","url":"/api/v1/auth/login","userAgent":"Mozilla/5.0 (Windows NT 10.0; Win64; x64) AppleWebKit/537.36 (KHTML, like Gecko) Chrome/135.0.0.0 Safari/537.36"}
{"duration":946,"level":"info","message":"Request completed","method":"POST","requestId":"264155fa-5db9-4980-bf6d-25da28822cba","service":"api-service","status":400,"timestamp":"2025-05-02 19:07:51","url":"/api/v1/auth/login"}
{"ip":"::1","level":"info","message":"Incoming request","method":"POST","requestId":"0fe0391c-b61e-4286-a52c-76d837f3b173","service":"api-service","timestamp":"2025-05-02 19:07:59","url":"/api/v1/auth/login","userAgent":"Mozilla/5.0 (Windows NT 10.0; Win64; x64) AppleWebKit/537.36 (KHTML, like Gecko) Chrome/135.0.0.0 Safari/537.36"}
{"duration":163,"level":"info","message":"Request completed","method":"POST","requestId":"0fe0391c-b61e-4286-a52c-76d837f3b173","service":"api-service","status":400,"timestamp":"2025-05-02 19:07:59","url":"/api/v1/auth/login"}
{"ip":"::1","level":"info","message":"Incoming request","method":"POST","requestId":"db2efc11-138d-4047-8006-08f8a8622222","service":"api-service","timestamp":"2025-05-02 19:08:03","url":"/api/v1/auth/login","userAgent":"Mozilla/5.0 (Windows NT 10.0; Win64; x64) AppleWebKit/537.36 (KHTML, like Gecko) Chrome/135.0.0.0 Safari/537.36"}
{"duration":175,"level":"info","message":"Request completed","method":"POST","requestId":"db2efc11-138d-4047-8006-08f8a8622222","service":"api-service","status":400,"timestamp":"2025-05-02 19:08:03","url":"/api/v1/auth/login"}
{"ip":"::1","level":"info","message":"Incoming request","method":"POST","requestId":"319c800c-a3b8-41ba-9c9b-a099f70c816e","service":"api-service","timestamp":"2025-05-02 19:08:27","url":"/api/v1/auth/login","userAgent":"Mozilla/5.0 (Windows NT 10.0; Win64; x64) AppleWebKit/537.36 (KHTML, like Gecko) Chrome/135.0.0.0 Safari/537.36"}
{"duration":324,"level":"info","message":"Request completed","method":"POST","requestId":"319c800c-a3b8-41ba-9c9b-a099f70c816e","service":"api-service","status":400,"timestamp":"2025-05-02 19:08:28","url":"/api/v1/auth/login"}
{"ip":"::1","level":"info","message":"Incoming request","method":"POST","requestId":"810fd18e-fa24-418b-8258-e7d3553dd0b3","service":"api-service","timestamp":"2025-05-02 19:08:34","url":"/api/v1/auth/login","userAgent":"Mozilla/5.0 (Windows NT 10.0; Win64; x64) AppleWebKit/537.36 (KHTML, like Gecko) Chrome/135.0.0.0 Safari/537.36"}
{"duration":139,"level":"info","message":"Request completed","method":"POST","requestId":"810fd18e-fa24-418b-8258-e7d3553dd0b3","service":"api-service","status":400,"timestamp":"2025-05-02 19:08:34","url":"/api/v1/auth/login"}
{"ip":"::1","level":"info","message":"Incoming request","method":"POST","requestId":"72f3ff10-aaec-468f-abc1-831c5f6a86f3","service":"api-service","timestamp":"2025-05-02 19:08:37","url":"/api/v1/auth/login","userAgent":"Mozilla/5.0 (Windows NT 10.0; Win64; x64) AppleWebKit/537.36 (KHTML, like Gecko) Chrome/135.0.0.0 Safari/537.36"}
{"duration":146,"level":"info","message":"Request completed","method":"POST","requestId":"72f3ff10-aaec-468f-abc1-831c5f6a86f3","service":"api-service","status":400,"timestamp":"2025-05-02 19:08:37","url":"/api/v1/auth/login"}
{"ip":"::1","level":"info","message":"Incoming request","method":"POST","requestId":"4a2f1d5e-ec67-4849-8346-051d078b5575","service":"api-service","timestamp":"2025-05-02 19:08:38","url":"/api/v1/auth/login","userAgent":"Mozilla/5.0 (Windows NT 10.0; Win64; x64) AppleWebKit/537.36 (KHTML, like Gecko) Chrome/135.0.0.0 Safari/537.36"}
{"duration":153,"level":"info","message":"Request completed","method":"POST","requestId":"4a2f1d5e-ec67-4849-8346-051d078b5575","service":"api-service","status":400,"timestamp":"2025-05-02 19:08:38","url":"/api/v1/auth/login"}
{"ip":"::1","level":"info","message":"Incoming request","method":"POST","requestId":"ec69c6e0-8216-4ec9-a1fc-ec01a0e725e0","service":"api-service","timestamp":"2025-05-02 19:08:52","url":"/api/v1/auth/login","userAgent":"Mozilla/5.0 (Windows NT 10.0; Win64; x64) AppleWebKit/537.36 (KHTML, like Gecko) Chrome/135.0.0.0 Safari/537.36"}
{"duration":276,"level":"info","message":"Request completed","method":"POST","requestId":"ec69c6e0-8216-4ec9-a1fc-ec01a0e725e0","service":"api-service","status":400,"timestamp":"2025-05-02 19:08:53","url":"/api/v1/auth/login"}
{"ip":"::1","level":"info","message":"Incoming request","method":"POST","requestId":"169fd393-9165-45d6-866f-6c9d0bf45014","service":"api-service","timestamp":"2025-05-02 19:09:04","url":"/api/v1/auth/login","userAgent":"Mozilla/5.0 (Windows NT 10.0; Win64; x64) AppleWebKit/537.36 (KHTML, like Gecko) Chrome/135.0.0.0 Safari/537.36"}
{"duration":536,"level":"info","message":"Request completed","method":"POST","requestId":"169fd393-9165-45d6-866f-6c9d0bf45014","service":"api-service","status":400,"timestamp":"2025-05-02 19:09:05","url":"/api/v1/auth/login"}
{"ip":"::1","level":"info","message":"Incoming request","method":"POST","requestId":"ff20c3f0-8149-4d8a-a8fc-ab1512f5148b","service":"api-service","timestamp":"2025-05-02 19:09:09","url":"/api/v1/auth/login","userAgent":"Mozilla/5.0 (Windows NT 10.0; Win64; x64) AppleWebKit/537.36 (KHTML, like Gecko) Chrome/135.0.0.0 Safari/537.36"}
{"duration":312,"level":"info","message":"Request completed","method":"POST","requestId":"ff20c3f0-8149-4d8a-a8fc-ab1512f5148b","service":"api-service","status":400,"timestamp":"2025-05-02 19:09:10","url":"/api/v1/auth/login"}
{"ip":"::1","level":"info","message":"Incoming request","method":"POST","requestId":"ac36f32d-d4f9-4fbb-b52e-c207dd32ce5e","service":"api-service","timestamp":"2025-05-02 19:09:23","url":"/api/v1/auth/login","userAgent":"Mozilla/5.0 (Windows NT 10.0; Win64; x64) AppleWebKit/537.36 (KHTML, like Gecko) Chrome/135.0.0.0 Safari/537.36"}
{"duration":602,"level":"info","message":"Request completed","method":"POST","requestId":"ac36f32d-d4f9-4fbb-b52e-c207dd32ce5e","service":"api-service","status":400,"timestamp":"2025-05-02 19:09:24","url":"/api/v1/auth/login"}
{"ip":"::1","level":"info","message":"Incoming request","method":"POST","requestId":"2e0b13bb-508c-45ec-9f88-b9f70dc4cc8b","service":"api-service","timestamp":"2025-05-02 19:09:44","url":"/api/v1/auth/login","userAgent":"Mozilla/5.0 (Windows NT 10.0; Win64; x64) AppleWebKit/537.36 (KHTML, like Gecko) Chrome/135.0.0.0 Safari/537.36"}
{"duration":820,"level":"info","message":"Request completed","method":"POST","requestId":"2e0b13bb-508c-45ec-9f88-b9f70dc4cc8b","service":"api-service","status":200,"timestamp":"2025-05-02 19:09:45","url":"/api/v1/auth/login"}
{"ip":"::1","level":"info","message":"Incoming request","method":"GET","requestId":"c42037ec-11ba-47d6-9abb-7a6ebef6ed3f","service":"api-service","timestamp":"2025-05-02 19:09:55","url":"/api/v1/posts","userAgent":"Mozilla/5.0 (Windows NT 10.0; Win64; x64) AppleWebKit/537.36 (KHTML, like Gecko) Chrome/135.0.0.0 Safari/537.36"}
{"duration":64,"level":"info","message":"Request completed","method":"GET","requestId":"c42037ec-11ba-47d6-9abb-7a6ebef6ed3f","service":"api-service","status":401,"timestamp":"2025-05-02 19:09:55","url":"/api/v1/posts"}
{"ip":"::1","level":"info","message":"Incoming request","method":"GET","requestId":"d1489a55-068d-4b75-90c3-a9fbd7ddd738","service":"api-service","timestamp":"2025-05-02 19:09:55","url":"/api/v1/subscriptions","userAgent":"Mozilla/5.0 (Windows NT 10.0; Win64; x64) AppleWebKit/537.36 (KHTML, like Gecko) Chrome/135.0.0.0 Safari/537.36"}
{"duration":324,"level":"info","message":"Request completed","method":"GET","requestId":"d1489a55-068d-4b75-90c3-a9fbd7ddd738","service":"api-service","status":200,"timestamp":"2025-05-02 19:09:56","url":"/api/v1/subscriptions"}
{"ip":"::1","level":"info","message":"Incoming request","method":"POST","requestId":"9ed6ab1b-7cef-4aa6-a681-2f88d8ebb752","service":"api-service","timestamp":"2025-05-02 19:11:21","url":"/api/v1/auth/login","userAgent":"Mozilla/5.0 (Windows NT 10.0; Win64; x64) AppleWebKit/537.36 (KHTML, like Gecko) Chrome/135.0.0.0 Safari/537.36"}
{"duration":604,"level":"info","message":"Request completed","method":"POST","requestId":"9ed6ab1b-7cef-4aa6-a681-2f88d8ebb752","service":"api-service","status":200,"timestamp":"2025-05-02 19:11:22","url":"/api/v1/auth/login"}
{"ip":"::1","level":"info","message":"Incoming request","method":"GET","requestId":"f33ea464-143b-47c6-afb0-482dc6c20c62","service":"api-service","timestamp":"2025-05-02 19:11:23","url":"/api/v1/posts","userAgent":"Mozilla/5.0 (Windows NT 10.0; Win64; x64) AppleWebKit/537.36 (KHTML, like Gecko) Chrome/135.0.0.0 Safari/537.36"}
{"duration":105,"level":"info","message":"Request completed","method":"GET","requestId":"f33ea464-143b-47c6-afb0-482dc6c20c62","service":"api-service","status":401,"timestamp":"2025-05-02 19:11:23","url":"/api/v1/posts"}
{"ip":"::1","level":"info","message":"Incoming request","method":"GET","requestId":"af2c9055-1f74-4191-b0eb-81e9fc76f7c9","service":"api-service","timestamp":"2025-05-02 19:11:23","url":"/api/v1/subscriptions","userAgent":"Mozilla/5.0 (Windows NT 10.0; Win64; x64) AppleWebKit/537.36 (KHTML, like Gecko) Chrome/135.0.0.0 Safari/537.36"}
{"duration":72,"level":"info","message":"Request completed","method":"GET","requestId":"af2c9055-1f74-4191-b0eb-81e9fc76f7c9","service":"api-service","status":304,"timestamp":"2025-05-02 19:11:23","url":"/api/v1/subscriptions"}
{"ip":"::1","level":"info","message":"Incoming request","method":"GET","requestId":"b5a8f03b-69f6-4cdf-82bb-e92fc049de14","service":"api-service","timestamp":"2025-05-02 19:13:50","url":"/api/v1/posts","userAgent":"Mozilla/5.0 (Windows NT 10.0; Win64; x64) AppleWebKit/537.36 (KHTML, like Gecko) Chrome/135.0.0.0 Safari/537.36"}
{"duration":28,"level":"info","message":"Request completed","method":"GET","requestId":"b5a8f03b-69f6-4cdf-82bb-e92fc049de14","service":"api-service","status":401,"timestamp":"2025-05-02 19:13:50","url":"/api/v1/posts"}
{"ip":"::1","level":"info","message":"Incoming request","method":"POST","requestId":"13a1fc0e-0d73-441d-b515-dd0fb262ca3e","service":"api-service","timestamp":"2025-05-02 19:14:06","url":"/api/v1/auth/login","userAgent":"Mozilla/5.0 (Windows NT 10.0; Win64; x64) AppleWebKit/537.36 (KHTML, like Gecko) Chrome/135.0.0.0 Safari/537.36"}
{"duration":818,"level":"info","message":"Request completed","method":"POST","requestId":"13a1fc0e-0d73-441d-b515-dd0fb262ca3e","service":"api-service","status":200,"timestamp":"2025-05-02 19:14:07","url":"/api/v1/auth/login"}
{"ip":"::1","level":"info","message":"Incoming request","method":"GET","requestId":"51549a46-d2d8-4723-b62f-bb8ea90c80d8","service":"api-service","timestamp":"2025-05-02 19:14:08","url":"/api/v1/posts","userAgent":"Mozilla/5.0 (Windows NT 10.0; Win64; x64) AppleWebKit/537.36 (KHTML, like Gecko) Chrome/135.0.0.0 Safari/537.36"}
{"duration":36,"level":"info","message":"Request completed","method":"GET","requestId":"51549a46-d2d8-4723-b62f-bb8ea90c80d8","service":"api-service","status":401,"timestamp":"2025-05-02 19:14:08","url":"/api/v1/posts"}
{"ip":"::1","level":"info","message":"Incoming request","method":"GET","requestId":"b761c384-f3e4-4db6-a789-feec2c6b2755","service":"api-service","timestamp":"2025-05-02 19:14:08","url":"/api/v1/subscriptions","userAgent":"Mozilla/5.0 (Windows NT 10.0; Win64; x64) AppleWebKit/537.36 (KHTML, like Gecko) Chrome/135.0.0.0 Safari/537.36"}
{"duration":74,"level":"info","message":"Request completed","method":"GET","requestId":"b761c384-f3e4-4db6-a789-feec2c6b2755","service":"api-service","status":304,"timestamp":"2025-05-02 19:14:08","url":"/api/v1/subscriptions"}
{"ip":"::1","level":"info","message":"Incoming request","method":"POST","requestId":"b8c2acfb-06b0-4fbe-97a2-84f37f768b32","service":"api-service","timestamp":"2025-05-02 19:23:14","url":"/api/v1/auth/login","userAgent":"Mozilla/5.0 (Windows NT 10.0; Win64; x64) AppleWebKit/537.36 (KHTML, like Gecko) Chrome/135.0.0.0 Safari/537.36"}
{"duration":868,"level":"info","message":"Request completed","method":"POST","requestId":"b8c2acfb-06b0-4fbe-97a2-84f37f768b32","service":"api-service","status":200,"timestamp":"2025-05-02 19:23:15","url":"/api/v1/auth/login"}
{"ip":"::1","level":"info","message":"Incoming request","method":"GET","requestId":"fc362ca9-e79c-4b11-a5e7-e2d0b3c3c86f","service":"api-service","timestamp":"2025-05-02 19:23:16","url":"/api/v1/posts","userAgent":"Mozilla/5.0 (Windows NT 10.0; Win64; x64) AppleWebKit/537.36 (KHTML, like Gecko) Chrome/135.0.0.0 Safari/537.36"}
{"duration":65,"level":"info","message":"Request completed","method":"GET","requestId":"fc362ca9-e79c-4b11-a5e7-e2d0b3c3c86f","service":"api-service","status":401,"timestamp":"2025-05-02 19:23:16","url":"/api/v1/posts"}
{"ip":"::1","level":"info","message":"Incoming request","method":"GET","requestId":"1c19c819-4cb3-4cc3-90e0-36e8cf80c337","service":"api-service","timestamp":"2025-05-02 19:23:16","url":"/api/v1/subscriptions","userAgent":"Mozilla/5.0 (Windows NT 10.0; Win64; x64) AppleWebKit/537.36 (KHTML, like Gecko) Chrome/135.0.0.0 Safari/537.36"}
{"duration":80,"level":"info","message":"Request completed","method":"GET","requestId":"1c19c819-4cb3-4cc3-90e0-36e8cf80c337","service":"api-service","status":304,"timestamp":"2025-05-02 19:23:16","url":"/api/v1/subscriptions"}
{"ip":"::1","level":"info","message":"Incoming request","method":"POST","requestId":"769f8e77-314d-43f6-bef0-ed8720440b48","service":"api-service","timestamp":"2025-05-02 19:24:29","url":"/api/v1/auth/login","userAgent":"Mozilla/5.0 (Windows NT 10.0; Win64; x64) AppleWebKit/537.36 (KHTML, like Gecko) Chrome/135.0.0.0 Safari/537.36"}
{"duration":338,"level":"info","message":"Request completed","method":"POST","requestId":"769f8e77-314d-43f6-bef0-ed8720440b48","service":"api-service","status":400,"timestamp":"2025-05-02 19:24:29","url":"/api/v1/auth/login"}
{"ip":"::1","level":"info","message":"Incoming request","method":"POST","requestId":"014bf8d3-261c-45c8-ac70-517b16576130","service":"api-service","timestamp":"2025-05-02 19:24:32","url":"/api/v1/auth/login","userAgent":"Mozilla/5.0 (Windows NT 10.0; Win64; x64) AppleWebKit/537.36 (KHTML, like Gecko) Chrome/135.0.0.0 Safari/537.36"}
{"duration":470,"level":"info","message":"Request completed","method":"POST","requestId":"014bf8d3-261c-45c8-ac70-517b16576130","service":"api-service","status":200,"timestamp":"2025-05-02 19:24:33","url":"/api/v1/auth/login"}
{"ip":"::1","level":"info","message":"Incoming request","method":"GET","requestId":"ef11563b-ed14-45e1-9db8-b7261c149859","service":"api-service","timestamp":"2025-05-02 19:24:33","url":"/api/v1/posts","userAgent":"Mozilla/5.0 (Windows NT 10.0; Win64; x64) AppleWebKit/537.36 (KHTML, like Gecko) Chrome/135.0.0.0 Safari/537.36"}
{"duration":36,"level":"info","message":"Request completed","method":"GET","requestId":"ef11563b-ed14-45e1-9db8-b7261c149859","service":"api-service","status":401,"timestamp":"2025-05-02 19:24:34","url":"/api/v1/posts"}
{"ip":"::1","level":"info","message":"Incoming request","method":"GET","requestId":"cbe56799-5227-4ff6-abe6-956f387541fa","service":"api-service","timestamp":"2025-05-02 19:24:34","url":"/api/v1/subscriptions","userAgent":"Mozilla/5.0 (Windows NT 10.0; Win64; x64) AppleWebKit/537.36 (KHTML, like Gecko) Chrome/135.0.0.0 Safari/537.36"}
{"duration":61,"level":"info","message":"Request completed","method":"GET","requestId":"cbe56799-5227-4ff6-abe6-956f387541fa","service":"api-service","status":304,"timestamp":"2025-05-02 19:24:34","url":"/api/v1/subscriptions"}
{"ip":"::1","level":"info","message":"Incoming request","method":"GET","requestId":"a38f521e-3469-4eb0-8f2f-d1b4599e813f","service":"api-service","timestamp":"2025-05-02 20:10:18","url":"/api/v1/api/health","userAgent":"Mozilla/5.0 (Windows NT 10.0; Win64; x64) AppleWebKit/537.36 (KHTML, like Gecko) Chrome/135.0.0.0 Safari/537.36"}
{"duration":56,"level":"info","message":"Request completed","method":"GET","requestId":"a38f521e-3469-4eb0-8f2f-d1b4599e813f","service":"api-service","status":404,"timestamp":"2025-05-02 20:10:18","url":"/api/v1/api/health"}
{"ip":"::1","level":"info","message":"Incoming request","method":"GET","requestId":"ce76f63d-3974-45bf-909d-3bdff09ed0f1","service":"api-service","timestamp":"2025-05-02 20:10:18","url":"/api/v1/api/health","userAgent":"Mozilla/5.0 (Windows NT 10.0; Win64; x64) AppleWebKit/537.36 (KHTML, like Gecko) Chrome/135.0.0.0 Safari/537.36"}
{"duration":13,"level":"info","message":"Request completed","method":"GET","requestId":"ce76f63d-3974-45bf-909d-3bdff09ed0f1","service":"api-service","status":404,"timestamp":"2025-05-02 20:10:18","url":"/api/v1/api/health"}
{"ip":"::1","level":"info","message":"Incoming request","method":"GET","requestId":"7c59b442-86cd-40b7-9974-f1b98807bfe6","service":"api-service","timestamp":"2025-05-02 20:12:39","url":"/api/v1/api/health","userAgent":"Mozilla/5.0 (Windows NT 10.0; Win64; x64) AppleWebKit/537.36 (KHTML, like Gecko) Chrome/135.0.0.0 Safari/537.36"}
{"duration":425,"level":"info","message":"Request completed","method":"GET","requestId":"7c59b442-86cd-40b7-9974-f1b98807bfe6","service":"api-service","status":404,"timestamp":"2025-05-02 20:12:39","url":"/api/v1/api/health"}
{"ip":"::1","level":"info","message":"Incoming request","method":"POST","requestId":"34ca0d8f-168a-411e-8607-96c26995355c","service":"api-service","timestamp":"2025-05-02 20:14:30","url":"/api/v1/auth/login","userAgent":"Mozilla/5.0 (Windows NT 10.0; Win64; x64) AppleWebKit/537.36 (KHTML, like Gecko) Chrome/135.0.0.0 Safari/537.36"}
{"duration":1087,"level":"info","message":"Request completed","method":"POST","requestId":"34ca0d8f-168a-411e-8607-96c26995355c","service":"api-service","status":200,"timestamp":"2025-05-02 20:14:31","url":"/api/v1/auth/login"}
{"ip":"::1","level":"info","message":"Incoming request","method":"GET","requestId":"ace4392c-6d53-445f-9859-ff6ce9ae7174","service":"api-service","timestamp":"2025-05-02 20:14:32","url":"/api/v1/posts","userAgent":"Mozilla/5.0 (Windows NT 10.0; Win64; x64) AppleWebKit/537.36 (KHTML, like Gecko) Chrome/135.0.0.0 Safari/537.36"}
{"duration":40,"level":"info","message":"Request completed","method":"GET","requestId":"ace4392c-6d53-445f-9859-ff6ce9ae7174","service":"api-service","status":401,"timestamp":"2025-05-02 20:14:32","url":"/api/v1/posts"}
{"ip":"::1","level":"info","message":"Incoming request","method":"GET","requestId":"7d768f0e-89ef-499e-b159-f591cdf6bbda","service":"api-service","timestamp":"2025-05-02 20:14:32","url":"/api/v1/subscriptions","userAgent":"Mozilla/5.0 (Windows NT 10.0; Win64; x64) AppleWebKit/537.36 (KHTML, like Gecko) Chrome/135.0.0.0 Safari/537.36"}
{"duration":79,"level":"info","message":"Request completed","method":"GET","requestId":"7d768f0e-89ef-499e-b159-f591cdf6bbda","service":"api-service","status":304,"timestamp":"2025-05-02 20:14:32","url":"/api/v1/subscriptions"}
{"ip":"::1","level":"info","message":"Incoming request","method":"POST","requestId":"234dd822-04f1-4a6b-a9c7-7a0d1892618d","service":"api-service","timestamp":"2025-05-02 20:14:51","url":"/api/v1/auth/login","userAgent":"Mozilla/5.0 (Windows NT 10.0; Win64; x64) AppleWebKit/537.36 (KHTML, like Gecko) Chrome/135.0.0.0 Safari/537.36"}
{"duration":883,"level":"info","message":"Request completed","method":"POST","requestId":"234dd822-04f1-4a6b-a9c7-7a0d1892618d","service":"api-service","status":200,"timestamp":"2025-05-02 20:14:52","url":"/api/v1/auth/login"}
{"ip":"::1","level":"info","message":"Incoming request","method":"GET","requestId":"8bf99094-0d56-40c1-9642-eb6862f8c691","service":"api-service","timestamp":"2025-05-02 20:14:52","url":"/api/v1/posts","userAgent":"Mozilla/5.0 (Windows NT 10.0; Win64; x64) AppleWebKit/537.36 (KHTML, like Gecko) Chrome/135.0.0.0 Safari/537.36"}
{"duration":23,"level":"info","message":"Request completed","method":"GET","requestId":"8bf99094-0d56-40c1-9642-eb6862f8c691","service":"api-service","status":401,"timestamp":"2025-05-02 20:14:52","url":"/api/v1/posts"}
{"ip":"::1","level":"info","message":"Incoming request","method":"POST","requestId":"faa17e19-0a71-4404-9796-a8d05a7b20f0","service":"api-service","timestamp":"2025-05-02 20:16:57","url":"/api/v1/auth/login","userAgent":"Mozilla/5.0 (Windows NT 10.0; Win64; x64) AppleWebKit/537.36 (KHTML, like Gecko) Chrome/135.0.0.0 Safari/537.36"}
{"duration":640,"level":"info","message":"Request completed","method":"POST","requestId":"faa17e19-0a71-4404-9796-a8d05a7b20f0","service":"api-service","status":200,"timestamp":"2025-05-02 20:16:58","url":"/api/v1/auth/login"}
{"ip":"::1","level":"info","message":"Incoming request","method":"GET","requestId":"d339a49e-147d-48bf-9197-2887c42e9b2b","service":"api-service","timestamp":"2025-05-02 20:16:59","url":"/api/v1/posts","userAgent":"Mozilla/5.0 (Windows NT 10.0; Win64; x64) AppleWebKit/537.36 (KHTML, like Gecko) Chrome/135.0.0.0 Safari/537.36"}
{"duration":24,"level":"info","message":"Request completed","method":"GET","requestId":"d339a49e-147d-48bf-9197-2887c42e9b2b","service":"api-service","status":401,"timestamp":"2025-05-02 20:16:59","url":"/api/v1/posts"}
{"ip":"::1","level":"info","message":"Incoming request","method":"GET","requestId":"a1539caa-3101-41cb-aec9-31d648ef36af","service":"api-service","timestamp":"2025-05-02 20:16:59","url":"/api/v1/subscriptions","userAgent":"Mozilla/5.0 (Windows NT 10.0; Win64; x64) AppleWebKit/537.36 (KHTML, like Gecko) Chrome/135.0.0.0 Safari/537.36"}
{"duration":62,"level":"info","message":"Request completed","method":"GET","requestId":"a1539caa-3101-41cb-aec9-31d648ef36af","service":"api-service","status":304,"timestamp":"2025-05-02 20:16:59","url":"/api/v1/subscriptions"}
{"ip":"::1","level":"info","message":"Incoming request","method":"POST","requestId":"0bb83b65-542b-4ae4-9c82-905dad8628e4","service":"api-service","timestamp":"2025-05-02 20:31:48","url":"/api/v1/auth/login","userAgent":"Mozilla/5.0 (Windows NT 10.0; Win64; x64) AppleWebKit/537.36 (KHTML, like Gecko) Chrome/135.0.0.0 Safari/537.36 Edg/135.0.0.0"}
{"duration":642,"level":"info","message":"Request completed","method":"POST","requestId":"0bb83b65-542b-4ae4-9c82-905dad8628e4","service":"api-service","status":200,"timestamp":"2025-05-02 20:31:48","url":"/api/v1/auth/login"}
{"ip":"::1","level":"info","message":"Incoming request","method":"GET","requestId":"eefcac55-4de3-4073-b7c2-d27fb925717a","service":"api-service","timestamp":"2025-05-02 20:31:50","url":"/api/v1/posts","userAgent":"Mozilla/5.0 (Windows NT 10.0; Win64; x64) AppleWebKit/537.36 (KHTML, like Gecko) Chrome/135.0.0.0 Safari/537.36 Edg/135.0.0.0"}
{"duration":33,"level":"info","message":"Request completed","method":"GET","requestId":"eefcac55-4de3-4073-b7c2-d27fb925717a","service":"api-service","status":401,"timestamp":"2025-05-02 20:31:50","url":"/api/v1/posts"}
{"ip":"::1","level":"info","message":"Incoming request","method":"GET","requestId":"03c678a1-3283-4be2-9bd3-4ee0077231da","service":"api-service","timestamp":"2025-05-02 20:31:50","url":"/api/v1/subscriptions","userAgent":"Mozilla/5.0 (Windows NT 10.0; Win64; x64) AppleWebKit/537.36 (KHTML, like Gecko) Chrome/135.0.0.0 Safari/537.36 Edg/135.0.0.0"}
{"duration":73,"level":"info","message":"Request completed","method":"GET","requestId":"03c678a1-3283-4be2-9bd3-4ee0077231da","service":"api-service","status":200,"timestamp":"2025-05-02 20:31:50","url":"/api/v1/subscriptions"}
{"ip":"::1","level":"info","message":"Incoming request","method":"POST","requestId":"5be22f4b-178c-40b7-932e-03701437b93c","service":"api-service","timestamp":"2025-05-02 20:33:12","url":"/api/v1/auth/login","userAgent":"Mozilla/5.0 (Windows NT 10.0; Win64; x64) AppleWebKit/537.36 (KHTML, like Gecko) Chrome/135.0.0.0 Safari/537.36"}
{"duration":815,"level":"info","message":"Request completed","method":"POST","requestId":"5be22f4b-178c-40b7-932e-03701437b93c","service":"api-service","status":200,"timestamp":"2025-05-02 20:33:13","url":"/api/v1/auth/login"}
{"ip":"::1","level":"info","message":"Incoming request","method":"GET","requestId":"fc637fe5-4633-498c-9f7c-5ffdfb743d30","service":"api-service","timestamp":"2025-05-02 20:33:14","url":"/api/v1/posts","userAgent":"Mozilla/5.0 (Windows NT 10.0; Win64; x64) AppleWebKit/537.36 (KHTML, like Gecko) Chrome/135.0.0.0 Safari/537.36"}
{"duration":51,"level":"info","message":"Request completed","method":"GET","requestId":"fc637fe5-4633-498c-9f7c-5ffdfb743d30","service":"api-service","status":401,"timestamp":"2025-05-02 20:33:14","url":"/api/v1/posts"}
{"ip":"::1","level":"info","message":"Incoming request","method":"GET","requestId":"f7e6ce53-9a38-4910-a066-74af3c257896","service":"api-service","timestamp":"2025-05-02 20:33:14","url":"/api/v1/subscriptions","userAgent":"Mozilla/5.0 (Windows NT 10.0; Win64; x64) AppleWebKit/537.36 (KHTML, like Gecko) Chrome/135.0.0.0 Safari/537.36"}
{"duration":70,"level":"info","message":"Request completed","method":"GET","requestId":"f7e6ce53-9a38-4910-a066-74af3c257896","service":"api-service","status":304,"timestamp":"2025-05-02 20:33:14","url":"/api/v1/subscriptions"}
{"ip":"::1","level":"info","message":"Incoming request","method":"POST","requestId":"cc9acc14-bb79-475b-830c-5c74986f8788","service":"api-service","timestamp":"2025-05-02 20:34:05","url":"/api/v1/auth/login","userAgent":"Mozilla/5.0 (Windows NT 10.0; Win64; x64) AppleWebKit/537.36 (KHTML, like Gecko) Chrome/135.0.0.0 Safari/537.36"}
{"duration":270,"level":"info","message":"Request completed","method":"POST","requestId":"cc9acc14-bb79-475b-830c-5c74986f8788","service":"api-service","status":400,"timestamp":"2025-05-02 20:34:05","url":"/api/v1/auth/login"}
{"ip":"::1","level":"info","message":"Incoming request","method":"POST","requestId":"dff29b34-837a-40ce-a294-2b1adbc5cbc8","service":"api-service","timestamp":"2025-05-02 20:35:30","url":"/api/v1/auth/login","userAgent":"Mozilla/5.0 (Windows NT 10.0; Win64; x64) AppleWebKit/537.36 (KHTML, like Gecko) Chrome/135.0.0.0 Safari/537.36"}
{"duration":643,"level":"info","message":"Request completed","method":"POST","requestId":"dff29b34-837a-40ce-a294-2b1adbc5cbc8","service":"api-service","status":200,"timestamp":"2025-05-02 20:35:31","url":"/api/v1/auth/login"}
{"ip":"::1","level":"info","message":"Incoming request","method":"GET","requestId":"6c876e61-fbcf-4a73-88ad-d1fa07b90de9","service":"api-service","timestamp":"2025-05-02 20:35:32","url":"/api/v1/posts","userAgent":"Mozilla/5.0 (Windows NT 10.0; Win64; x64) AppleWebKit/537.36 (KHTML, like Gecko) Chrome/135.0.0.0 Safari/537.36"}
{"duration":61,"level":"info","message":"Request completed","method":"GET","requestId":"6c876e61-fbcf-4a73-88ad-d1fa07b90de9","service":"api-service","status":401,"timestamp":"2025-05-02 20:35:32","url":"/api/v1/posts"}
{"ip":"::1","level":"info","message":"Incoming request","method":"GET","requestId":"35e7a8a7-33e3-4205-9c0e-2c05c12e996c","service":"api-service","timestamp":"2025-05-02 20:35:32","url":"/api/v1/subscriptions","userAgent":"Mozilla/5.0 (Windows NT 10.0; Win64; x64) AppleWebKit/537.36 (KHTML, like Gecko) Chrome/135.0.0.0 Safari/537.36"}
{"duration":71,"level":"info","message":"Request completed","method":"GET","requestId":"35e7a8a7-33e3-4205-9c0e-2c05c12e996c","service":"api-service","status":304,"timestamp":"2025-05-02 20:35:32","url":"/api/v1/subscriptions"}
{"ip":"::1","level":"info","message":"Incoming request","method":"POST","requestId":"69823280-2aa5-402e-af18-5e79663733eb","service":"api-service","timestamp":"2025-05-02 20:36:29","url":"/api/v1/auth/login","userAgent":"Mozilla/5.0 (Windows NT 10.0; Win64; x64) AppleWebKit/537.36 (KHTML, like Gecko) Chrome/135.0.0.0 Safari/537.36"}
{"duration":695,"level":"info","message":"Request completed","method":"POST","requestId":"69823280-2aa5-402e-af18-5e79663733eb","service":"api-service","status":200,"timestamp":"2025-05-02 20:36:30","url":"/api/v1/auth/login"}
{"ip":"::1","level":"info","message":"Incoming request","method":"GET","requestId":"8432a8ca-a421-4478-95e1-e92a6f6d4785","service":"api-service","timestamp":"2025-05-02 20:36:30","url":"/api/v1/posts","userAgent":"Mozilla/5.0 (Windows NT 10.0; Win64; x64) AppleWebKit/537.36 (KHTML, like Gecko) Chrome/135.0.0.0 Safari/537.36"}
{"duration":20,"level":"info","message":"Request completed","method":"GET","requestId":"8432a8ca-a421-4478-95e1-e92a6f6d4785","service":"api-service","status":401,"timestamp":"2025-05-02 20:36:30","url":"/api/v1/posts"}
{"ip":"::1","level":"info","message":"Incoming request","method":"POST","requestId":"9b7e9dc5-e306-45fb-9df1-17415079981d","service":"api-service","timestamp":"2025-05-02 20:37:14","url":"/api/v1/auth/login","userAgent":"Mozilla/5.0 (Windows NT 10.0; Win64; x64) AppleWebKit/537.36 (KHTML, like Gecko) Chrome/135.0.0.0 Safari/537.36"}
{"duration":1086,"level":"info","message":"Request completed","method":"POST","requestId":"9b7e9dc5-e306-45fb-9df1-17415079981d","service":"api-service","status":200,"timestamp":"2025-05-02 20:37:15","url":"/api/v1/auth/login"}
{"ip":"::1","level":"info","message":"Incoming request","method":"GET","requestId":"8807b6ed-bed7-4913-b601-97deba8eaa3a","service":"api-service","timestamp":"2025-05-02 20:37:15","url":"/api/v1/posts","userAgent":"Mozilla/5.0 (Windows NT 10.0; Win64; x64) AppleWebKit/537.36 (KHTML, like Gecko) Chrome/135.0.0.0 Safari/537.36"}
{"duration":252,"level":"info","message":"Request completed","method":"GET","requestId":"8807b6ed-bed7-4913-b601-97deba8eaa3a","service":"api-service","status":200,"timestamp":"2025-05-02 20:37:16","url":"/api/v1/posts"}
{"ip":"::1","level":"info","message":"Incoming request","method":"POST","requestId":"4b91a063-e0d1-4084-8058-b25b88afcae7","service":"api-service","timestamp":"2025-05-02 20:40:09","url":"/api/v1/auth/login","userAgent":"Mozilla/5.0 (Windows NT 10.0; Win64; x64) AppleWebKit/537.36 (KHTML, like Gecko) Chrome/135.0.0.0 Safari/537.36"}
{"duration":725,"level":"info","message":"Request completed","method":"POST","requestId":"4b91a063-e0d1-4084-8058-b25b88afcae7","service":"api-service","status":200,"timestamp":"2025-05-02 20:40:10","url":"/api/v1/auth/login"}
{"ip":"::1","level":"info","message":"Incoming request","method":"GET","requestId":"be9c4431-66be-404e-b732-161200a3fccf","service":"api-service","timestamp":"2025-05-02 20:40:11","url":"/api/v1/posts","userAgent":"Mozilla/5.0 (Windows NT 10.0; Win64; x64) AppleWebKit/537.36 (KHTML, like Gecko) Chrome/135.0.0.0 Safari/537.36"}
{"ip":"::1","level":"info","message":"Incoming request","method":"GET","requestId":"0745395f-2a55-4be9-b157-f77cb8de1594","service":"api-service","timestamp":"2025-05-02 20:40:11","url":"/api/v1/subscriptions","userAgent":"Mozilla/5.0 (Windows NT 10.0; Win64; x64) AppleWebKit/537.36 (KHTML, like Gecko) Chrome/135.0.0.0 Safari/537.36"}
{"duration":226,"level":"info","message":"Request completed","method":"GET","requestId":"be9c4431-66be-404e-b732-161200a3fccf","service":"api-service","status":304,"timestamp":"2025-05-02 20:40:11","url":"/api/v1/posts"}
{"duration":250,"level":"info","message":"Request completed","method":"GET","requestId":"0745395f-2a55-4be9-b157-f77cb8de1594","service":"api-service","status":304,"timestamp":"2025-05-02 20:40:11","url":"/api/v1/subscriptions"}
{"ip":"::1","level":"info","message":"Incoming request","method":"GET","requestId":"3ad9d0f7-b23c-4e78-bcb7-afa25837bba2","service":"api-service","timestamp":"2025-05-02 20:41:22","url":"/api/v1/revenue?type=monthly","userAgent":"Mozilla/5.0 (Windows NT 10.0; Win64; x64) AppleWebKit/537.36 (KHTML, like Gecko) Chrome/135.0.0.0 Safari/537.36"}
{"duration":12,"level":"info","message":"Request completed","method":"GET","requestId":"3ad9d0f7-b23c-4e78-bcb7-afa25837bba2","service":"api-service","status":404,"timestamp":"2025-05-02 20:41:22","url":"/api/v1/revenue?type=monthly"}
{"ip":"::1","level":"info","message":"Incoming request","method":"GET","requestId":"ca3fc02a-3473-4024-9fd5-9df044574c3a","service":"api-service","timestamp":"2025-05-02 20:52:24","url":"/api/v1/roles","userAgent":"PostmanRuntime/7.43.4"}
{"duration":423,"level":"info","message":"Request completed","method":"GET","requestId":"ca3fc02a-3473-4024-9fd5-9df044574c3a","service":"api-service","status":200,"timestamp":"2025-05-02 20:52:24","url":"/api/v1/roles"}
{"ip":"::1","level":"info","message":"Incoming request","method":"GET","requestId":"1ff3096e-a2cb-4f09-b11b-5c600a73d979","service":"api-service","timestamp":"2025-05-02 20:54:35","url":"/api/v1/roles","userAgent":"PostmanRuntime/7.43.4"}
{"duration":357,"level":"info","message":"Request completed","method":"GET","requestId":"1ff3096e-a2cb-4f09-b11b-5c600a73d979","service":"api-service","status":200,"timestamp":"2025-05-02 20:54:35","url":"/api/v1/roles"}
{"ip":"::1","level":"info","message":"Incoming request","method":"POST","requestId":"443bdfc5-b62a-4ff4-955e-73a003aaf853","service":"api-service","timestamp":"2025-05-02 20:55:28","url":"/api/v1/auth/login","userAgent":"Mozilla/5.0 (Windows NT 10.0; Win64; x64) AppleWebKit/537.36 (KHTML, like Gecko) Chrome/135.0.0.0 Safari/537.36"}
{"duration":1369,"level":"info","message":"Request completed","method":"POST","requestId":"443bdfc5-b62a-4ff4-955e-73a003aaf853","service":"api-service","status":200,"timestamp":"2025-05-02 20:55:30","url":"/api/v1/auth/login"}
{"ip":"::1","level":"info","message":"Incoming request","method":"GET","requestId":"b72962be-a20b-48eb-b5c1-000dbc8a431b","service":"api-service","timestamp":"2025-05-02 20:55:31","url":"/api/v1/posts","userAgent":"Mozilla/5.0 (Windows NT 10.0; Win64; x64) AppleWebKit/537.36 (KHTML, like Gecko) Chrome/135.0.0.0 Safari/537.36"}
{"ip":"::1","level":"info","message":"Incoming request","method":"GET","requestId":"c2554462-4c05-4693-9c6b-bbac87da7772","service":"api-service","timestamp":"2025-05-02 20:55:31","url":"/api/v1/subscriptions","userAgent":"Mozilla/5.0 (Windows NT 10.0; Win64; x64) AppleWebKit/537.36 (KHTML, like Gecko) Chrome/135.0.0.0 Safari/537.36"}
{"ip":"::1","level":"info","message":"Incoming request","method":"GET","requestId":"2cecdba9-8f34-4976-91a5-b501b85478bc","service":"api-service","timestamp":"2025-05-02 20:55:31","url":"/api/v1/revenue?type=monthly","userAgent":"Mozilla/5.0 (Windows NT 10.0; Win64; x64) AppleWebKit/537.36 (KHTML, like Gecko) Chrome/135.0.0.0 Safari/537.36"}
{"duration":60,"level":"info","message":"Request completed","method":"GET","requestId":"2cecdba9-8f34-4976-91a5-b501b85478bc","service":"api-service","status":404,"timestamp":"2025-05-02 20:55:31","url":"/api/v1/revenue?type=monthly"}
{"duration":273,"level":"info","message":"Request completed","method":"GET","requestId":"b72962be-a20b-48eb-b5c1-000dbc8a431b","service":"api-service","status":304,"timestamp":"2025-05-02 20:55:31","url":"/api/v1/posts"}
{"duration":305,"level":"info","message":"Request completed","method":"GET","requestId":"c2554462-4c05-4693-9c6b-bbac87da7772","service":"api-service","status":304,"timestamp":"2025-05-02 20:55:31","url":"/api/v1/subscriptions"}
{"ip":"::1","level":"info","message":"Incoming request","method":"POST","requestId":"8c5849c2-20a4-46fd-96c2-99750f1288ca","service":"api-service","timestamp":"2025-05-02 20:56:17","url":"/api/v1/auth/login","userAgent":"Mozilla/5.0 (Windows NT 10.0; Win64; x64) AppleWebKit/537.36 (KHTML, like Gecko) Chrome/135.0.0.0 Safari/537.36"}
{"duration":713,"level":"info","message":"Request completed","method":"POST","requestId":"8c5849c2-20a4-46fd-96c2-99750f1288ca","service":"api-service","status":200,"timestamp":"2025-05-02 20:56:18","url":"/api/v1/auth/login"}
{"ip":"::1","level":"info","message":"Incoming request","method":"GET","requestId":"2248682f-3a3f-4e0f-8283-4f76c4cbb8ec","service":"api-service","timestamp":"2025-05-02 20:56:19","url":"/api/v1/posts","userAgent":"Mozilla/5.0 (Windows NT 10.0; Win64; x64) AppleWebKit/537.36 (KHTML, like Gecko) Chrome/135.0.0.0 Safari/537.36"}
{"ip":"::1","level":"info","message":"Incoming request","method":"GET","requestId":"fcc1616e-0859-4314-9ae3-06298188d2cd","service":"api-service","timestamp":"2025-05-02 20:56:19","url":"/api/v1/subscriptions","userAgent":"Mozilla/5.0 (Windows NT 10.0; Win64; x64) AppleWebKit/537.36 (KHTML, like Gecko) Chrome/135.0.0.0 Safari/537.36"}
{"ip":"::1","level":"info","message":"Incoming request","method":"GET","requestId":"1b478e37-c222-411a-a1a9-0393cbb3d20f","service":"api-service","timestamp":"2025-05-02 20:56:19","url":"/api/v1/revenue?type=monthly","userAgent":"Mozilla/5.0 (Windows NT 10.0; Win64; x64) AppleWebKit/537.36 (KHTML, like Gecko) Chrome/135.0.0.0 Safari/537.36"}
{"duration":11,"level":"info","message":"Request completed","method":"GET","requestId":"1b478e37-c222-411a-a1a9-0393cbb3d20f","service":"api-service","status":404,"timestamp":"2025-05-02 20:56:19","url":"/api/v1/revenue?type=monthly"}
{"duration":216,"level":"info","message":"Request completed","method":"GET","requestId":"2248682f-3a3f-4e0f-8283-4f76c4cbb8ec","service":"api-service","status":304,"timestamp":"2025-05-02 20:56:19","url":"/api/v1/posts"}
{"duration":234,"level":"info","message":"Request completed","method":"GET","requestId":"fcc1616e-0859-4314-9ae3-06298188d2cd","service":"api-service","status":304,"timestamp":"2025-05-02 20:56:19","url":"/api/v1/subscriptions"}
{"ip":"::1","level":"info","message":"Incoming request","method":"GET","requestId":"7023c67e-e7c7-4054-8cc4-51f1bf21361a","service":"api-service","timestamp":"2025-05-02 20:57:54","url":"/api/v1/posts","userAgent":"Mozilla/5.0 (Windows NT 10.0; Win64; x64) AppleWebKit/537.36 (KHTML, like Gecko) Chrome/135.0.0.0 Safari/537.36"}
{"duration":408,"level":"info","message":"Request completed","method":"GET","requestId":"7023c67e-e7c7-4054-8cc4-51f1bf21361a","service":"api-service","status":304,"timestamp":"2025-05-02 20:57:54","url":"/api/v1/posts"}
{"ip":"::1","level":"info","message":"Incoming request","method":"GET","requestId":"a03a4e30-4f5d-464d-a2be-7ac33932a1a3","service":"api-service","timestamp":"2025-05-02 20:58:01","url":"/api/v1/posts","userAgent":"Mozilla/5.0 (Windows NT 10.0; Win64; x64) AppleWebKit/537.36 (KHTML, like Gecko) Chrome/135.0.0.0 Safari/537.36"}
{"duration":147,"level":"info","message":"Request completed","method":"GET","requestId":"a03a4e30-4f5d-464d-a2be-7ac33932a1a3","service":"api-service","status":401,"timestamp":"2025-05-02 20:58:01","url":"/api/v1/posts"}
{"ip":"::1","level":"info","message":"Incoming request","method":"POST","requestId":"395537a8-78fc-4233-82c2-9c1c683daee0","service":"api-service","timestamp":"2025-05-02 20:58:34","url":"/api/v1/auth/login","userAgent":"Mozilla/5.0 (Windows NT 10.0; Win64; x64) AppleWebKit/537.36 (KHTML, like Gecko) Chrome/135.0.0.0 Safari/537.36"}
{"duration":723,"level":"info","message":"Request completed","method":"POST","requestId":"395537a8-78fc-4233-82c2-9c1c683daee0","service":"api-service","status":200,"timestamp":"2025-05-02 20:58:35","url":"/api/v1/auth/login"}
{"ip":"::1","level":"info","message":"Incoming request","method":"GET","requestId":"c6082350-a6d1-48b9-8eb9-e92642dd086d","service":"api-service","timestamp":"2025-05-02 20:58:36","url":"/api/v1/posts","userAgent":"Mozilla/5.0 (Windows NT 10.0; Win64; x64) AppleWebKit/537.36 (KHTML, like Gecko) Chrome/135.0.0.0 Safari/537.36"}
{"ip":"::1","level":"info","message":"Incoming request","method":"GET","requestId":"9100e8a6-4604-496e-a4db-ede9785ce529","service":"api-service","timestamp":"2025-05-02 20:58:36","url":"/api/v1/subscriptions","userAgent":"Mozilla/5.0 (Windows NT 10.0; Win64; x64) AppleWebKit/537.36 (KHTML, like Gecko) Chrome/135.0.0.0 Safari/537.36"}
{"ip":"::1","level":"info","message":"Incoming request","method":"GET","requestId":"2619d8e8-e40e-4922-ba09-1fb23311ca8e","service":"api-service","timestamp":"2025-05-02 20:58:36","url":"/api/v1/revenue?type=monthly","userAgent":"Mozilla/5.0 (Windows NT 10.0; Win64; x64) AppleWebKit/537.36 (KHTML, like Gecko) Chrome/135.0.0.0 Safari/537.36"}
{"duration":17,"level":"info","message":"Request completed","method":"GET","requestId":"2619d8e8-e40e-4922-ba09-1fb23311ca8e","service":"api-service","status":404,"timestamp":"2025-05-02 20:58:36","url":"/api/v1/revenue?type=monthly"}
{"duration":245,"level":"info","message":"Request completed","method":"GET","requestId":"c6082350-a6d1-48b9-8eb9-e92642dd086d","service":"api-service","status":304,"timestamp":"2025-05-02 20:58:37","url":"/api/v1/posts"}
{"duration":273,"level":"info","message":"Request completed","method":"GET","requestId":"9100e8a6-4604-496e-a4db-ede9785ce529","service":"api-service","status":304,"timestamp":"2025-05-02 20:58:37","url":"/api/v1/subscriptions"}
{"ip":"::1","level":"info","message":"Incoming request","method":"POST","requestId":"8f8d29b0-9a4c-40ba-8aaf-d2b0040bc61d","service":"api-service","timestamp":"2025-05-02 20:59:30","url":"/api/v1/auth/login","userAgent":"Mozilla/5.0 (Windows NT 10.0; Win64; x64) AppleWebKit/537.36 (KHTML, like Gecko) Chrome/135.0.0.0 Safari/537.36"}
{"duration":657,"level":"info","message":"Request completed","method":"POST","requestId":"8f8d29b0-9a4c-40ba-8aaf-d2b0040bc61d","service":"api-service","status":200,"timestamp":"2025-05-02 20:59:31","url":"/api/v1/auth/login"}
{"ip":"::1","level":"info","message":"Incoming request","method":"GET","requestId":"cbb872d2-38ff-42aa-be66-9e1c8fac1cdc","service":"api-service","timestamp":"2025-05-02 20:59:32","url":"/api/v1/subscriptions","userAgent":"Mozilla/5.0 (Windows NT 10.0; Win64; x64) AppleWebKit/537.36 (KHTML, like Gecko) Chrome/135.0.0.0 Safari/537.36"}
{"ip":"::1","level":"info","message":"Incoming request","method":"GET","requestId":"2c7749f1-11b0-42c4-b6ca-61bbf680c29b","service":"api-service","timestamp":"2025-05-02 20:59:32","url":"/api/v1/posts","userAgent":"Mozilla/5.0 (Windows NT 10.0; Win64; x64) AppleWebKit/537.36 (KHTML, like Gecko) Chrome/135.0.0.0 Safari/537.36"}
{"ip":"::1","level":"info","message":"Incoming request","method":"GET","requestId":"558bd4ac-230a-408d-a547-d76cf95650ac","service":"api-service","timestamp":"2025-05-02 20:59:32","url":"/api/v1/revenue?type=monthly","userAgent":"Mozilla/5.0 (Windows NT 10.0; Win64; x64) AppleWebKit/537.36 (KHTML, like Gecko) Chrome/135.0.0.0 Safari/537.36"}
{"duration":85,"level":"info","message":"Request completed","method":"GET","requestId":"cbb872d2-38ff-42aa-be66-9e1c8fac1cdc","service":"api-service","status":304,"timestamp":"2025-05-02 20:59:32","url":"/api/v1/subscriptions"}
{"duration":24,"level":"info","message":"Request completed","method":"GET","requestId":"558bd4ac-230a-408d-a547-d76cf95650ac","service":"api-service","status":404,"timestamp":"2025-05-02 20:59:32","url":"/api/v1/revenue?type=monthly"}
{"duration":354,"level":"info","message":"Request completed","method":"GET","requestId":"2c7749f1-11b0-42c4-b6ca-61bbf680c29b","service":"api-service","status":304,"timestamp":"2025-05-02 20:59:32","url":"/api/v1/posts"}
{"ip":"::1","level":"info","message":"Incoming request","method":"POST","requestId":"e8c6b558-110d-4f6a-8a14-4a8e031be058","service":"api-service","timestamp":"2025-05-02 21:01:01","url":"/api/v1/auth/login","userAgent":"Mozilla/5.0 (Windows NT 10.0; Win64; x64) AppleWebKit/537.36 (KHTML, like Gecko) Chrome/135.0.0.0 Safari/537.36"}
{"duration":705,"level":"info","message":"Request completed","method":"POST","requestId":"e8c6b558-110d-4f6a-8a14-4a8e031be058","service":"api-service","status":200,"timestamp":"2025-05-02 21:01:01","url":"/api/v1/auth/login"}
{"ip":"::1","level":"info","message":"Incoming request","method":"GET","requestId":"830778b3-f456-45a8-bb44-38c015467f30","service":"api-service","timestamp":"2025-05-02 21:01:03","url":"/api/v1/posts","userAgent":"Mozilla/5.0 (Windows NT 10.0; Win64; x64) AppleWebKit/537.36 (KHTML, like Gecko) Chrome/135.0.0.0 Safari/537.36"}
{"ip":"::1","level":"info","message":"Incoming request","method":"GET","requestId":"28a6da11-4bb7-4866-9570-cb5f0189b408","service":"api-service","timestamp":"2025-05-02 21:01:03","url":"/api/v1/revenue?type=monthly","userAgent":"Mozilla/5.0 (Windows NT 10.0; Win64; x64) AppleWebKit/537.36 (KHTML, like Gecko) Chrome/135.0.0.0 Safari/537.36"}
{"ip":"::1","level":"info","message":"Incoming request","method":"GET","requestId":"0bf63dd0-aaae-4d26-9861-9588400b2252","service":"api-service","timestamp":"2025-05-02 21:01:03","url":"/api/v1/subscriptions","userAgent":"Mozilla/5.0 (Windows NT 10.0; Win64; x64) AppleWebKit/537.36 (KHTML, like Gecko) Chrome/135.0.0.0 Safari/537.36"}
{"duration":94,"level":"info","message":"Request completed","method":"GET","requestId":"28a6da11-4bb7-4866-9570-cb5f0189b408","service":"api-service","status":404,"timestamp":"2025-05-02 21:01:03","url":"/api/v1/revenue?type=monthly"}
{"duration":339,"level":"info","message":"Request completed","method":"GET","requestId":"830778b3-f456-45a8-bb44-38c015467f30","service":"api-service","status":304,"timestamp":"2025-05-02 21:01:03","url":"/api/v1/posts"}
{"duration":303,"level":"info","message":"Request completed","method":"GET","requestId":"0bf63dd0-aaae-4d26-9861-9588400b2252","service":"api-service","status":304,"timestamp":"2025-05-02 21:01:03","url":"/api/v1/subscriptions"}
{"ip":"::1","level":"info","message":"Incoming request","method":"GET","requestId":"a2dfa980-dc2c-4f01-b593-8570a1dc9392","service":"api-service","timestamp":"2025-05-02 21:01:49","url":"/api/v1/revenue?type=monthly","userAgent":"Mozilla/5.0 (Windows NT 10.0; Win64; x64) AppleWebKit/537.36 (KHTML, like Gecko) Chrome/135.0.0.0 Safari/537.36"}
{"duration":21,"level":"info","message":"Request completed","method":"GET","requestId":"a2dfa980-dc2c-4f01-b593-8570a1dc9392","service":"api-service","status":404,"timestamp":"2025-05-02 21:01:49","url":"/api/v1/revenue?type=monthly"}
{"ip":"::1","level":"info","message":"Incoming request","method":"POST","requestId":"b75a4a0a-61b5-4bfd-8691-4bdf136b3ba9","service":"api-service","timestamp":"2025-05-02 21:02:36","url":"/api/v1/auth/login","userAgent":"Mozilla/5.0 (Windows NT 10.0; Win64; x64) AppleWebKit/537.36 (KHTML, like Gecko) Chrome/135.0.0.0 Safari/537.36"}
{"duration":328,"level":"info","message":"Request completed","method":"POST","requestId":"b75a4a0a-61b5-4bfd-8691-4bdf136b3ba9","service":"api-service","status":400,"timestamp":"2025-05-02 21:02:36","url":"/api/v1/auth/login"}
{"ip":"::1","level":"info","message":"Incoming request","method":"POST","requestId":"4f57fe80-8964-4df0-9ed5-226d38c01429","service":"api-service","timestamp":"2025-05-02 21:03:14","url":"/api/v1/auth/login","userAgent":"Mozilla/5.0 (Windows NT 10.0; Win64; x64) AppleWebKit/537.36 (KHTML, like Gecko) Chrome/135.0.0.0 Safari/537.36"}
{"duration":740,"level":"info","message":"Request completed","method":"POST","requestId":"4f57fe80-8964-4df0-9ed5-226d38c01429","service":"api-service","status":200,"timestamp":"2025-05-02 21:03:14","url":"/api/v1/auth/login"}
{"ip":"::1","level":"info","message":"Incoming request","method":"GET","requestId":"d57069fe-1af9-4b92-a2de-5b2b84619931","service":"api-service","timestamp":"2025-05-02 21:03:15","url":"/api/v1/subscriptions","userAgent":"Mozilla/5.0 (Windows NT 10.0; Win64; x64) AppleWebKit/537.36 (KHTML, like Gecko) Chrome/135.0.0.0 Safari/537.36"}
{"ip":"::1","level":"info","message":"Incoming request","method":"GET","requestId":"cab27b83-b4a4-4aba-86b5-f354b898a9b3","service":"api-service","timestamp":"2025-05-02 21:03:15","url":"/api/v1/posts","userAgent":"Mozilla/5.0 (Windows NT 10.0; Win64; x64) AppleWebKit/537.36 (KHTML, like Gecko) Chrome/135.0.0.0 Safari/537.36"}
{"ip":"::1","level":"info","message":"Incoming request","method":"GET","requestId":"dc19836f-572a-4d54-8bab-32f8108f4309","service":"api-service","timestamp":"2025-05-02 21:03:15","url":"/api/v1/revenue?type=monthly","userAgent":"Mozilla/5.0 (Windows NT 10.0; Win64; x64) AppleWebKit/537.36 (KHTML, like Gecko) Chrome/135.0.0.0 Safari/537.36"}
{"duration":101,"level":"info","message":"Request completed","method":"GET","requestId":"d57069fe-1af9-4b92-a2de-5b2b84619931","service":"api-service","status":304,"timestamp":"2025-05-02 21:03:15","url":"/api/v1/subscriptions"}
{"duration":41,"level":"info","message":"Request completed","method":"GET","requestId":"dc19836f-572a-4d54-8bab-32f8108f4309","service":"api-service","status":404,"timestamp":"2025-05-02 21:03:16","url":"/api/v1/revenue?type=monthly"}
{"duration":439,"level":"info","message":"Request completed","method":"GET","requestId":"cab27b83-b4a4-4aba-86b5-f354b898a9b3","service":"api-service","status":304,"timestamp":"2025-05-02 21:03:16","url":"/api/v1/posts"}
{"ip":"::1","level":"info","message":"Incoming request","method":"GET","requestId":"2bb86655-a196-4316-a970-02308cfe03fe","service":"api-service","timestamp":"2025-05-02 21:03:27","url":"/api/v1/posts","userAgent":"Mozilla/5.0 (Windows NT 10.0; Win64; x64) AppleWebKit/537.36 (KHTML, like Gecko) Chrome/135.0.0.0 Safari/537.36"}
{"duration":31,"level":"info","message":"Request completed","method":"GET","requestId":"2bb86655-a196-4316-a970-02308cfe03fe","service":"api-service","status":401,"timestamp":"2025-05-02 21:03:27","url":"/api/v1/posts"}
{"ip":"::1","level":"info","message":"Incoming request","method":"POST","requestId":"22ffc831-85fe-4594-bbc0-a137a631fba1","service":"api-service","timestamp":"2025-05-02 21:03:35","url":"/api/v1/auth/login","userAgent":"Mozilla/5.0 (Windows NT 10.0; Win64; x64) AppleWebKit/537.36 (KHTML, like Gecko) Chrome/135.0.0.0 Safari/537.36"}
{"duration":314,"level":"info","message":"Request completed","method":"POST","requestId":"22ffc831-85fe-4594-bbc0-a137a631fba1","service":"api-service","status":400,"timestamp":"2025-05-02 21:03:35","url":"/api/v1/auth/login"}
{"ip":"::1","level":"info","message":"Incoming request","method":"POST","requestId":"e1409f9b-74de-44c1-bc79-8d9020eb24c3","service":"api-service","timestamp":"2025-05-02 21:03:39","url":"/api/v1/auth/login","userAgent":"Mozilla/5.0 (Windows NT 10.0; Win64; x64) AppleWebKit/537.36 (KHTML, like Gecko) Chrome/135.0.0.0 Safari/537.36"}
{"duration":543,"level":"info","message":"Request completed","method":"POST","requestId":"e1409f9b-74de-44c1-bc79-8d9020eb24c3","service":"api-service","status":200,"timestamp":"2025-05-02 21:03:40","url":"/api/v1/auth/login"}
{"ip":"::1","level":"info","message":"Incoming request","method":"GET","requestId":"0895401f-5bd3-483a-a0ac-3b9b1eee1ada","service":"api-service","timestamp":"2025-05-02 21:03:41","url":"/api/v1/subscriptions","userAgent":"Mozilla/5.0 (Windows NT 10.0; Win64; x64) AppleWebKit/537.36 (KHTML, like Gecko) Chrome/135.0.0.0 Safari/537.36"}
{"ip":"::1","level":"info","message":"Incoming request","method":"GET","requestId":"ef24c391-6e3b-4087-9354-5903054b55fa","service":"api-service","timestamp":"2025-05-02 21:03:41","url":"/api/v1/posts","userAgent":"Mozilla/5.0 (Windows NT 10.0; Win64; x64) AppleWebKit/537.36 (KHTML, like Gecko) Chrome/135.0.0.0 Safari/537.36"}
{"ip":"::1","level":"info","message":"Incoming request","method":"GET","requestId":"3ca81469-a94a-44de-b2d1-db56498d0885","service":"api-service","timestamp":"2025-05-02 21:03:42","url":"/api/v1/revenue?type=monthly","userAgent":"Mozilla/5.0 (Windows NT 10.0; Win64; x64) AppleWebKit/537.36 (KHTML, like Gecko) Chrome/135.0.0.0 Safari/537.36"}
{"duration":249,"level":"info","message":"Request completed","method":"GET","requestId":"0895401f-5bd3-483a-a0ac-3b9b1eee1ada","service":"api-service","status":304,"timestamp":"2025-05-02 21:03:42","url":"/api/v1/subscriptions"}
{"duration":84,"level":"info","message":"Request completed","method":"GET","requestId":"3ca81469-a94a-44de-b2d1-db56498d0885","service":"api-service","status":404,"timestamp":"2025-05-02 21:03:42","url":"/api/v1/revenue?type=monthly"}
{"duration":774,"level":"info","message":"Request completed","method":"GET","requestId":"ef24c391-6e3b-4087-9354-5903054b55fa","service":"api-service","status":304,"timestamp":"2025-05-02 21:03:42","url":"/api/v1/posts"}
{"ip":"::1","level":"info","message":"Incoming request","method":"GET","requestId":"e972298d-98d5-4fe4-a275-5e9f86cee265","service":"api-service","timestamp":"2025-05-02 21:03:45","url":"/api/v1/categories","userAgent":"Mozilla/5.0 (Windows NT 10.0; Win64; x64) AppleWebKit/537.36 (KHTML, like Gecko) Chrome/135.0.0.0 Safari/537.36"}
{"duration":224,"level":"info","message":"Request completed","method":"GET","requestId":"e972298d-98d5-4fe4-a275-5e9f86cee265","service":"api-service","status":404,"timestamp":"2025-05-02 21:03:45","url":"/api/v1/categories"}
{"ip":"::1","level":"info","message":"Incoming request","method":"GET","requestId":"1c91c616-38dd-46b8-b347-3a8b01ee094e","service":"api-service","timestamp":"2025-05-02 21:04:20","url":"/api/v1/revenue?type=weekly","userAgent":"Mozilla/5.0 (Windows NT 10.0; Win64; x64) AppleWebKit/537.36 (KHTML, like Gecko) Chrome/135.0.0.0 Safari/537.36"}
{"duration":10,"level":"info","message":"Request completed","method":"GET","requestId":"1c91c616-38dd-46b8-b347-3a8b01ee094e","service":"api-service","status":404,"timestamp":"2025-05-02 21:04:20","url":"/api/v1/revenue?type=weekly"}
{"ip":"::1","level":"info","message":"Incoming request","method":"GET","requestId":"83fedafc-51ac-4f3b-b4e6-c4fbcf2b8f53","service":"api-service","timestamp":"2025-05-02 21:04:24","url":"/api/v1/categories","userAgent":"Mozilla/5.0 (Windows NT 10.0; Win64; x64) AppleWebKit/537.36 (KHTML, like Gecko) Chrome/135.0.0.0 Safari/537.36"}
{"duration":17,"level":"info","message":"Request completed","method":"GET","requestId":"83fedafc-51ac-4f3b-b4e6-c4fbcf2b8f53","service":"api-service","status":404,"timestamp":"2025-05-02 21:04:24","url":"/api/v1/categories"}
{"ip":"::1","level":"info","message":"Incoming request","method":"GET","requestId":"447e30a3-71bd-47d6-8a39-3aa3ab9bc727","service":"api-service","timestamp":"2025-05-02 21:05:04","url":"/api/v1/posts","userAgent":"Mozilla/5.0 (Windows NT 10.0; Win64; x64) AppleWebKit/537.36 (KHTML, like Gecko) Chrome/135.0.0.0 Safari/537.36"}
{"duration":533,"level":"info","message":"Request completed","method":"GET","requestId":"447e30a3-71bd-47d6-8a39-3aa3ab9bc727","service":"api-service","status":304,"timestamp":"2025-05-02 21:05:04","url":"/api/v1/posts"}
{"ip":"::1","level":"info","message":"Incoming request","method":"GET","requestId":"1e90fd9d-e5e5-4a66-a315-96df7c07feb3","service":"api-service","timestamp":"2025-05-02 21:08:28","url":"/api/v1/categories","userAgent":"Mozilla/5.0 (Windows NT 10.0; Win64; x64) AppleWebKit/537.36 (KHTML, like Gecko) Chrome/135.0.0.0 Safari/537.36"}
{"duration":86,"level":"info","message":"Request completed","method":"GET","requestId":"1e90fd9d-e5e5-4a66-a315-96df7c07feb3","service":"api-service","status":404,"timestamp":"2025-05-02 21:08:28","url":"/api/v1/categories"}
{"ip":"::1","level":"info","message":"Incoming request","method":"POST","requestId":"a1b0bbfa-b40f-46b4-8f30-0f21515699be","service":"api-service","timestamp":"2025-05-02 21:08:37","url":"/api/v1/auth/login","userAgent":"Mozilla/5.0 (Windows NT 10.0; Win64; x64) AppleWebKit/537.36 (KHTML, like Gecko) Chrome/135.0.0.0 Safari/537.36"}
{"duration":969,"level":"info","message":"Request completed","method":"POST","requestId":"a1b0bbfa-b40f-46b4-8f30-0f21515699be","service":"api-service","status":200,"timestamp":"2025-05-02 21:08:38","url":"/api/v1/auth/login"}
{"ip":"::1","level":"info","message":"Incoming request","method":"GET","requestId":"02f6bef6-594b-45ee-aeb5-3ad022f7fe74","service":"api-service","timestamp":"2025-05-02 21:08:45","url":"/api/v1/revenue?type=monthly","userAgent":"Mozilla/5.0 (Windows NT 10.0; Win64; x64) AppleWebKit/537.36 (KHTML, like Gecko) Chrome/135.0.0.0 Safari/537.36"}
{"ip":"::1","level":"info","message":"Incoming request","method":"GET","requestId":"cdd2e194-5cc3-4562-8b5d-0c7c6e4943bb","service":"api-service","timestamp":"2025-05-02 21:08:45","url":"/api/v1/posts","userAgent":"Mozilla/5.0 (Windows NT 10.0; Win64; x64) AppleWebKit/537.36 (KHTML, like Gecko) Chrome/135.0.0.0 Safari/537.36"}
{"duration":60,"level":"info","message":"Request completed","method":"GET","requestId":"02f6bef6-594b-45ee-aeb5-3ad022f7fe74","service":"api-service","status":404,"timestamp":"2025-05-02 21:08:45","url":"/api/v1/revenue?type=monthly"}
{"ip":"::1","level":"info","message":"Incoming request","method":"GET","requestId":"51effc38-cbef-47d3-a0df-70ecd7c673a3","service":"api-service","timestamp":"2025-05-02 21:08:45","url":"/api/v1/subscriptions","userAgent":"Mozilla/5.0 (Windows NT 10.0; Win64; x64) AppleWebKit/537.36 (KHTML, like Gecko) Chrome/135.0.0.0 Safari/537.36"}
{"duration":228,"level":"info","message":"Request completed","method":"GET","requestId":"cdd2e194-5cc3-4562-8b5d-0c7c6e4943bb","service":"api-service","status":304,"timestamp":"2025-05-02 21:08:45","url":"/api/v1/posts"}
{"duration":246,"level":"info","message":"Request completed","method":"GET","requestId":"51effc38-cbef-47d3-a0df-70ecd7c673a3","service":"api-service","status":304,"timestamp":"2025-05-02 21:08:45","url":"/api/v1/subscriptions"}
{"ip":"::1","level":"info","message":"Incoming request","method":"GET","requestId":"a7c63ad7-d21f-4071-8b06-1b58eca1e585","service":"api-service","timestamp":"2025-05-02 21:09:11","url":"/api/v1/categories","userAgent":"Mozilla/5.0 (Windows NT 10.0; Win64; x64) AppleWebKit/537.36 (KHTML, like Gecko) Chrome/135.0.0.0 Safari/537.36"}
{"duration":16,"level":"info","message":"Request completed","method":"GET","requestId":"a7c63ad7-d21f-4071-8b06-1b58eca1e585","service":"api-service","status":404,"timestamp":"2025-05-02 21:09:11","url":"/api/v1/categories"}
{"ip":"::1","level":"info","message":"Incoming request","method":"POST","requestId":"e5891c61-7cc3-4480-81b1-8e9eca9994a2","service":"api-service","timestamp":"2025-05-02 21:10:12","url":"/api/v1/media","userAgent":"Mozilla/5.0 (Windows NT 10.0; Win64; x64) AppleWebKit/537.36 (KHTML, like Gecko) Chrome/135.0.0.0 Safari/537.36"}
{"duration":1393,"level":"info","message":"Request completed","method":"POST","requestId":"e5891c61-7cc3-4480-81b1-8e9eca9994a2","service":"api-service","status":200,"timestamp":"2025-05-02 21:10:13","url":"/api/v1/media"}
{"ip":"::1","level":"info","message":"Incoming request","method":"POST","requestId":"81c04c7b-2fd0-4429-95de-c526ba11e1fc","service":"api-service","timestamp":"2025-05-02 21:12:09","url":"/api/v1/media","userAgent":"Mozilla/5.0 (Windows NT 10.0; Win64; x64) AppleWebKit/537.36 (KHTML, like Gecko) Chrome/135.0.0.0 Safari/537.36"}
{"duration":723,"level":"info","message":"Request completed","method":"POST","requestId":"81c04c7b-2fd0-4429-95de-c526ba11e1fc","service":"api-service","status":200,"timestamp":"2025-05-02 21:12:09","url":"/api/v1/media"}
{"ip":"::1","level":"info","message":"Incoming request","method":"POST","requestId":"d81e8259-b855-471e-9607-e45b15a71187","service":"api-service","timestamp":"2025-05-02 21:12:20","url":"/api/v1/media","userAgent":"Mozilla/5.0 (Windows NT 10.0; Win64; x64) AppleWebKit/537.36 (KHTML, like Gecko) Chrome/135.0.0.0 Safari/537.36"}
{"duration":336,"level":"info","message":"Request completed","method":"POST","requestId":"d81e8259-b855-471e-9607-e45b15a71187","service":"api-service","status":400,"timestamp":"2025-05-02 21:12:20","url":"/api/v1/media"}
{"ip":"::1","level":"info","message":"Incoming request","method":"POST","requestId":"d04da486-f0a0-4264-ab56-533c978f100e","service":"api-service","timestamp":"2025-05-02 21:12:31","url":"/api/v1/media","userAgent":"Mozilla/5.0 (Windows NT 10.0; Win64; x64) AppleWebKit/537.36 (KHTML, like Gecko) Chrome/135.0.0.0 Safari/537.36"}
{"duration":909,"level":"info","message":"Request completed","method":"POST","requestId":"d04da486-f0a0-4264-ab56-533c978f100e","service":"api-service","status":200,"timestamp":"2025-05-02 21:12:31","url":"/api/v1/media"}
{"ip":"::1","level":"info","message":"Incoming request","method":"GET","requestId":"e62aeef7-1b6f-443c-bd05-1c7a8c64fb0c","service":"api-service","timestamp":"2025-05-02 21:13:50","url":"/api/v1/posts","userAgent":"Mozilla/5.0 (Windows NT 10.0; Win64; x64) AppleWebKit/537.36 (KHTML, like Gecko) Chrome/135.0.0.0 Safari/537.36"}
{"duration":419,"level":"info","message":"Request completed","method":"GET","requestId":"e62aeef7-1b6f-443c-bd05-1c7a8c64fb0c","service":"api-service","status":304,"timestamp":"2025-05-02 21:13:50","url":"/api/v1/posts"}
{"ip":"::1","level":"info","message":"Incoming request","method":"GET","requestId":"772d3d64-2fe2-45c1-b8f0-83c8a0a36887","service":"api-service","timestamp":"2025-05-02 21:13:55","url":"/api/v1/revenue?type=weekly","userAgent":"Mozilla/5.0 (Windows NT 10.0; Win64; x64) AppleWebKit/537.36 (KHTML, like Gecko) Chrome/135.0.0.0 Safari/537.36"}
{"duration":12,"level":"info","message":"Request completed","method":"GET","requestId":"772d3d64-2fe2-45c1-b8f0-83c8a0a36887","service":"api-service","status":404,"timestamp":"2025-05-02 21:13:55","url":"/api/v1/revenue?type=weekly"}
{"ip":"::1","level":"info","message":"Incoming request","method":"GET","requestId":"6ee3cda5-02a8-4177-9f62-3a5589da0407","service":"api-service","timestamp":"2025-05-02 21:14:00","url":"/api/v1/revenue?type=monthly","userAgent":"Mozilla/5.0 (Windows NT 10.0; Win64; x64) AppleWebKit/537.36 (KHTML, like Gecko) Chrome/135.0.0.0 Safari/537.36"}
{"duration":9,"level":"info","message":"Request completed","method":"GET","requestId":"6ee3cda5-02a8-4177-9f62-3a5589da0407","service":"api-service","status":404,"timestamp":"2025-05-02 21:14:00","url":"/api/v1/revenue?type=monthly"}
{"ip":"::1","level":"info","message":"Incoming request","method":"GET","requestId":"1c8119a6-9f32-4a19-b433-75a4ae28de09","service":"api-service","timestamp":"2025-05-02 21:14:01","url":"/api/v1/revenue?type=weekly","userAgent":"Mozilla/5.0 (Windows NT 10.0; Win64; x64) AppleWebKit/537.36 (KHTML, like Gecko) Chrome/135.0.0.0 Safari/537.36"}
{"duration":11,"level":"info","message":"Request completed","method":"GET","requestId":"1c8119a6-9f32-4a19-b433-75a4ae28de09","service":"api-service","status":404,"timestamp":"2025-05-02 21:14:01","url":"/api/v1/revenue?type=weekly"}
{"ip":"::1","level":"info","message":"Incoming request","method":"GET","requestId":"9d4c0a47-0f4f-476c-8031-11f9e1b16bcc","service":"api-service","timestamp":"2025-05-02 21:14:05","url":"/api/v1/revenue?type=monthly","userAgent":"Mozilla/5.0 (Windows NT 10.0; Win64; x64) AppleWebKit/537.36 (KHTML, like Gecko) Chrome/135.0.0.0 Safari/537.36"}
{"duration":9,"level":"info","message":"Request completed","method":"GET","requestId":"9d4c0a47-0f4f-476c-8031-11f9e1b16bcc","service":"api-service","status":404,"timestamp":"2025-05-02 21:14:05","url":"/api/v1/revenue?type=monthly"}
{"ip":"::1","level":"info","message":"Incoming request","method":"GET","requestId":"843b3a95-8e23-470f-9f0c-47dff96b4055","service":"api-service","timestamp":"2025-05-02 21:14:06","url":"/api/v1/revenue?type=weekly","userAgent":"Mozilla/5.0 (Windows NT 10.0; Win64; x64) AppleWebKit/537.36 (KHTML, like Gecko) Chrome/135.0.0.0 Safari/537.36"}
{"duration":11,"level":"info","message":"Request completed","method":"GET","requestId":"843b3a95-8e23-470f-9f0c-47dff96b4055","service":"api-service","status":404,"timestamp":"2025-05-02 21:14:06","url":"/api/v1/revenue?type=weekly"}
{"ip":"::1","level":"info","message":"Incoming request","method":"GET","requestId":"191c3e26-e154-4b84-9565-2f6b4731189c","service":"api-service","timestamp":"2025-05-02 21:14:07","url":"/api/v1/revenue?type=monthly","userAgent":"Mozilla/5.0 (Windows NT 10.0; Win64; x64) AppleWebKit/537.36 (KHTML, like Gecko) Chrome/135.0.0.0 Safari/537.36"}
{"duration":12,"level":"info","message":"Request completed","method":"GET","requestId":"191c3e26-e154-4b84-9565-2f6b4731189c","service":"api-service","status":404,"timestamp":"2025-05-02 21:14:07","url":"/api/v1/revenue?type=monthly"}
{"ip":"::1","level":"info","message":"Incoming request","method":"GET","requestId":"87f62948-3989-43b3-b625-073c54d9ba40","service":"api-service","timestamp":"2025-05-02 21:14:08","url":"/api/v1/revenue?type=weekly","userAgent":"Mozilla/5.0 (Windows NT 10.0; Win64; x64) AppleWebKit/537.36 (KHTML, like Gecko) Chrome/135.0.0.0 Safari/537.36"}
{"duration":15,"level":"info","message":"Request completed","method":"GET","requestId":"87f62948-3989-43b3-b625-073c54d9ba40","service":"api-service","status":404,"timestamp":"2025-05-02 21:14:08","url":"/api/v1/revenue?type=weekly"}
{"ip":"::1","level":"info","message":"Incoming request","method":"GET","requestId":"fdccc67b-e98d-48c8-b719-f9128d9b9912","service":"api-service","timestamp":"2025-05-02 21:14:09","url":"/api/v1/revenue?type=monthly","userAgent":"Mozilla/5.0 (Windows NT 10.0; Win64; x64) AppleWebKit/537.36 (KHTML, like Gecko) Chrome/135.0.0.0 Safari/537.36"}
{"duration":7,"level":"info","message":"Request completed","method":"GET","requestId":"fdccc67b-e98d-48c8-b719-f9128d9b9912","service":"api-service","status":404,"timestamp":"2025-05-02 21:14:09","url":"/api/v1/revenue?type=monthly"}
{"ip":"::1","level":"info","message":"Incoming request","method":"GET","requestId":"551dc80f-6175-4502-adfe-9a896287f59f","service":"api-service","timestamp":"2025-05-02 21:14:44","url":"/api/v1/revenue?type=weekly","userAgent":"Mozilla/5.0 (Windows NT 10.0; Win64; x64) AppleWebKit/537.36 (KHTML, like Gecko) Chrome/135.0.0.0 Safari/537.36"}
{"duration":10,"level":"info","message":"Request completed","method":"GET","requestId":"551dc80f-6175-4502-adfe-9a896287f59f","service":"api-service","status":404,"timestamp":"2025-05-02 21:14:44","url":"/api/v1/revenue?type=weekly"}
{"ip":"::1","level":"info","message":"Incoming request","method":"GET","requestId":"534df1d1-2bc6-4b12-92ea-b044a8d16230","service":"api-service","timestamp":"2025-05-02 21:14:44","url":"/api/v1/revenue?type=monthly","userAgent":"Mozilla/5.0 (Windows NT 10.0; Win64; x64) AppleWebKit/537.36 (KHTML, like Gecko) Chrome/135.0.0.0 Safari/537.36"}
{"duration":11,"level":"info","message":"Request completed","method":"GET","requestId":"534df1d1-2bc6-4b12-92ea-b044a8d16230","service":"api-service","status":404,"timestamp":"2025-05-02 21:14:44","url":"/api/v1/revenue?type=monthly"}
{"ip":"::1","level":"info","message":"Incoming request","method":"GET","requestId":"8b4e2953-d21b-42df-88ae-2213096991e2","service":"api-service","timestamp":"2025-05-02 21:14:45","url":"/api/v1/revenue?type=weekly","userAgent":"Mozilla/5.0 (Windows NT 10.0; Win64; x64) AppleWebKit/537.36 (KHTML, like Gecko) Chrome/135.0.0.0 Safari/537.36"}
{"duration":10,"level":"info","message":"Request completed","method":"GET","requestId":"8b4e2953-d21b-42df-88ae-2213096991e2","service":"api-service","status":404,"timestamp":"2025-05-02 21:14:45","url":"/api/v1/revenue?type=weekly"}
{"ip":"::1","level":"info","message":"Incoming request","method":"GET","requestId":"bae2b0c3-ab2f-498a-bfb2-2afaed1c9917","service":"api-service","timestamp":"2025-05-02 21:14:46","url":"/api/v1/revenue?type=monthly","userAgent":"Mozilla/5.0 (Windows NT 10.0; Win64; x64) AppleWebKit/537.36 (KHTML, like Gecko) Chrome/135.0.0.0 Safari/537.36"}
{"duration":9,"level":"info","message":"Request completed","method":"GET","requestId":"bae2b0c3-ab2f-498a-bfb2-2afaed1c9917","service":"api-service","status":404,"timestamp":"2025-05-02 21:14:46","url":"/api/v1/revenue?type=monthly"}
{"ip":"::1","level":"info","message":"Incoming request","method":"GET","requestId":"257dd8a5-d094-4d04-ae16-15d9cdc41c06","service":"api-service","timestamp":"2025-05-02 21:15:15","url":"/api/v1/posts","userAgent":"Mozilla/5.0 (Windows NT 10.0; Win64; x64) AppleWebKit/537.36 (KHTML, like Gecko) Chrome/135.0.0.0 Safari/537.36"}
{"ip":"::1","level":"info","message":"Incoming request","method":"GET","requestId":"bc155904-4c5a-4c9c-9295-3f19bd95c522","service":"api-service","timestamp":"2025-05-02 21:15:15","url":"/api/v1/subscriptions","userAgent":"Mozilla/5.0 (Windows NT 10.0; Win64; x64) AppleWebKit/537.36 (KHTML, like Gecko) Chrome/135.0.0.0 Safari/537.36"}
{"ip":"::1","level":"info","message":"Incoming request","method":"GET","requestId":"8ebcdee7-0601-40a9-ba1e-aff479ece757","service":"api-service","timestamp":"2025-05-02 21:15:15","url":"/api/v1/revenue?type=monthly","userAgent":"Mozilla/5.0 (Windows NT 10.0; Win64; x64) AppleWebKit/537.36 (KHTML, like Gecko) Chrome/135.0.0.0 Safari/537.36"}
{"duration":49,"level":"info","message":"Request completed","method":"GET","requestId":"8ebcdee7-0601-40a9-ba1e-aff479ece757","service":"api-service","status":404,"timestamp":"2025-05-02 21:15:15","url":"/api/v1/revenue?type=monthly"}
{"duration":507,"level":"info","message":"Request completed","method":"GET","requestId":"bc155904-4c5a-4c9c-9295-3f19bd95c522","service":"api-service","status":304,"timestamp":"2025-05-02 21:15:15","url":"/api/v1/subscriptions"}
{"duration":698,"level":"info","message":"Request completed","method":"GET","requestId":"257dd8a5-d094-4d04-ae16-15d9cdc41c06","service":"api-service","status":304,"timestamp":"2025-05-02 21:15:15","url":"/api/v1/posts"}
{"ip":"::1","level":"info","message":"Incoming request","method":"POST","requestId":"ea9b084e-99a8-4536-a102-bf58ea0e2494","service":"api-service","timestamp":"2025-05-02 21:20:05","url":"/api/v1/auth/login","userAgent":"Mozilla/5.0 (Windows NT 10.0; Win64; x64) AppleWebKit/537.36 (KHTML, like Gecko) Chrome/135.0.0.0 Safari/537.36"}
{"duration":719,"level":"info","message":"Request completed","method":"POST","requestId":"ea9b084e-99a8-4536-a102-bf58ea0e2494","service":"api-service","status":200,"timestamp":"2025-05-02 21:20:06","url":"/api/v1/auth/login"}
{"ip":"::1","level":"info","message":"Incoming request","method":"GET","requestId":"d441a70b-150e-4765-ba8b-6bf4d8f4be8d","service":"api-service","timestamp":"2025-05-02 21:20:07","url":"/api/v1/posts","userAgent":"Mozilla/5.0 (Windows NT 10.0; Win64; x64) AppleWebKit/537.36 (KHTML, like Gecko) Chrome/135.0.0.0 Safari/537.36"}
{"duration":42,"level":"info","message":"Request completed","method":"GET","requestId":"d441a70b-150e-4765-ba8b-6bf4d8f4be8d","service":"api-service","status":401,"timestamp":"2025-05-02 21:20:07","url":"/api/v1/posts"}
{"ip":"::1","level":"info","message":"Incoming request","method":"GET","requestId":"fa569d9f-de66-4a8a-8d59-4e5232333d28","service":"api-service","timestamp":"2025-05-02 21:20:07","url":"/api/v1/subscriptions","userAgent":"Mozilla/5.0 (Windows NT 10.0; Win64; x64) AppleWebKit/537.36 (KHTML, like Gecko) Chrome/135.0.0.0 Safari/537.36"}
{"ip":"::1","level":"info","message":"Incoming request","method":"GET","requestId":"11f9415d-7c83-4079-8a6b-0109c9eed9e6","service":"api-service","timestamp":"2025-05-02 21:20:08","url":"/api/v1/revenue?type=monthly","userAgent":"Mozilla/5.0 (Windows NT 10.0; Win64; x64) AppleWebKit/537.36 (KHTML, like Gecko) Chrome/135.0.0.0 Safari/537.36"}
{"duration":29,"level":"info","message":"Request completed","method":"GET","requestId":"11f9415d-7c83-4079-8a6b-0109c9eed9e6","service":"api-service","status":404,"timestamp":"2025-05-02 21:20:08","url":"/api/v1/revenue?type=monthly"}
{"duration":70,"level":"info","message":"Request completed","method":"GET","requestId":"fa569d9f-de66-4a8a-8d59-4e5232333d28","service":"api-service","status":304,"timestamp":"2025-05-02 21:20:08","url":"/api/v1/subscriptions"}
{"ip":"::1","level":"info","message":"Incoming request","method":"POST","requestId":"d7118db1-a04d-4aac-bf59-606ea9c7f96d","service":"api-service","timestamp":"2025-05-02 21:46:06","url":"/api/v1/auth/login","userAgent":"Mozilla/5.0 (Windows NT 10.0; Win64; x64) AppleWebKit/537.36 (KHTML, like Gecko) Chrome/135.0.0.0 Safari/537.36"}
{"duration":414,"level":"info","message":"Request completed","method":"POST","requestId":"d7118db1-a04d-4aac-bf59-606ea9c7f96d","service":"api-service","status":400,"timestamp":"2025-05-02 21:46:06","url":"/api/v1/auth/login"}
{"ip":"::1","level":"info","message":"Incoming request","method":"POST","requestId":"db86a9b4-8949-4533-814c-3c0b0e66534f","service":"api-service","timestamp":"2025-05-02 21:46:19","url":"/api/v1/auth/login","userAgent":"Mozilla/5.0 (Windows NT 10.0; Win64; x64) AppleWebKit/537.36 (KHTML, like Gecko) Chrome/135.0.0.0 Safari/537.36"}
{"duration":344,"level":"info","message":"Request completed","method":"POST","requestId":"db86a9b4-8949-4533-814c-3c0b0e66534f","service":"api-service","status":400,"timestamp":"2025-05-02 21:46:19","url":"/api/v1/auth/login"}
{"ip":"::1","level":"info","message":"Incoming request","method":"POST","requestId":"72dc5034-330e-4056-8b91-71dff038118b","service":"api-service","timestamp":"2025-05-02 21:46:23","url":"/api/v1/auth/login","userAgent":"Mozilla/5.0 (Windows NT 10.0; Win64; x64) AppleWebKit/537.36 (KHTML, like Gecko) Chrome/135.0.0.0 Safari/537.36"}
{"duration":639,"level":"info","message":"Request completed","method":"POST","requestId":"72dc5034-330e-4056-8b91-71dff038118b","service":"api-service","status":200,"timestamp":"2025-05-02 21:46:23","url":"/api/v1/auth/login"}
{"ip":"::1","level":"info","message":"Incoming request","method":"GET","requestId":"4d71992d-7198-437d-a546-fe2d39a8fd1d","service":"api-service","timestamp":"2025-05-02 21:46:25","url":"/api/v1/posts","userAgent":"Mozilla/5.0 (Windows NT 10.0; Win64; x64) AppleWebKit/537.36 (KHTML, like Gecko) Chrome/135.0.0.0 Safari/537.36"}
{"duration":53,"level":"info","message":"Request completed","method":"GET","requestId":"4d71992d-7198-437d-a546-fe2d39a8fd1d","service":"api-service","status":401,"timestamp":"2025-05-02 21:46:25","url":"/api/v1/posts"}
{"ip":"::1","level":"info","message":"Incoming request","method":"GET","requestId":"b50db9b2-7113-4ef0-8cac-1d725d70dc16","service":"api-service","timestamp":"2025-05-02 21:46:25","url":"/api/v1/subscriptions","userAgent":"Mozilla/5.0 (Windows NT 10.0; Win64; x64) AppleWebKit/537.36 (KHTML, like Gecko) Chrome/135.0.0.0 Safari/537.36"}
{"ip":"::1","level":"info","message":"Incoming request","method":"GET","requestId":"231fd8c0-3b81-4610-8abf-9f82ada1730a","service":"api-service","timestamp":"2025-05-02 21:46:25","url":"/api/v1/revenue?type=monthly","userAgent":"Mozilla/5.0 (Windows NT 10.0; Win64; x64) AppleWebKit/537.36 (KHTML, like Gecko) Chrome/135.0.0.0 Safari/537.36"}
{"duration":18,"level":"info","message":"Request completed","method":"GET","requestId":"231fd8c0-3b81-4610-8abf-9f82ada1730a","service":"api-service","status":404,"timestamp":"2025-05-02 21:46:25","url":"/api/v1/revenue?type=monthly"}
{"duration":72,"level":"info","message":"Request completed","method":"GET","requestId":"b50db9b2-7113-4ef0-8cac-1d725d70dc16","service":"api-service","status":304,"timestamp":"2025-05-02 21:46:25","url":"/api/v1/subscriptions"}
{"ip":"::1","level":"info","message":"Incoming request","method":"POST","requestId":"38e71277-c1ca-4372-b24f-6a553624b303","service":"api-service","timestamp":"2025-05-02 21:46:49","url":"/api/v1/auth/login","userAgent":"Mozilla/5.0 (Windows NT 10.0; Win64; x64) AppleWebKit/537.36 (KHTML, like Gecko) Chrome/135.0.0.0 Safari/537.36"}
{"duration":681,"level":"info","message":"Request completed","method":"POST","requestId":"38e71277-c1ca-4372-b24f-6a553624b303","service":"api-service","status":200,"timestamp":"2025-05-02 21:46:50","url":"/api/v1/auth/login"}
{"ip":"::1","level":"info","message":"Incoming request","method":"GET","requestId":"8d692b6a-3fa2-4b5a-b7a5-30f29a1061f2","service":"api-service","timestamp":"2025-05-02 21:46:51","url":"/api/v1/posts","userAgent":"Mozilla/5.0 (Windows NT 10.0; Win64; x64) AppleWebKit/537.36 (KHTML, like Gecko) Chrome/135.0.0.0 Safari/537.36"}
{"duration":24,"level":"info","message":"Request completed","method":"GET","requestId":"8d692b6a-3fa2-4b5a-b7a5-30f29a1061f2","service":"api-service","status":401,"timestamp":"2025-05-02 21:46:51","url":"/api/v1/posts"}
{"ip":"::1","level":"info","message":"Incoming request","method":"GET","requestId":"3fc0f378-b68a-4877-9e20-47064b012405","service":"api-service","timestamp":"2025-05-02 21:46:51","url":"/api/v1/subscriptions","userAgent":"Mozilla/5.0 (Windows NT 10.0; Win64; x64) AppleWebKit/537.36 (KHTML, like Gecko) Chrome/135.0.0.0 Safari/537.36"}
{"ip":"::1","level":"info","message":"Incoming request","method":"GET","requestId":"9a34b35b-d8e1-4827-87d8-202745fd4641","service":"api-service","timestamp":"2025-05-02 21:46:51","url":"/api/v1/revenue?type=monthly","userAgent":"Mozilla/5.0 (Windows NT 10.0; Win64; x64) AppleWebKit/537.36 (KHTML, like Gecko) Chrome/135.0.0.0 Safari/537.36"}
{"duration":15,"level":"info","message":"Request completed","method":"GET","requestId":"9a34b35b-d8e1-4827-87d8-202745fd4641","service":"api-service","status":404,"timestamp":"2025-05-02 21:46:51","url":"/api/v1/revenue?type=monthly"}
{"duration":66,"level":"info","message":"Request completed","method":"GET","requestId":"3fc0f378-b68a-4877-9e20-47064b012405","service":"api-service","status":304,"timestamp":"2025-05-02 21:46:51","url":"/api/v1/subscriptions"}
{"ip":"::1","level":"info","message":"Incoming request","method":"POST","requestId":"3d9ef9a0-ed1a-4afe-bdaa-2548249c36c7","service":"api-service","timestamp":"2025-05-02 21:47:58","url":"/api/v1/auth/login","userAgent":"Mozilla/5.0 (Windows NT 10.0; Win64; x64) AppleWebKit/537.36 (KHTML, like Gecko) Chrome/135.0.0.0 Safari/537.36"}
{"duration":676,"level":"info","message":"Request completed","method":"POST","requestId":"3d9ef9a0-ed1a-4afe-bdaa-2548249c36c7","service":"api-service","status":200,"timestamp":"2025-05-02 21:47:59","url":"/api/v1/auth/login"}
{"ip":"::1","level":"info","message":"Incoming request","method":"GET","requestId":"f9ee53dc-d94e-4599-a4c1-be862a733223","service":"api-service","timestamp":"2025-05-02 21:48:00","url":"/api/v1/posts","userAgent":"Mozilla/5.0 (Windows NT 10.0; Win64; x64) AppleWebKit/537.36 (KHTML, like Gecko) Chrome/135.0.0.0 Safari/537.36"}
{"duration":60,"level":"info","message":"Request completed","method":"GET","requestId":"f9ee53dc-d94e-4599-a4c1-be862a733223","service":"api-service","status":401,"timestamp":"2025-05-02 21:48:00","url":"/api/v1/posts"}
{"ip":"::1","level":"info","message":"Incoming request","method":"GET","requestId":"1f7047d3-27e4-49d1-9f87-bfeaac2dc547","service":"api-service","timestamp":"2025-05-02 21:48:00","url":"/api/v1/subscriptions","userAgent":"Mozilla/5.0 (Windows NT 10.0; Win64; x64) AppleWebKit/537.36 (KHTML, like Gecko) Chrome/135.0.0.0 Safari/537.36"}
{"ip":"::1","level":"info","message":"Incoming request","method":"GET","requestId":"2caa8651-070e-4de0-9961-f6f6c0377490","service":"api-service","timestamp":"2025-05-02 21:48:00","url":"/api/v1/revenue?type=monthly","userAgent":"Mozilla/5.0 (Windows NT 10.0; Win64; x64) AppleWebKit/537.36 (KHTML, like Gecko) Chrome/135.0.0.0 Safari/537.36"}
{"duration":23,"level":"info","message":"Request completed","method":"GET","requestId":"2caa8651-070e-4de0-9961-f6f6c0377490","service":"api-service","status":404,"timestamp":"2025-05-02 21:48:00","url":"/api/v1/revenue?type=monthly"}
{"duration":75,"level":"info","message":"Request completed","method":"GET","requestId":"1f7047d3-27e4-49d1-9f87-bfeaac2dc547","service":"api-service","status":304,"timestamp":"2025-05-02 21:48:00","url":"/api/v1/subscriptions"}
{"ip":"::1","level":"info","message":"Incoming request","method":"POST","requestId":"bf463967-e8c8-47ce-9cfe-d0f5e7c9f5b6","service":"api-service","timestamp":"2025-05-02 22:03:43","url":"/api/v1/auth/login","userAgent":"Mozilla/5.0 (Windows NT 10.0; Win64; x64) AppleWebKit/537.36 (KHTML, like Gecko) Chrome/135.0.0.0 Safari/537.36"}
{"duration":298,"level":"info","message":"Request completed","method":"POST","requestId":"bf463967-e8c8-47ce-9cfe-d0f5e7c9f5b6","service":"api-service","status":400,"timestamp":"2025-05-02 22:03:43","url":"/api/v1/auth/login"}
{"ip":"::1","level":"info","message":"Incoming request","method":"POST","requestId":"684f87b3-110c-41e1-9356-a3db504683d4","service":"api-service","timestamp":"2025-05-02 22:03:52","url":"/api/v1/auth/login","userAgent":"Mozilla/5.0 (Windows NT 10.0; Win64; x64) AppleWebKit/537.36 (KHTML, like Gecko) Chrome/135.0.0.0 Safari/537.36"}
{"duration":145,"level":"info","message":"Request completed","method":"POST","requestId":"684f87b3-110c-41e1-9356-a3db504683d4","service":"api-service","status":400,"timestamp":"2025-05-02 22:03:52","url":"/api/v1/auth/login"}
{"ip":"::1","level":"info","message":"Incoming request","method":"GET","requestId":"e346c381-1d06-4530-ac84-eaa878bd3166","service":"api-service","timestamp":"2025-05-02 22:47:16","url":"/api/v1/payments/user","userAgent":"PostmanRuntime/7.43.4"}
{"duration":1049,"level":"info","message":"Request completed","method":"GET","requestId":"e346c381-1d06-4530-ac84-eaa878bd3166","service":"api-service","status":200,"timestamp":"2025-05-02 22:47:17","url":"/api/v1/payments/user"}
{"ip":"::1","level":"info","message":"Incoming request","method":"GET","requestId":"127bd7da-0e10-4979-bf78-878f048268ce","service":"api-service","timestamp":"2025-05-02 22:47:27","url":"/api/v1/payments/user","userAgent":"PostmanRuntime/7.43.4"}
{"duration":346,"level":"info","message":"Request completed","method":"GET","requestId":"127bd7da-0e10-4979-bf78-878f048268ce","service":"api-service","status":200,"timestamp":"2025-05-02 22:47:28","url":"/api/v1/payments/user"}
{"ip":"::1","level":"info","message":"Incoming request","method":"GET","requestId":"a2686b02-95aa-4c22-b626-3cb9a26f73c6","service":"api-service","timestamp":"2025-05-02 22:49:05","url":"/api/v1/payments/user","userAgent":"PostmanRuntime/7.43.4"}
{"duration":195,"level":"info","message":"Request completed","method":"GET","requestId":"a2686b02-95aa-4c22-b626-3cb9a26f73c6","service":"api-service","status":200,"timestamp":"2025-05-02 22:49:05","url":"/api/v1/payments/user"}
{"ip":"::1","level":"info","message":"Incoming request","method":"POST","requestId":"ca3f97c4-b785-4335-b09e-c7fc238c5286","service":"api-service","timestamp":"2025-05-02 22:51:13","url":"/api/v1/auth/login","userAgent":"Mozilla/5.0 (Windows NT 10.0; Win64; x64) AppleWebKit/537.36 (KHTML, like Gecko) Chrome/135.0.0.0 Safari/537.36"}
{"duration":555,"level":"info","message":"Request completed","method":"POST","requestId":"ca3f97c4-b785-4335-b09e-c7fc238c5286","service":"api-service","status":200,"timestamp":"2025-05-02 22:51:14","url":"/api/v1/auth/login"}
{"ip":"::1","level":"info","message":"Incoming request","method":"GET","requestId":"c9d4bb2f-702b-4511-958b-7a12236fc7e7","service":"api-service","timestamp":"2025-05-02 22:51:15","url":"/api/v1/posts","userAgent":"Mozilla/5.0 (Windows NT 10.0; Win64; x64) AppleWebKit/537.36 (KHTML, like Gecko) Chrome/135.0.0.0 Safari/537.36"}
{"duration":67,"level":"info","message":"Request completed","method":"GET","requestId":"c9d4bb2f-702b-4511-958b-7a12236fc7e7","service":"api-service","status":401,"timestamp":"2025-05-02 22:51:15","url":"/api/v1/posts"}
{"ip":"::1","level":"info","message":"Incoming request","method":"GET","requestId":"fcd75684-e45b-4bd4-bdf4-cca9a6665334","service":"api-service","timestamp":"2025-05-02 22:51:15","url":"/api/v1/subscriptions","userAgent":"Mozilla/5.0 (Windows NT 10.0; Win64; x64) AppleWebKit/537.36 (KHTML, like Gecko) Chrome/135.0.0.0 Safari/537.36"}
{"ip":"::1","level":"info","message":"Incoming request","method":"GET","requestId":"5819b3a1-6741-463f-80f7-41134817b794","service":"api-service","timestamp":"2025-05-02 22:51:15","url":"/api/v1/revenue?type=monthly","userAgent":"Mozilla/5.0 (Windows NT 10.0; Win64; x64) AppleWebKit/537.36 (KHTML, like Gecko) Chrome/135.0.0.0 Safari/537.36"}
{"duration":18,"level":"info","message":"Request completed","method":"GET","requestId":"5819b3a1-6741-463f-80f7-41134817b794","service":"api-service","status":404,"timestamp":"2025-05-02 22:51:15","url":"/api/v1/revenue?type=monthly"}
{"duration":130,"level":"info","message":"Request completed","method":"GET","requestId":"fcd75684-e45b-4bd4-bdf4-cca9a6665334","service":"api-service","status":304,"timestamp":"2025-05-02 22:51:15","url":"/api/v1/subscriptions"}
{"ip":"::1","level":"info","message":"Incoming request","method":"GET","requestId":"c19e8745-c1f4-4cc0-860f-142287503658","service":"api-service","timestamp":"2025-05-02 22:51:30","url":"/api/v1/payments/user","userAgent":"PostmanRuntime/7.43.4"}
{"duration":316,"level":"info","message":"Request completed","method":"GET","requestId":"c19e8745-c1f4-4cc0-860f-142287503658","service":"api-service","status":200,"timestamp":"2025-05-02 22:51:30","url":"/api/v1/payments/user"}
{"ip":"::1","level":"info","message":"Incoming request","method":"POST","requestId":"85f178c4-1e48-494d-845c-bba8cd683a1e","service":"api-service","timestamp":"2025-05-02 22:56:16","url":"/api/v1/auth/login","userAgent":"Mozilla/5.0 (Windows NT 10.0; Win64; x64) AppleWebKit/537.36 (KHTML, like Gecko) Chrome/135.0.0.0 Safari/537.36"}
{"duration":2219,"level":"info","message":"Request completed","method":"POST","requestId":"85f178c4-1e48-494d-845c-bba8cd683a1e","service":"api-service","status":500,"timestamp":"2025-05-02 22:56:18","url":"/api/v1/auth/login"}
{"duration":2219,"level":"error","message":"Server error","method":"POST","requestId":"85f178c4-1e48-494d-845c-bba8cd683a1e","service":"api-service","status":500,"timestamp":"2025-05-02 22:56:18","url":"/api/v1/auth/login"}
{"ip":"::1","level":"info","message":"Incoming request","method":"POST","requestId":"414576f9-1145-4f2c-adc1-8144a21eada6","service":"api-service","timestamp":"2025-05-02 22:59:55","url":"/api/v1/auth/login","userAgent":"Mozilla/5.0 (Windows NT 10.0; Win64; x64) AppleWebKit/537.36 (KHTML, like Gecko) Chrome/135.0.0.0 Safari/537.36"}
{"duration":736,"level":"info","message":"Request completed","method":"POST","requestId":"414576f9-1145-4f2c-adc1-8144a21eada6","service":"api-service","status":200,"timestamp":"2025-05-02 22:59:56","url":"/api/v1/auth/login"}
{"ip":"::1","level":"info","message":"Incoming request","method":"GET","requestId":"6e1bd892-e62b-4247-bf85-218a48a9873e","service":"api-service","timestamp":"2025-05-02 22:59:57","url":"/api/v1/posts","userAgent":"Mozilla/5.0 (Windows NT 10.0; Win64; x64) AppleWebKit/537.36 (KHTML, like Gecko) Chrome/135.0.0.0 Safari/537.36"}
{"duration":64,"level":"info","message":"Request completed","method":"GET","requestId":"6e1bd892-e62b-4247-bf85-218a48a9873e","service":"api-service","status":401,"timestamp":"2025-05-02 22:59:57","url":"/api/v1/posts"}
{"ip":"::1","level":"info","message":"Incoming request","method":"GET","requestId":"16ea52a5-047a-4a9e-8c6a-49460196b0dc","service":"api-service","timestamp":"2025-05-02 22:59:57","url":"/api/v1/subscriptions","userAgent":"Mozilla/5.0 (Windows NT 10.0; Win64; x64) AppleWebKit/537.36 (KHTML, like Gecko) Chrome/135.0.0.0 Safari/537.36"}
{"ip":"::1","level":"info","message":"Incoming request","method":"GET","requestId":"4e6248a1-6cc8-439a-94c9-f9727803fffe","service":"api-service","timestamp":"2025-05-02 22:59:57","url":"/api/v1/revenue?type=monthly","userAgent":"Mozilla/5.0 (Windows NT 10.0; Win64; x64) AppleWebKit/537.36 (KHTML, like Gecko) Chrome/135.0.0.0 Safari/537.36"}
{"duration":13,"level":"info","message":"Request completed","method":"GET","requestId":"4e6248a1-6cc8-439a-94c9-f9727803fffe","service":"api-service","status":404,"timestamp":"2025-05-02 22:59:57","url":"/api/v1/revenue?type=monthly"}
{"duration":89,"level":"info","message":"Request completed","method":"GET","requestId":"16ea52a5-047a-4a9e-8c6a-49460196b0dc","service":"api-service","status":304,"timestamp":"2025-05-02 22:59:57","url":"/api/v1/subscriptions"}
{"ip":"::1","level":"info","message":"Incoming request","method":"POST","requestId":"6078f609-5cd1-47ee-a253-f12632bd39dd","service":"api-service","timestamp":"2025-05-02 23:06:36","url":"/api/v1/auth/login","userAgent":"Mozilla/5.0 (Windows NT 10.0; Win64; x64) AppleWebKit/537.36 (KHTML, like Gecko) Chrome/135.0.0.0 Safari/537.36"}
{"duration":619,"level":"info","message":"Request completed","method":"POST","requestId":"6078f609-5cd1-47ee-a253-f12632bd39dd","service":"api-service","status":200,"timestamp":"2025-05-02 23:06:36","url":"/api/v1/auth/login"}
{"ip":"::1","level":"info","message":"Incoming request","method":"GET","requestId":"c58f5582-8ab7-469c-bf19-fa4c9efa556d","service":"api-service","timestamp":"2025-05-02 23:06:37","url":"/api/v1/posts","userAgent":"Mozilla/5.0 (Windows NT 10.0; Win64; x64) AppleWebKit/537.36 (KHTML, like Gecko) Chrome/135.0.0.0 Safari/537.36"}
{"duration":41,"level":"info","message":"Request completed","method":"GET","requestId":"c58f5582-8ab7-469c-bf19-fa4c9efa556d","service":"api-service","status":401,"timestamp":"2025-05-02 23:06:37","url":"/api/v1/posts"}
{"ip":"::1","level":"info","message":"Incoming request","method":"GET","requestId":"5433b69d-3034-4b98-985a-b6f35bb3bdda","service":"api-service","timestamp":"2025-05-02 23:06:37","url":"/api/v1/subscriptions","userAgent":"Mozilla/5.0 (Windows NT 10.0; Win64; x64) AppleWebKit/537.36 (KHTML, like Gecko) Chrome/135.0.0.0 Safari/537.36"}
{"ip":"::1","level":"info","message":"Incoming request","method":"GET","requestId":"6334710e-6cbd-4a12-a919-f49109140ecd","service":"api-service","timestamp":"2025-05-02 23:06:37","url":"/api/v1/revenue?type=monthly","userAgent":"Mozilla/5.0 (Windows NT 10.0; Win64; x64) AppleWebKit/537.36 (KHTML, like Gecko) Chrome/135.0.0.0 Safari/537.36"}
{"duration":13,"level":"info","message":"Request completed","method":"GET","requestId":"6334710e-6cbd-4a12-a919-f49109140ecd","service":"api-service","status":404,"timestamp":"2025-05-02 23:06:37","url":"/api/v1/revenue?type=monthly"}
{"duration":59,"level":"info","message":"Request completed","method":"GET","requestId":"5433b69d-3034-4b98-985a-b6f35bb3bdda","service":"api-service","status":304,"timestamp":"2025-05-02 23:06:38","url":"/api/v1/subscriptions"}
{"ip":"::1","level":"info","message":"Incoming request","method":"POST","requestId":"5309c68e-e715-450a-827a-e4556d719681","service":"api-service","timestamp":"2025-05-02 23:08:35","url":"/api/v1/auth/login","userAgent":"Mozilla/5.0 (Windows NT 10.0; Win64; x64) AppleWebKit/537.36 (KHTML, like Gecko) Chrome/135.0.0.0 Safari/537.36"}
{"duration":795,"level":"info","message":"Request completed","method":"POST","requestId":"5309c68e-e715-450a-827a-e4556d719681","service":"api-service","status":200,"timestamp":"2025-05-02 23:08:36","url":"/api/v1/auth/login"}
{"ip":"::1","level":"info","message":"Incoming request","method":"GET","requestId":"ec31cd24-150c-47ad-8dc1-483763336149","service":"api-service","timestamp":"2025-05-02 23:08:38","url":"/api/v1/posts","userAgent":"Mozilla/5.0 (Windows NT 10.0; Win64; x64) AppleWebKit/537.36 (KHTML, like Gecko) Chrome/135.0.0.0 Safari/537.36"}
{"duration":40,"level":"info","message":"Request completed","method":"GET","requestId":"ec31cd24-150c-47ad-8dc1-483763336149","service":"api-service","status":401,"timestamp":"2025-05-02 23:08:38","url":"/api/v1/posts"}
{"ip":"::1","level":"info","message":"Incoming request","method":"GET","requestId":"6fd5efa6-e8d2-43c7-83af-3de9ecf5d9d3","service":"api-service","timestamp":"2025-05-02 23:08:38","url":"/api/v1/subscriptions","userAgent":"Mozilla/5.0 (Windows NT 10.0; Win64; x64) AppleWebKit/537.36 (KHTML, like Gecko) Chrome/135.0.0.0 Safari/537.36"}
{"ip":"::1","level":"info","message":"Incoming request","method":"GET","requestId":"1864ba0c-6485-4372-bb9e-2f75da419535","service":"api-service","timestamp":"2025-05-02 23:08:38","url":"/api/v1/revenue?type=monthly","userAgent":"Mozilla/5.0 (Windows NT 10.0; Win64; x64) AppleWebKit/537.36 (KHTML, like Gecko) Chrome/135.0.0.0 Safari/537.36"}
{"duration":29,"level":"info","message":"Request completed","method":"GET","requestId":"1864ba0c-6485-4372-bb9e-2f75da419535","service":"api-service","status":404,"timestamp":"2025-05-02 23:08:38","url":"/api/v1/revenue?type=monthly"}
{"duration":88,"level":"info","message":"Request completed","method":"GET","requestId":"6fd5efa6-e8d2-43c7-83af-3de9ecf5d9d3","service":"api-service","status":304,"timestamp":"2025-05-02 23:08:38","url":"/api/v1/subscriptions"}
{"ip":"::1","level":"info","message":"Incoming request","method":"POST","requestId":"fc82d432-fdc2-4bfc-97b9-6df428aba71f","service":"api-service","timestamp":"2025-05-02 23:09:33","url":"/api/v1/auth/login","userAgent":"Mozilla/5.0 (Windows NT 10.0; Win64; x64) AppleWebKit/537.36 (KHTML, like Gecko) Chrome/135.0.0.0 Safari/537.36"}
{"duration":787,"level":"info","message":"Request completed","method":"POST","requestId":"fc82d432-fdc2-4bfc-97b9-6df428aba71f","service":"api-service","status":200,"timestamp":"2025-05-02 23:09:34","url":"/api/v1/auth/login"}
{"ip":"::1","level":"info","message":"Incoming request","method":"GET","requestId":"91a7897a-0e18-4f87-b046-462a6b996677","service":"api-service","timestamp":"2025-05-02 23:09:36","url":"/api/v1/posts","userAgent":"Mozilla/5.0 (Windows NT 10.0; Win64; x64) AppleWebKit/537.36 (KHTML, like Gecko) Chrome/135.0.0.0 Safari/537.36"}
{"duration":57,"level":"info","message":"Request completed","method":"GET","requestId":"91a7897a-0e18-4f87-b046-462a6b996677","service":"api-service","status":401,"timestamp":"2025-05-02 23:09:36","url":"/api/v1/posts"}
{"ip":"::1","level":"info","message":"Incoming request","method":"GET","requestId":"d0964b36-1798-4a3d-93c4-5ed44ce9b138","service":"api-service","timestamp":"2025-05-02 23:09:36","url":"/api/v1/subscriptions","userAgent":"Mozilla/5.0 (Windows NT 10.0; Win64; x64) AppleWebKit/537.36 (KHTML, like Gecko) Chrome/135.0.0.0 Safari/537.36"}
{"ip":"::1","level":"info","message":"Incoming request","method":"GET","requestId":"1fcd4c77-5914-4b59-8b82-44bfe7e454a2","service":"api-service","timestamp":"2025-05-02 23:09:36","url":"/api/v1/revenue?type=monthly","userAgent":"Mozilla/5.0 (Windows NT 10.0; Win64; x64) AppleWebKit/537.36 (KHTML, like Gecko) Chrome/135.0.0.0 Safari/537.36"}
{"duration":26,"level":"info","message":"Request completed","method":"GET","requestId":"1fcd4c77-5914-4b59-8b82-44bfe7e454a2","service":"api-service","status":404,"timestamp":"2025-05-02 23:09:36","url":"/api/v1/revenue?type=monthly"}
{"duration":76,"level":"info","message":"Request completed","method":"GET","requestId":"d0964b36-1798-4a3d-93c4-5ed44ce9b138","service":"api-service","status":304,"timestamp":"2025-05-02 23:09:36","url":"/api/v1/subscriptions"}
{"ip":"::1","level":"info","message":"Incoming request","method":"POST","requestId":"b2f321cd-9b7d-4f78-8b74-d643153077e0","service":"api-service","timestamp":"2025-05-02 23:11:15","url":"/api/v1/auth/login","userAgent":"Mozilla/5.0 (Windows NT 10.0; Win64; x64) AppleWebKit/537.36 (KHTML, like Gecko) Chrome/135.0.0.0 Safari/537.36"}
{"duration":756,"level":"info","message":"Request completed","method":"POST","requestId":"b2f321cd-9b7d-4f78-8b74-d643153077e0","service":"api-service","status":200,"timestamp":"2025-05-02 23:11:15","url":"/api/v1/auth/login"}
{"ip":"::1","level":"info","message":"Incoming request","method":"GET","requestId":"64978b7d-42a5-41e9-b99c-606e2f21eb9d","service":"api-service","timestamp":"2025-05-02 23:11:16","url":"/api/v1/posts","userAgent":"Mozilla/5.0 (Windows NT 10.0; Win64; x64) AppleWebKit/537.36 (KHTML, like Gecko) Chrome/135.0.0.0 Safari/537.36"}
{"duration":37,"level":"info","message":"Request completed","method":"GET","requestId":"64978b7d-42a5-41e9-b99c-606e2f21eb9d","service":"api-service","status":401,"timestamp":"2025-05-02 23:11:16","url":"/api/v1/posts"}
{"ip":"::1","level":"info","message":"Incoming request","method":"GET","requestId":"07082edb-66ed-4b0f-99e8-29c8f1bfa61f","service":"api-service","timestamp":"2025-05-02 23:11:16","url":"/api/v1/subscriptions","userAgent":"Mozilla/5.0 (Windows NT 10.0; Win64; x64) AppleWebKit/537.36 (KHTML, like Gecko) Chrome/135.0.0.0 Safari/537.36"}
{"ip":"::1","level":"info","message":"Incoming request","method":"GET","requestId":"84a3b80d-eb1e-4fc0-92e3-3474b6942915","service":"api-service","timestamp":"2025-05-02 23:11:16","url":"/api/v1/revenue?type=monthly","userAgent":"Mozilla/5.0 (Windows NT 10.0; Win64; x64) AppleWebKit/537.36 (KHTML, like Gecko) Chrome/135.0.0.0 Safari/537.36"}
{"duration":14,"level":"info","message":"Request completed","method":"GET","requestId":"84a3b80d-eb1e-4fc0-92e3-3474b6942915","service":"api-service","status":404,"timestamp":"2025-05-02 23:11:16","url":"/api/v1/revenue?type=monthly"}
{"duration":74,"level":"info","message":"Request completed","method":"GET","requestId":"07082edb-66ed-4b0f-99e8-29c8f1bfa61f","service":"api-service","status":304,"timestamp":"2025-05-02 23:11:16","url":"/api/v1/subscriptions"}
{"ip":"::1","level":"info","message":"Incoming request","method":"POST","requestId":"1d0878fa-864a-4648-b130-71553cc25082","service":"api-service","timestamp":"2025-05-02 23:12:04","url":"/api/v1/auth/login","userAgent":"Mozilla/5.0 (Windows NT 10.0; Win64; x64) AppleWebKit/537.36 (KHTML, like Gecko) Chrome/135.0.0.0 Safari/537.36"}
{"duration":665,"level":"info","message":"Request completed","method":"POST","requestId":"1d0878fa-864a-4648-b130-71553cc25082","service":"api-service","status":200,"timestamp":"2025-05-02 23:12:04","url":"/api/v1/auth/login"}
{"ip":"::1","level":"info","message":"Incoming request","method":"GET","requestId":"a9dda41e-d6be-4382-8c89-82f34aef3613","service":"api-service","timestamp":"2025-05-02 23:12:05","url":"/api/v1/posts","userAgent":"Mozilla/5.0 (Windows NT 10.0; Win64; x64) AppleWebKit/537.36 (KHTML, like Gecko) Chrome/135.0.0.0 Safari/537.36"}
{"duration":61,"level":"info","message":"Request completed","method":"GET","requestId":"a9dda41e-d6be-4382-8c89-82f34aef3613","service":"api-service","status":401,"timestamp":"2025-05-02 23:12:05","url":"/api/v1/posts"}
{"ip":"::1","level":"info","message":"Incoming request","method":"GET","requestId":"b2948c81-27fa-427e-89d2-7d68228508c4","service":"api-service","timestamp":"2025-05-02 23:12:05","url":"/api/v1/revenue?type=monthly","userAgent":"Mozilla/5.0 (Windows NT 10.0; Win64; x64) AppleWebKit/537.36 (KHTML, like Gecko) Chrome/135.0.0.0 Safari/537.36"}
{"duration":15,"level":"info","message":"Request completed","method":"GET","requestId":"b2948c81-27fa-427e-89d2-7d68228508c4","service":"api-service","status":404,"timestamp":"2025-05-02 23:12:05","url":"/api/v1/revenue?type=monthly"}
{"ip":"::1","level":"info","message":"Incoming request","method":"POST","requestId":"9e971b8b-2077-4def-bfee-f0a0f201928e","service":"api-service","timestamp":"2025-05-02 23:12:17","url":"/api/v1/auth/login","userAgent":"Mozilla/5.0 (Windows NT 10.0; Win64; x64) AppleWebKit/537.36 (KHTML, like Gecko) Chrome/135.0.0.0 Safari/537.36"}
{"duration":621,"level":"info","message":"Request completed","method":"POST","requestId":"9e971b8b-2077-4def-bfee-f0a0f201928e","service":"api-service","status":200,"timestamp":"2025-05-02 23:12:18","url":"/api/v1/auth/login"}
{"ip":"::1","level":"info","message":"Incoming request","method":"GET","requestId":"c7fd4817-8a76-42c9-9e08-3e3415778f95","service":"api-service","timestamp":"2025-05-02 23:12:19","url":"/api/v1/posts","userAgent":"Mozilla/5.0 (Windows NT 10.0; Win64; x64) AppleWebKit/537.36 (KHTML, like Gecko) Chrome/135.0.0.0 Safari/537.36"}
{"duration":40,"level":"info","message":"Request completed","method":"GET","requestId":"c7fd4817-8a76-42c9-9e08-3e3415778f95","service":"api-service","status":401,"timestamp":"2025-05-02 23:12:19","url":"/api/v1/posts"}
{"ip":"::1","level":"info","message":"Incoming request","method":"GET","requestId":"b2cbea10-e283-4503-b207-d6f7ab849cde","service":"api-service","timestamp":"2025-05-02 23:12:19","url":"/api/v1/revenue?type=monthly","userAgent":"Mozilla/5.0 (Windows NT 10.0; Win64; x64) AppleWebKit/537.36 (KHTML, like Gecko) Chrome/135.0.0.0 Safari/537.36"}
{"duration":19,"level":"info","message":"Request completed","method":"GET","requestId":"b2cbea10-e283-4503-b207-d6f7ab849cde","service":"api-service","status":404,"timestamp":"2025-05-02 23:12:19","url":"/api/v1/revenue?type=monthly"}
{"ip":"::1","level":"info","message":"Incoming request","method":"POST","requestId":"ea37f2fc-762a-40ee-8853-e146852e0e01","service":"api-service","timestamp":"2025-05-02 23:13:02","url":"/api/v1/auth/login","userAgent":"Mozilla/5.0 (Windows NT 10.0; Win64; x64) AppleWebKit/537.36 (KHTML, like Gecko) Chrome/135.0.0.0 Safari/537.36"}
{"duration":731,"level":"info","message":"Request completed","method":"POST","requestId":"ea37f2fc-762a-40ee-8853-e146852e0e01","service":"api-service","status":200,"timestamp":"2025-05-02 23:13:03","url":"/api/v1/auth/login"}
{"ip":"::1","level":"info","message":"Incoming request","method":"GET","requestId":"07876e9c-7e15-419e-965a-27b562e7d1c4","service":"api-service","timestamp":"2025-05-02 23:13:03","url":"/api/v1/posts","userAgent":"Mozilla/5.0 (Windows NT 10.0; Win64; x64) AppleWebKit/537.36 (KHTML, like Gecko) Chrome/135.0.0.0 Safari/537.36"}
{"duration":36,"level":"info","message":"Request completed","method":"GET","requestId":"07876e9c-7e15-419e-965a-27b562e7d1c4","service":"api-service","status":401,"timestamp":"2025-05-02 23:13:03","url":"/api/v1/posts"}
{"ip":"::1","level":"info","message":"Incoming request","method":"GET","requestId":"9fdd2593-0f1f-4c75-a21b-5adc07808339","service":"api-service","timestamp":"2025-05-02 23:13:03","url":"/api/v1/revenue?type=monthly","userAgent":"Mozilla/5.0 (Windows NT 10.0; Win64; x64) AppleWebKit/537.36 (KHTML, like Gecko) Chrome/135.0.0.0 Safari/537.36"}
{"duration":16,"level":"info","message":"Request completed","method":"GET","requestId":"9fdd2593-0f1f-4c75-a21b-5adc07808339","service":"api-service","status":404,"timestamp":"2025-05-02 23:13:04","url":"/api/v1/revenue?type=monthly"}
{"ip":"::1","level":"info","message":"Incoming request","method":"POST","requestId":"ff785f2b-7dc0-4316-be55-86463452ad6a","service":"api-service","timestamp":"2025-05-02 23:14:30","url":"/api/v1/auth/login","userAgent":"Mozilla/5.0 (Windows NT 10.0; Win64; x64) AppleWebKit/537.36 (KHTML, like Gecko) Chrome/135.0.0.0 Safari/537.36"}
{"duration":1196,"level":"info","message":"Request completed","method":"POST","requestId":"ff785f2b-7dc0-4316-be55-86463452ad6a","service":"api-service","status":200,"timestamp":"2025-05-02 23:14:31","url":"/api/v1/auth/login"}
{"ip":"::1","level":"info","message":"Incoming request","method":"GET","requestId":"037dfa5a-f8cb-43c5-a2eb-9a4abcca8da5","service":"api-service","timestamp":"2025-05-02 23:14:32","url":"/api/v1/posts","userAgent":"Mozilla/5.0 (Windows NT 10.0; Win64; x64) AppleWebKit/537.36 (KHTML, like Gecko) Chrome/135.0.0.0 Safari/537.36"}
{"duration":41,"level":"info","message":"Request completed","method":"GET","requestId":"037dfa5a-f8cb-43c5-a2eb-9a4abcca8da5","service":"api-service","status":401,"timestamp":"2025-05-02 23:14:32","url":"/api/v1/posts"}
{"ip":"::1","level":"info","message":"Incoming request","method":"GET","requestId":"b7a8d1a4-17ea-44c4-96e7-520248432626","service":"api-service","timestamp":"2025-05-02 23:14:32","url":"/api/v1/subscriptions","userAgent":"Mozilla/5.0 (Windows NT 10.0; Win64; x64) AppleWebKit/537.36 (KHTML, like Gecko) Chrome/135.0.0.0 Safari/537.36"}
{"ip":"::1","level":"info","message":"Incoming request","method":"GET","requestId":"f132cc7a-608d-4837-9bba-eda98356b0a9","service":"api-service","timestamp":"2025-05-02 23:14:32","url":"/api/v1/revenue?type=monthly","userAgent":"Mozilla/5.0 (Windows NT 10.0; Win64; x64) AppleWebKit/537.36 (KHTML, like Gecko) Chrome/135.0.0.0 Safari/537.36"}
{"duration":38,"level":"info","message":"Request completed","method":"GET","requestId":"f132cc7a-608d-4837-9bba-eda98356b0a9","service":"api-service","status":404,"timestamp":"2025-05-02 23:14:32","url":"/api/v1/revenue?type=monthly"}
{"duration":160,"level":"info","message":"Request completed","method":"GET","requestId":"b7a8d1a4-17ea-44c4-96e7-520248432626","service":"api-service","status":304,"timestamp":"2025-05-02 23:14:33","url":"/api/v1/subscriptions"}
{"ip":"::1","level":"info","message":"Incoming request","method":"POST","requestId":"0da69558-17e3-4482-9eda-2bb9a030e833","service":"api-service","timestamp":"2025-05-02 23:16:46","url":"/api/v1/auth/login","userAgent":"Mozilla/5.0 (Windows NT 10.0; Win64; x64) AppleWebKit/537.36 (KHTML, like Gecko) Chrome/135.0.0.0 Safari/537.36"}
{"duration":636,"level":"info","message":"Request completed","method":"POST","requestId":"0da69558-17e3-4482-9eda-2bb9a030e833","service":"api-service","status":200,"timestamp":"2025-05-02 23:16:47","url":"/api/v1/auth/login"}
{"ip":"::1","level":"info","message":"Incoming request","method":"GET","requestId":"b2a74be7-7cac-47a0-954e-6ed882d1b33e","service":"api-service","timestamp":"2025-05-02 23:16:48","url":"/api/v1/posts","userAgent":"Mozilla/5.0 (Windows NT 10.0; Win64; x64) AppleWebKit/537.36 (KHTML, like Gecko) Chrome/135.0.0.0 Safari/537.36"}
{"duration":37,"level":"info","message":"Request completed","method":"GET","requestId":"b2a74be7-7cac-47a0-954e-6ed882d1b33e","service":"api-service","status":401,"timestamp":"2025-05-02 23:16:48","url":"/api/v1/posts"}
{"ip":"::1","level":"info","message":"Incoming request","method":"GET","requestId":"0a33ad31-bd20-4f1e-b7e0-689aac9cfbf9","service":"api-service","timestamp":"2025-05-02 23:16:48","url":"/api/v1/subscriptions","userAgent":"Mozilla/5.0 (Windows NT 10.0; Win64; x64) AppleWebKit/537.36 (KHTML, like Gecko) Chrome/135.0.0.0 Safari/537.36"}
{"ip":"::1","level":"info","message":"Incoming request","method":"GET","requestId":"d87e7ef8-09ce-406e-acf9-60c77179230f","service":"api-service","timestamp":"2025-05-02 23:16:48","url":"/api/v1/revenue?type=monthly","userAgent":"Mozilla/5.0 (Windows NT 10.0; Win64; x64) AppleWebKit/537.36 (KHTML, like Gecko) Chrome/135.0.0.0 Safari/537.36"}
{"duration":11,"level":"info","message":"Request completed","method":"GET","requestId":"d87e7ef8-09ce-406e-acf9-60c77179230f","service":"api-service","status":404,"timestamp":"2025-05-02 23:16:48","url":"/api/v1/revenue?type=monthly"}
{"duration":70,"level":"info","message":"Request completed","method":"GET","requestId":"0a33ad31-bd20-4f1e-b7e0-689aac9cfbf9","service":"api-service","status":304,"timestamp":"2025-05-02 23:16:48","url":"/api/v1/subscriptions"}
{"ip":"::1","level":"info","message":"Incoming request","method":"GET","requestId":"375f9392-2251-40ce-b089-5d14ad079123","service":"api-service","timestamp":"2025-05-02 23:18:36","url":"/api/v1/posts","userAgent":"Mozilla/5.0 (Windows NT 10.0; Win64; x64) AppleWebKit/537.36 (KHTML, like Gecko) Chrome/135.0.0.0 Safari/537.36"}
{"duration":18,"level":"info","message":"Request completed","method":"GET","requestId":"375f9392-2251-40ce-b089-5d14ad079123","service":"api-service","status":401,"timestamp":"2025-05-02 23:18:36","url":"/api/v1/posts"}
{"ip":"::1","level":"info","message":"Incoming request","method":"GET","requestId":"8e554384-7334-405a-a7d3-7ba8d9fb6ecc","service":"api-service","timestamp":"2025-05-02 23:20:02","url":"/api/v1/posts","userAgent":"Mozilla/5.0 (Windows NT 10.0; Win64; x64) AppleWebKit/537.36 (KHTML, like Gecko) Chrome/135.0.0.0 Safari/537.36"}
{"duration":60,"level":"info","message":"Request completed","method":"GET","requestId":"8e554384-7334-405a-a7d3-7ba8d9fb6ecc","service":"api-service","status":401,"timestamp":"2025-05-02 23:20:02","url":"/api/v1/posts"}
{"ip":"::1","level":"info","message":"Incoming request","method":"POST","requestId":"f8a6f391-04fa-46fe-93c7-b559f08f61a0","service":"api-service","timestamp":"2025-05-02 23:34:37","url":"/api/v1/auth/login","userAgent":"Mozilla/5.0 (Windows NT 10.0; Win64; x64) AppleWebKit/537.36 (KHTML, like Gecko) Chrome/135.0.0.0 Safari/537.36 Edg/135.0.0.0"}
{"duration":693,"level":"info","message":"Request completed","method":"POST","requestId":"f8a6f391-04fa-46fe-93c7-b559f08f61a0","service":"api-service","status":200,"timestamp":"2025-05-02 23:34:38","url":"/api/v1/auth/login"}
{"ip":"::1","level":"info","message":"Incoming request","method":"GET","requestId":"ee93f27e-1f33-4baf-98aa-6fffbc911a0f","service":"api-service","timestamp":"2025-05-02 23:35:01","url":"/api/v1/posts","userAgent":"Mozilla/5.0 (Windows NT 10.0; Win64; x64) AppleWebKit/537.36 (KHTML, like Gecko) Chrome/135.0.0.0 Safari/537.36 Edg/135.0.0.0"}
{"duration":21,"level":"info","message":"Request completed","method":"GET","requestId":"ee93f27e-1f33-4baf-98aa-6fffbc911a0f","service":"api-service","status":401,"timestamp":"2025-05-02 23:35:01","url":"/api/v1/posts"}
{"ip":"::1","level":"info","message":"Incoming request","method":"GET","requestId":"cc9a17ed-a738-4f89-9c55-ae678b777562","service":"api-service","timestamp":"2025-05-02 23:35:01","url":"/api/v1/subscriptions","userAgent":"Mozilla/5.0 (Windows NT 10.0; Win64; x64) AppleWebKit/537.36 (KHTML, like Gecko) Chrome/135.0.0.0 Safari/537.36 Edg/135.0.0.0"}
{"ip":"::1","level":"info","message":"Incoming request","method":"GET","requestId":"1e341b41-429b-4584-b145-75d5cab4192a","service":"api-service","timestamp":"2025-05-02 23:35:01","url":"/api/v1/revenue?type=monthly","userAgent":"Mozilla/5.0 (Windows NT 10.0; Win64; x64) AppleWebKit/537.36 (KHTML, like Gecko) Chrome/135.0.0.0 Safari/537.36 Edg/135.0.0.0"}
{"duration":13,"level":"info","message":"Request completed","method":"GET","requestId":"1e341b41-429b-4584-b145-75d5cab4192a","service":"api-service","status":404,"timestamp":"2025-05-02 23:35:01","url":"/api/v1/revenue?type=monthly"}
{"duration":253,"level":"info","message":"Request completed","method":"GET","requestId":"cc9a17ed-a738-4f89-9c55-ae678b777562","service":"api-service","status":304,"timestamp":"2025-05-02 23:35:02","url":"/api/v1/subscriptions"}
{"ip":"::1","level":"info","message":"Incoming request","method":"GET","requestId":"5f0f59b6-a70d-4c04-9278-c614607e833d","service":"api-service","timestamp":"2025-05-02 23:35:25","url":"/api/v1/posts","userAgent":"Mozilla/5.0 (Windows NT 10.0; Win64; x64) AppleWebKit/537.36 (KHTML, like Gecko) Chrome/135.0.0.0 Safari/537.36 Edg/135.0.0.0"}
{"duration":32,"level":"info","message":"Request completed","method":"GET","requestId":"5f0f59b6-a70d-4c04-9278-c614607e833d","service":"api-service","status":401,"timestamp":"2025-05-02 23:35:25","url":"/api/v1/posts"}
{"ip":"::1","level":"info","message":"Incoming request","method":"GET","requestId":"8a3ff7c0-d9ef-4734-a4fd-15f18c46f6fd","service":"api-service","timestamp":"2025-05-02 23:35:51","url":"/api/v1/posts","userAgent":"Mozilla/5.0 (Windows NT 10.0; Win64; x64) AppleWebKit/537.36 (KHTML, like Gecko) Chrome/135.0.0.0 Safari/537.36"}
{"duration":183,"level":"info","message":"Request completed","method":"GET","requestId":"8a3ff7c0-d9ef-4734-a4fd-15f18c46f6fd","service":"api-service","status":401,"timestamp":"2025-05-02 23:35:51","url":"/api/v1/posts"}
{"ip":"::1","level":"info","message":"Incoming request","method":"GET","requestId":"da1bd6df-90b6-4989-908c-c140c7858e74","service":"api-service","timestamp":"2025-05-02 23:35:55","url":"/api/v1/posts","userAgent":"Mozilla/5.0 (Windows NT 10.0; Win64; x64) AppleWebKit/537.36 (KHTML, like Gecko) Chrome/135.0.0.0 Safari/537.36"}
{"duration":157,"level":"info","message":"Request completed","method":"GET","requestId":"da1bd6df-90b6-4989-908c-c140c7858e74","service":"api-service","status":401,"timestamp":"2025-05-02 23:35:55","url":"/api/v1/posts"}
{"ip":"::1","level":"info","message":"Incoming request","method":"POST","requestId":"d187bb34-aae5-4d59-afb2-f399dd7d00b0","service":"api-service","timestamp":"2025-05-02 23:36:24","url":"/api/v1/auth/login","userAgent":"Mozilla/5.0 (Windows NT 10.0; Win64; x64) AppleWebKit/537.36 (KHTML, like Gecko) Chrome/135.0.0.0 Safari/537.36"}
{"duration":741,"level":"info","message":"Request completed","method":"POST","requestId":"d187bb34-aae5-4d59-afb2-f399dd7d00b0","service":"api-service","status":200,"timestamp":"2025-05-02 23:36:24","url":"/api/v1/auth/login"}
{"ip":"::1","level":"info","message":"Incoming request","method":"GET","requestId":"d5eb7778-e9b6-4895-adc4-4e12b4a1f258","service":"api-service","timestamp":"2025-05-02 23:36:25","url":"/api/v1/posts","userAgent":"Mozilla/5.0 (Windows NT 10.0; Win64; x64) AppleWebKit/537.36 (KHTML, like Gecko) Chrome/135.0.0.0 Safari/537.36"}
{"duration":40,"level":"info","message":"Request completed","method":"GET","requestId":"d5eb7778-e9b6-4895-adc4-4e12b4a1f258","service":"api-service","status":401,"timestamp":"2025-05-02 23:36:25","url":"/api/v1/posts"}
{"ip":"::1","level":"info","message":"Incoming request","method":"GET","requestId":"97784ef6-0cd4-43fb-960c-30eecfe8a08f","service":"api-service","timestamp":"2025-05-02 23:36:25","url":"/api/v1/subscriptions","userAgent":"Mozilla/5.0 (Windows NT 10.0; Win64; x64) AppleWebKit/537.36 (KHTML, like Gecko) Chrome/135.0.0.0 Safari/537.36"}
{"ip":"::1","level":"info","message":"Incoming request","method":"GET","requestId":"ae33b188-afb4-4f8b-8763-10bf88909202","service":"api-service","timestamp":"2025-05-02 23:36:25","url":"/api/v1/revenue?type=monthly","userAgent":"Mozilla/5.0 (Windows NT 10.0; Win64; x64) AppleWebKit/537.36 (KHTML, like Gecko) Chrome/135.0.0.0 Safari/537.36"}
{"duration":14,"level":"info","message":"Request completed","method":"GET","requestId":"ae33b188-afb4-4f8b-8763-10bf88909202","service":"api-service","status":404,"timestamp":"2025-05-02 23:36:25","url":"/api/v1/revenue?type=monthly"}
{"duration":64,"level":"info","message":"Request completed","method":"GET","requestId":"97784ef6-0cd4-43fb-960c-30eecfe8a08f","service":"api-service","status":304,"timestamp":"2025-05-02 23:36:26","url":"/api/v1/subscriptions"}
{"ip":"::1","level":"info","message":"Incoming request","method":"GET","requestId":"7415a7d4-6239-4c77-aedb-6f883888652d","service":"api-service","timestamp":"2025-05-02 23:36:46","url":"/api/v1/posts","userAgent":"Mozilla/5.0 (Windows NT 10.0; Win64; x64) AppleWebKit/537.36 (KHTML, like Gecko) Chrome/135.0.0.0 Safari/537.36"}
{"duration":16,"level":"info","message":"Request completed","method":"GET","requestId":"7415a7d4-6239-4c77-aedb-6f883888652d","service":"api-service","status":401,"timestamp":"2025-05-02 23:36:46","url":"/api/v1/posts"}
{"ip":"::1","level":"info","message":"Incoming request","method":"GET","requestId":"9f9b6e9d-3ca0-4522-b167-f0c2c937d4d8","service":"api-service","timestamp":"2025-05-02 23:37:27","url":"/api/v1/categories","userAgent":"Mozilla/5.0 (Windows NT 10.0; Win64; x64) AppleWebKit/537.36 (KHTML, like Gecko) Chrome/135.0.0.0 Safari/537.36"}
{"duration":11,"level":"info","message":"Request completed","method":"GET","requestId":"9f9b6e9d-3ca0-4522-b167-f0c2c937d4d8","service":"api-service","status":404,"timestamp":"2025-05-02 23:37:27","url":"/api/v1/categories"}
{"ip":"::1","level":"info","message":"Incoming request","method":"GET","requestId":"7da1ce06-df3e-44cb-8b90-095d84d5e153","service":"api-service","timestamp":"2025-05-02 23:37:29","url":"/api/v1/posts","userAgent":"Mozilla/5.0 (Windows NT 10.0; Win64; x64) AppleWebKit/537.36 (KHTML, like Gecko) Chrome/135.0.0.0 Safari/537.36"}
{"duration":24,"level":"info","message":"Request completed","method":"GET","requestId":"7da1ce06-df3e-44cb-8b90-095d84d5e153","service":"api-service","status":401,"timestamp":"2025-05-02 23:37:29","url":"/api/v1/posts"}
{"ip":"::1","level":"info","message":"Incoming request","method":"POST","requestId":"db9d2049-f57d-424d-aa35-ef240051ffba","service":"api-service","timestamp":"2025-05-02 23:41:38","url":"/api/v1/auth/login","userAgent":"Mozilla/5.0 (Windows NT 10.0; Win64; x64) AppleWebKit/537.36 (KHTML, like Gecko) Chrome/135.0.0.0 Safari/537.36"}
{"duration":694,"level":"info","message":"Request completed","method":"POST","requestId":"db9d2049-f57d-424d-aa35-ef240051ffba","service":"api-service","status":200,"timestamp":"2025-05-02 23:41:39","url":"/api/v1/auth/login"}
{"ip":"::1","level":"info","message":"Incoming request","method":"GET","requestId":"81b088a4-b55a-4368-a716-0dd09d228c2f","service":"api-service","timestamp":"2025-05-02 23:41:40","url":"/api/v1/revenue?type=monthly","userAgent":"Mozilla/5.0 (Windows NT 10.0; Win64; x64) AppleWebKit/537.36 (KHTML, like Gecko) Chrome/135.0.0.0 Safari/537.36"}
{"ip":"::1","level":"info","message":"Incoming request","method":"GET","requestId":"44437034-0e90-4cb6-987c-4f79657df488","service":"api-service","timestamp":"2025-05-02 23:41:40","url":"/api/v1/subscriptions","userAgent":"Mozilla/5.0 (Windows NT 10.0; Win64; x64) AppleWebKit/537.36 (KHTML, like Gecko) Chrome/135.0.0.0 Safari/537.36"}
{"duration":89,"level":"info","message":"Request completed","method":"GET","requestId":"81b088a4-b55a-4368-a716-0dd09d228c2f","service":"api-service","status":404,"timestamp":"2025-05-02 23:41:40","url":"/api/v1/revenue?type=monthly"}
{"ip":"::1","level":"info","message":"Incoming request","method":"GET","requestId":"ba4f5101-d732-40ad-b5ac-da30ffb719b6","service":"api-service","timestamp":"2025-05-02 23:41:40","url":"/api/v1/posts","userAgent":"Mozilla/5.0 (Windows NT 10.0; Win64; x64) AppleWebKit/537.36 (KHTML, like Gecko) Chrome/135.0.0.0 Safari/537.36"}
{"duration":222,"level":"info","message":"Request completed","method":"GET","requestId":"44437034-0e90-4cb6-987c-4f79657df488","service":"api-service","status":304,"timestamp":"2025-05-02 23:41:41","url":"/api/v1/subscriptions"}
{"duration":669,"level":"info","message":"Request completed","method":"GET","requestId":"ba4f5101-d732-40ad-b5ac-da30ffb719b6","service":"api-service","status":500,"timestamp":"2025-05-02 23:41:41","url":"/api/v1/posts"}
{"duration":669,"level":"error","message":"Server error","method":"GET","requestId":"ba4f5101-d732-40ad-b5ac-da30ffb719b6","service":"api-service","status":500,"timestamp":"2025-05-02 23:41:41","url":"/api/v1/posts"}
{"ip":"::1","level":"info","message":"Incoming request","method":"GET","requestId":"fcc78907-e967-4eef-b5ef-0660eb0b11e7","service":"api-service","timestamp":"2025-05-02 23:42:05","url":"/api/v1/posts","userAgent":"Mozilla/5.0 (Windows NT 10.0; Win64; x64) AppleWebKit/537.36 (KHTML, like Gecko) Chrome/135.0.0.0 Safari/537.36"}
{"duration":383,"level":"info","message":"Request completed","method":"GET","requestId":"fcc78907-e967-4eef-b5ef-0660eb0b11e7","service":"api-service","status":500,"timestamp":"2025-05-02 23:42:06","url":"/api/v1/posts"}
{"duration":383,"level":"error","message":"Server error","method":"GET","requestId":"fcc78907-e967-4eef-b5ef-0660eb0b11e7","service":"api-service","status":500,"timestamp":"2025-05-02 23:42:06","url":"/api/v1/posts"}
{"ip":"::1","level":"info","message":"Incoming request","method":"GET","requestId":"cc7ccdc9-8a22-4305-8674-d3a2961351f3","service":"api-service","timestamp":"2025-05-02 23:43:38","url":"/api/v1/api/health","userAgent":"Mozilla/5.0 (Windows NT 10.0; Win64; x64) AppleWebKit/537.36 (KHTML, like Gecko) Chrome/135.0.0.0 Safari/537.36"}
{"duration":15,"level":"info","message":"Request completed","method":"GET","requestId":"cc7ccdc9-8a22-4305-8674-d3a2961351f3","service":"api-service","status":404,"timestamp":"2025-05-02 23:43:38","url":"/api/v1/api/health"}
{"ip":"::1","level":"info","message":"Incoming request","method":"GET","requestId":"672c8222-448b-488c-a25b-6d21e7680259","service":"api-service","timestamp":"2025-05-02 23:43:38","url":"/api/v1/api/health","userAgent":"Mozilla/5.0 (Windows NT 10.0; Win64; x64) AppleWebKit/537.36 (KHTML, like Gecko) Chrome/135.0.0.0 Safari/537.36"}
{"duration":15,"level":"info","message":"Request completed","method":"GET","requestId":"672c8222-448b-488c-a25b-6d21e7680259","service":"api-service","status":404,"timestamp":"2025-05-02 23:43:38","url":"/api/v1/api/health"}
{"ip":"::1","level":"info","message":"Incoming request","method":"POST","requestId":"d7d3ff40-e6b2-48e1-8cf5-47173ac4e2d4","service":"api-service","timestamp":"2025-05-02 23:44:53","url":"/api/v1/auth/login","userAgent":"Mozilla/5.0 (Windows NT 10.0; Win64; x64) AppleWebKit/537.36 (KHTML, like Gecko) Chrome/135.0.0.0 Safari/537.36"}
{"duration":390,"level":"info","message":"Request completed","method":"POST","requestId":"d7d3ff40-e6b2-48e1-8cf5-47173ac4e2d4","service":"api-service","status":400,"timestamp":"2025-05-02 23:44:53","url":"/api/v1/auth/login"}
{"ip":"::1","level":"info","message":"Incoming request","method":"POST","requestId":"7e80e5ac-06da-42ae-aad0-312ab0eef549","service":"api-service","timestamp":"2025-05-02 23:44:56","url":"/api/v1/auth/login","userAgent":"Mozilla/5.0 (Windows NT 10.0; Win64; x64) AppleWebKit/537.36 (KHTML, like Gecko) Chrome/135.0.0.0 Safari/537.36"}
{"duration":589,"level":"info","message":"Request completed","method":"POST","requestId":"7e80e5ac-06da-42ae-aad0-312ab0eef549","service":"api-service","status":200,"timestamp":"2025-05-02 23:44:57","url":"/api/v1/auth/login"}
{"ip":"::1","level":"info","message":"Incoming request","method":"GET","requestId":"d9d6b192-b8ea-4789-9846-43a633e9cec3","service":"api-service","timestamp":"2025-05-02 23:44:58","url":"/api/v1/posts","userAgent":"Mozilla/5.0 (Windows NT 10.0; Win64; x64) AppleWebKit/537.36 (KHTML, like Gecko) Chrome/135.0.0.0 Safari/537.36"}
{"duration":20,"level":"info","message":"Request completed","method":"GET","requestId":"d9d6b192-b8ea-4789-9846-43a633e9cec3","service":"api-service","status":401,"timestamp":"2025-05-02 23:44:58","url":"/api/v1/posts"}
{"ip":"::1","level":"info","message":"Incoming request","method":"GET","requestId":"f82732bf-a86f-4803-beb5-0dbce699c458","service":"api-service","timestamp":"2025-05-02 23:44:58","url":"/api/v1/subscriptions","userAgent":"Mozilla/5.0 (Windows NT 10.0; Win64; x64) AppleWebKit/537.36 (KHTML, like Gecko) Chrome/135.0.0.0 Safari/537.36"}
{"duration":68,"level":"info","message":"Request completed","method":"GET","requestId":"f82732bf-a86f-4803-beb5-0dbce699c458","service":"api-service","status":304,"timestamp":"2025-05-02 23:44:58","url":"/api/v1/subscriptions"}
{"ip":"::1","level":"info","message":"Incoming request","method":"POST","requestId":"0cc4d37b-c29b-4670-98a6-d45b0397593b","service":"api-service","timestamp":"2025-05-02 23:46:43","url":"/api/v1/auth/login","userAgent":"Mozilla/5.0 (Windows NT 10.0; Win64; x64) AppleWebKit/537.36 (KHTML, like Gecko) Chrome/135.0.0.0 Safari/537.36"}
{"duration":735,"level":"info","message":"Request completed","method":"POST","requestId":"0cc4d37b-c29b-4670-98a6-d45b0397593b","service":"api-service","status":200,"timestamp":"2025-05-02 23:46:44","url":"/api/v1/auth/login"}
{"ip":"::1","level":"info","message":"Incoming request","method":"GET","requestId":"66335b8a-9eaf-44ab-8a21-0d5d98d3cdcf","service":"api-service","timestamp":"2025-05-02 23:46:45","url":"/api/v1/posts","userAgent":"Mozilla/5.0 (Windows NT 10.0; Win64; x64) AppleWebKit/537.36 (KHTML, like Gecko) Chrome/135.0.0.0 Safari/537.36"}
{"duration":45,"level":"info","message":"Request completed","method":"GET","requestId":"66335b8a-9eaf-44ab-8a21-0d5d98d3cdcf","service":"api-service","status":401,"timestamp":"2025-05-02 23:46:45","url":"/api/v1/posts"}
{"ip":"::1","level":"info","message":"Incoming request","method":"GET","requestId":"9d566f21-58c5-4d3e-ae16-79f5ee33bc7d","service":"api-service","timestamp":"2025-05-02 23:46:45","url":"/api/v1/subscriptions","userAgent":"Mozilla/5.0 (Windows NT 10.0; Win64; x64) AppleWebKit/537.36 (KHTML, like Gecko) Chrome/135.0.0.0 Safari/537.36"}
{"duration":78,"level":"info","message":"Request completed","method":"GET","requestId":"9d566f21-58c5-4d3e-ae16-79f5ee33bc7d","service":"api-service","status":304,"timestamp":"2025-05-02 23:46:45","url":"/api/v1/subscriptions"}
{"ip":"::1","level":"info","message":"Incoming request","method":"POST","requestId":"f9aa7cd5-6e5e-48de-98a2-8d283e8576fc","service":"api-service","timestamp":"2025-05-02 23:47:15","url":"/api/v1/auth/login","userAgent":"Mozilla/5.0 (Windows NT 10.0; Win64; x64) AppleWebKit/537.36 (KHTML, like Gecko) Chrome/135.0.0.0 Safari/537.36"}
{"duration":624,"level":"info","message":"Request completed","method":"POST","requestId":"f9aa7cd5-6e5e-48de-98a2-8d283e8576fc","service":"api-service","status":200,"timestamp":"2025-05-02 23:47:15","url":"/api/v1/auth/login"}
{"ip":"::1","level":"info","message":"Incoming request","method":"GET","requestId":"a2e5df40-a94e-43a7-9798-73207a862d98","service":"api-service","timestamp":"2025-05-02 23:47:16","url":"/api/v1/posts","userAgent":"Mozilla/5.0 (Windows NT 10.0; Win64; x64) AppleWebKit/537.36 (KHTML, like Gecko) Chrome/135.0.0.0 Safari/537.36"}
{"duration":19,"level":"info","message":"Request completed","method":"GET","requestId":"a2e5df40-a94e-43a7-9798-73207a862d98","service":"api-service","status":401,"timestamp":"2025-05-02 23:47:16","url":"/api/v1/posts"}
{"ip":"::1","level":"info","message":"Incoming request","method":"POST","requestId":"595f5003-5ecb-4d02-938c-cf46ce6d01df","service":"api-service","timestamp":"2025-05-02 23:47:38","url":"/api/v1/auth/login","userAgent":"Mozilla/5.0 (Windows NT 10.0; Win64; x64) AppleWebKit/537.36 (KHTML, like Gecko) Chrome/135.0.0.0 Safari/537.36"}
{"duration":883,"level":"info","message":"Request completed","method":"POST","requestId":"595f5003-5ecb-4d02-938c-cf46ce6d01df","service":"api-service","status":200,"timestamp":"2025-05-02 23:47:39","url":"/api/v1/auth/login"}
{"ip":"::1","level":"info","message":"Incoming request","method":"GET","requestId":"3ab2d29a-df92-4aa3-9dc7-55a1c7668e42","service":"api-service","timestamp":"2025-05-02 23:47:39","url":"/api/v1/posts","userAgent":"Mozilla/5.0 (Windows NT 10.0; Win64; x64) AppleWebKit/537.36 (KHTML, like Gecko) Chrome/135.0.0.0 Safari/537.36"}
{"duration":18,"level":"info","message":"Request completed","method":"GET","requestId":"3ab2d29a-df92-4aa3-9dc7-55a1c7668e42","service":"api-service","status":401,"timestamp":"2025-05-02 23:47:39","url":"/api/v1/posts"}
{"ip":"::1","level":"info","message":"Incoming request","method":"POST","requestId":"b1f06008-09af-45a6-9993-15d1d58b6b34","service":"api-service","timestamp":"2025-05-02 23:48:09","url":"/api/v1/auth/login","userAgent":"Mozilla/5.0 (Windows NT 10.0; Win64; x64) AppleWebKit/537.36 (KHTML, like Gecko) Chrome/135.0.0.0 Safari/537.36"}
{"duration":895,"level":"info","message":"Request completed","method":"POST","requestId":"b1f06008-09af-45a6-9993-15d1d58b6b34","service":"api-service","status":200,"timestamp":"2025-05-02 23:48:10","url":"/api/v1/auth/login"}
{"ip":"::1","level":"info","message":"Incoming request","method":"GET","requestId":"8b91f34f-c6ec-4ae4-956c-771a98b8f1ca","service":"api-service","timestamp":"2025-05-02 23:48:11","url":"/api/v1/posts","userAgent":"Mozilla/5.0 (Windows NT 10.0; Win64; x64) AppleWebKit/537.36 (KHTML, like Gecko) Chrome/135.0.0.0 Safari/537.36"}
{"duration":35,"level":"info","message":"Request completed","method":"GET","requestId":"8b91f34f-c6ec-4ae4-956c-771a98b8f1ca","service":"api-service","status":401,"timestamp":"2025-05-02 23:48:11","url":"/api/v1/posts"}
{"ip":"::1","level":"info","message":"Incoming request","method":"GET","requestId":"2ad2a200-2eb4-428b-96e5-2a2481de6330","service":"api-service","timestamp":"2025-05-02 23:48:11","url":"/api/v1/subscriptions","userAgent":"Mozilla/5.0 (Windows NT 10.0; Win64; x64) AppleWebKit/537.36 (KHTML, like Gecko) Chrome/135.0.0.0 Safari/537.36"}
{"duration":65,"level":"info","message":"Request completed","method":"GET","requestId":"2ad2a200-2eb4-428b-96e5-2a2481de6330","service":"api-service","status":304,"timestamp":"2025-05-02 23:48:11","url":"/api/v1/subscriptions"}
{"ip":"::1","level":"info","message":"Incoming request","method":"POST","requestId":"3114b79e-a158-4712-abbd-748abfc9fe7f","service":"api-service","timestamp":"2025-05-02 23:49:30","url":"/api/v1/auth/login","userAgent":"Mozilla/5.0 (Windows NT 10.0; Win64; x64) AppleWebKit/537.36 (KHTML, like Gecko) Chrome/135.0.0.0 Safari/537.36"}
{"duration":682,"level":"info","message":"Request completed","method":"POST","requestId":"3114b79e-a158-4712-abbd-748abfc9fe7f","service":"api-service","status":200,"timestamp":"2025-05-02 23:49:31","url":"/api/v1/auth/login"}
{"ip":"::1","level":"info","message":"Incoming request","method":"GET","requestId":"049dc5e1-0995-4298-b322-fa4d2a4b07b6","service":"api-service","timestamp":"2025-05-02 23:49:32","url":"/api/v1/posts","userAgent":"Mozilla/5.0 (Windows NT 10.0; Win64; x64) AppleWebKit/537.36 (KHTML, like Gecko) Chrome/135.0.0.0 Safari/537.36"}
{"ip":"::1","level":"info","message":"Incoming request","method":"GET","requestId":"f6f15295-eca3-41b3-b677-993d61a9328d","service":"api-service","timestamp":"2025-05-02 23:49:32","url":"/api/v1/revenue?type=monthly","userAgent":"Mozilla/5.0 (Windows NT 10.0; Win64; x64) AppleWebKit/537.36 (KHTML, like Gecko) Chrome/135.0.0.0 Safari/537.36"}
{"ip":"::1","level":"info","message":"Incoming request","method":"GET","requestId":"05edd631-d9e4-4ade-b189-b3f78426764d","service":"api-service","timestamp":"2025-05-02 23:49:32","url":"/api/v1/subscriptions","userAgent":"Mozilla/5.0 (Windows NT 10.0; Win64; x64) AppleWebKit/537.36 (KHTML, like Gecko) Chrome/135.0.0.0 Safari/537.36"}
{"duration":31,"level":"info","message":"Request completed","method":"GET","requestId":"f6f15295-eca3-41b3-b677-993d61a9328d","service":"api-service","status":404,"timestamp":"2025-05-02 23:49:32","url":"/api/v1/revenue?type=monthly"}
{"duration":267,"level":"info","message":"Request completed","method":"GET","requestId":"049dc5e1-0995-4298-b322-fa4d2a4b07b6","service":"api-service","status":200,"timestamp":"2025-05-02 23:49:32","url":"/api/v1/posts"}
{"duration":235,"level":"info","message":"Request completed","method":"GET","requestId":"05edd631-d9e4-4ade-b189-b3f78426764d","service":"api-service","status":304,"timestamp":"2025-05-02 23:49:32","url":"/api/v1/subscriptions"}
{"ip":"::1","level":"info","message":"Incoming request","method":"POST","requestId":"fe279d14-2ea5-46aa-8a23-707aaf37121f","service":"api-service","timestamp":"2025-05-02 23:50:05","url":"/api/v1/auth/login","userAgent":"Mozilla/5.0 (Windows NT 10.0; Win64; x64) AppleWebKit/537.36 (KHTML, like Gecko) Chrome/135.0.0.0 Safari/537.36"}
{"duration":277,"level":"info","message":"Request completed","method":"POST","requestId":"fe279d14-2ea5-46aa-8a23-707aaf37121f","service":"api-service","status":400,"timestamp":"2025-05-02 23:50:05","url":"/api/v1/auth/login"}
{"ip":"::1","level":"info","message":"Incoming request","method":"POST","requestId":"b9408af0-fe19-4c03-956c-0a31c929ef31","service":"api-service","timestamp":"2025-05-02 23:50:08","url":"/api/v1/auth/login","userAgent":"Mozilla/5.0 (Windows NT 10.0; Win64; x64) AppleWebKit/537.36 (KHTML, like Gecko) Chrome/135.0.0.0 Safari/537.36"}
{"duration":444,"level":"info","message":"Request completed","method":"POST","requestId":"b9408af0-fe19-4c03-956c-0a31c929ef31","service":"api-service","status":200,"timestamp":"2025-05-02 23:50:09","url":"/api/v1/auth/login"}
{"ip":"::1","level":"info","message":"Incoming request","method":"GET","requestId":"7990e50a-f018-4185-bbdc-bffe35634bd2","service":"api-service","timestamp":"2025-05-02 23:50:09","url":"/api/v1/posts","userAgent":"Mozilla/5.0 (Windows NT 10.0; Win64; x64) AppleWebKit/537.36 (KHTML, like Gecko) Chrome/135.0.0.0 Safari/537.36"}
{"ip":"::1","level":"info","message":"Incoming request","method":"GET","requestId":"8b7185c6-7d36-414d-9720-6836c6153632","service":"api-service","timestamp":"2025-05-02 23:50:10","url":"/api/v1/subscriptions","userAgent":"Mozilla/5.0 (Windows NT 10.0; Win64; x64) AppleWebKit/537.36 (KHTML, like Gecko) Chrome/135.0.0.0 Safari/537.36"}
{"ip":"::1","level":"info","message":"Incoming request","method":"GET","requestId":"0b2b55ef-9664-4e5e-9b6a-af9944f38733","service":"api-service","timestamp":"2025-05-02 23:50:10","url":"/api/v1/revenue?type=monthly","userAgent":"Mozilla/5.0 (Windows NT 10.0; Win64; x64) AppleWebKit/537.36 (KHTML, like Gecko) Chrome/135.0.0.0 Safari/537.36"}
{"duration":9,"level":"info","message":"Request completed","method":"GET","requestId":"0b2b55ef-9664-4e5e-9b6a-af9944f38733","service":"api-service","status":404,"timestamp":"2025-05-02 23:50:10","url":"/api/v1/revenue?type=monthly"}
{"duration":202,"level":"info","message":"Request completed","method":"GET","requestId":"7990e50a-f018-4185-bbdc-bffe35634bd2","service":"api-service","status":304,"timestamp":"2025-05-02 23:50:10","url":"/api/v1/posts"}
{"duration":248,"level":"info","message":"Request completed","method":"GET","requestId":"8b7185c6-7d36-414d-9720-6836c6153632","service":"api-service","status":304,"timestamp":"2025-05-02 23:50:10","url":"/api/v1/subscriptions"}
{"ip":"::1","level":"info","message":"Incoming request","method":"GET","requestId":"08b25292-91fa-4fb1-b819-5b00bae5c5b7","service":"api-service","timestamp":"2025-05-02 23:50:47","url":"/api/v1/posts","userAgent":"Mozilla/5.0 (Windows NT 10.0; Win64; x64) AppleWebKit/537.36 (KHTML, like Gecko) Chrome/135.0.0.0 Safari/537.36"}
{"duration":41,"level":"info","message":"Request completed","method":"GET","requestId":"08b25292-91fa-4fb1-b819-5b00bae5c5b7","service":"api-service","status":401,"timestamp":"2025-05-02 23:50:47","url":"/api/v1/posts"}
{"ip":"::1","level":"info","message":"Incoming request","method":"POST","requestId":"a3ca46c0-676b-45fc-8397-f76c4636f4ca","service":"api-service","timestamp":"2025-05-03 10:09:34","url":"/api/v1/auth/login","userAgent":"Mozilla/5.0 (Windows NT 10.0; Win64; x64) AppleWebKit/537.36 (KHTML, like Gecko) Chrome/135.0.0.0 Safari/537.36"}
{"duration":767,"level":"info","message":"Request completed","method":"POST","requestId":"a3ca46c0-676b-45fc-8397-f76c4636f4ca","service":"api-service","status":200,"timestamp":"2025-05-03 10:09:35","url":"/api/v1/auth/login"}
{"ip":"::1","level":"info","message":"Incoming request","method":"GET","requestId":"bb063762-0046-468c-8c56-8de9936791e5","service":"api-service","timestamp":"2025-05-03 10:09:36","url":"/api/v1/posts","userAgent":"Mozilla/5.0 (Windows NT 10.0; Win64; x64) AppleWebKit/537.36 (KHTML, like Gecko) Chrome/135.0.0.0 Safari/537.36"}
{"ip":"::1","level":"info","message":"Incoming request","method":"GET","requestId":"ccccd200-2f62-4a30-80d0-a5e77437e0af","service":"api-service","timestamp":"2025-05-03 10:09:36","url":"/api/v1/subscriptions","userAgent":"Mozilla/5.0 (Windows NT 10.0; Win64; x64) AppleWebKit/537.36 (KHTML, like Gecko) Chrome/135.0.0.0 Safari/537.36"}
{"ip":"::1","level":"info","message":"Incoming request","method":"GET","requestId":"b088b123-0f8c-4b07-bc81-cbbfc666eed8","service":"api-service","timestamp":"2025-05-03 10:09:36","url":"/api/v1/revenue?type=monthly","userAgent":"Mozilla/5.0 (Windows NT 10.0; Win64; x64) AppleWebKit/537.36 (KHTML, like Gecko) Chrome/135.0.0.0 Safari/537.36"}
{"duration":12,"level":"info","message":"Request completed","method":"GET","requestId":"b088b123-0f8c-4b07-bc81-cbbfc666eed8","service":"api-service","status":404,"timestamp":"2025-05-03 10:09:36","url":"/api/v1/revenue?type=monthly"}
{"duration":226,"level":"info","message":"Request completed","method":"GET","requestId":"bb063762-0046-468c-8c56-8de9936791e5","service":"api-service","status":304,"timestamp":"2025-05-03 10:09:36","url":"/api/v1/posts"}
{"duration":264,"level":"info","message":"Request completed","method":"GET","requestId":"ccccd200-2f62-4a30-80d0-a5e77437e0af","service":"api-service","status":304,"timestamp":"2025-05-03 10:09:36","url":"/api/v1/subscriptions"}
{"ip":"::1","level":"info","message":"Incoming request","method":"POST","requestId":"ac2825c7-fbb7-452f-b281-b1cd6bff22bf","service":"api-service","timestamp":"2025-05-03 10:14:35","url":"/api/v1/auth/login","userAgent":"Mozilla/5.0 (Windows NT 10.0; Win64; x64) AppleWebKit/537.36 (KHTML, like Gecko) Chrome/135.0.0.0 Safari/537.36"}
{"duration":726,"level":"info","message":"Request completed","method":"POST","requestId":"ac2825c7-fbb7-452f-b281-b1cd6bff22bf","service":"api-service","status":200,"timestamp":"2025-05-03 10:14:35","url":"/api/v1/auth/login"}
{"ip":"::1","level":"info","message":"Incoming request","method":"GET","requestId":"99afff51-316f-44c8-8970-3c25413246a9","service":"api-service","timestamp":"2025-05-03 10:14:36","url":"/api/v1/subscriptions","userAgent":"Mozilla/5.0 (Windows NT 10.0; Win64; x64) AppleWebKit/537.36 (KHTML, like Gecko) Chrome/135.0.0.0 Safari/537.36"}
{"ip":"::1","level":"info","message":"Incoming request","method":"GET","requestId":"d463a593-ea92-4105-9659-81c1412dab8c","service":"api-service","timestamp":"2025-05-03 10:14:37","url":"/api/v1/posts","userAgent":"Mozilla/5.0 (Windows NT 10.0; Win64; x64) AppleWebKit/537.36 (KHTML, like Gecko) Chrome/135.0.0.0 Safari/537.36"}
{"ip":"::1","level":"info","message":"Incoming request","method":"GET","requestId":"23c438b0-df4e-47d2-8b0b-bcd0d763bd19","service":"api-service","timestamp":"2025-05-03 10:14:37","url":"/api/v1/revenue?type=monthly","userAgent":"Mozilla/5.0 (Windows NT 10.0; Win64; x64) AppleWebKit/537.36 (KHTML, like Gecko) Chrome/135.0.0.0 Safari/537.36"}
{"duration":21,"level":"info","message":"Request completed","method":"GET","requestId":"23c438b0-df4e-47d2-8b0b-bcd0d763bd19","service":"api-service","status":404,"timestamp":"2025-05-03 10:14:37","url":"/api/v1/revenue?type=monthly"}
{"duration":98,"level":"info","message":"Request completed","method":"GET","requestId":"99afff51-316f-44c8-8970-3c25413246a9","service":"api-service","status":304,"timestamp":"2025-05-03 10:14:37","url":"/api/v1/subscriptions"}
{"duration":433,"level":"info","message":"Request completed","method":"GET","requestId":"d463a593-ea92-4105-9659-81c1412dab8c","service":"api-service","status":304,"timestamp":"2025-05-03 10:14:37","url":"/api/v1/posts"}
{"ip":"::1","level":"info","message":"Incoming request","method":"POST","requestId":"75499fc6-31c8-414f-b986-0bac90d6f89a","service":"api-service","timestamp":"2025-05-03 10:17:59","url":"/api/v1/auth/login","userAgent":"Mozilla/5.0 (Windows NT 10.0; Win64; x64) AppleWebKit/537.36 (KHTML, like Gecko) Chrome/135.0.0.0 Safari/537.36"}
{"duration":642,"level":"info","message":"Request completed","method":"POST","requestId":"75499fc6-31c8-414f-b986-0bac90d6f89a","service":"api-service","status":200,"timestamp":"2025-05-03 10:18:00","url":"/api/v1/auth/login"}
{"ip":"::1","level":"info","message":"Incoming request","method":"GET","requestId":"03e69788-a9db-46da-9cd0-d7453917c9b4","service":"api-service","timestamp":"2025-05-03 10:18:01","url":"/api/v1/revenue?type=monthly","userAgent":"Mozilla/5.0 (Windows NT 10.0; Win64; x64) AppleWebKit/537.36 (KHTML, like Gecko) Chrome/135.0.0.0 Safari/537.36"}
{"duration":11,"level":"info","message":"Request completed","method":"GET","requestId":"03e69788-a9db-46da-9cd0-d7453917c9b4","service":"api-service","status":404,"timestamp":"2025-05-03 10:18:01","url":"/api/v1/revenue?type=monthly"}
{"ip":"::1","level":"info","message":"Incoming request","method":"GET","requestId":"ed29fe40-14cf-4a48-8e1a-231aa0320da4","service":"api-service","timestamp":"2025-05-03 10:18:01","url":"/api/v1/posts","userAgent":"Mozilla/5.0 (Windows NT 10.0; Win64; x64) AppleWebKit/537.36 (KHTML, like Gecko) Chrome/135.0.0.0 Safari/537.36"}
{"ip":"::1","level":"info","message":"Incoming request","method":"GET","requestId":"ce8b7c49-a158-4c32-bb9f-2f03024a3b5d","service":"api-service","timestamp":"2025-05-03 10:18:01","url":"/api/v1/subscriptions","userAgent":"Mozilla/5.0 (Windows NT 10.0; Win64; x64) AppleWebKit/537.36 (KHTML, like Gecko) Chrome/135.0.0.0 Safari/537.36"}
{"duration":253,"level":"info","message":"Request completed","method":"GET","requestId":"ed29fe40-14cf-4a48-8e1a-231aa0320da4","service":"api-service","status":304,"timestamp":"2025-05-03 10:18:01","url":"/api/v1/posts"}
{"duration":259,"level":"info","message":"Request completed","method":"GET","requestId":"ce8b7c49-a158-4c32-bb9f-2f03024a3b5d","service":"api-service","status":304,"timestamp":"2025-05-03 10:18:01","url":"/api/v1/subscriptions"}
{"ip":"::1","level":"info","message":"Incoming request","method":"POST","requestId":"2751e82e-ba11-413f-8aca-683e1585da5f","service":"api-service","timestamp":"2025-05-03 10:18:14","url":"/api/v1/auth/login","userAgent":"Mozilla/5.0 (Windows NT 10.0; Win64; x64) AppleWebKit/537.36 (KHTML, like Gecko) Chrome/135.0.0.0 Safari/537.36"}
{"duration":721,"level":"info","message":"Request completed","method":"POST","requestId":"2751e82e-ba11-413f-8aca-683e1585da5f","service":"api-service","status":200,"timestamp":"2025-05-03 10:18:15","url":"/api/v1/auth/login"}
{"ip":"::1","level":"info","message":"Incoming request","method":"GET","requestId":"18e549b8-e152-4f2a-8fda-f999506a37e6","service":"api-service","timestamp":"2025-05-03 10:18:15","url":"/api/v1/revenue?type=monthly","userAgent":"Mozilla/5.0 (Windows NT 10.0; Win64; x64) AppleWebKit/537.36 (KHTML, like Gecko) Chrome/135.0.0.0 Safari/537.36"}
{"duration":11,"level":"info","message":"Request completed","method":"GET","requestId":"18e549b8-e152-4f2a-8fda-f999506a37e6","service":"api-service","status":404,"timestamp":"2025-05-03 10:18:15","url":"/api/v1/revenue?type=monthly"}
{"ip":"::1","level":"info","message":"Incoming request","method":"POST","requestId":"3ae5b291-97a3-4030-8933-8bc3a06a315b","service":"api-service","timestamp":"2025-05-03 10:19:16","url":"/api/v1/auth/login","userAgent":"Mozilla/5.0 (Windows NT 10.0; Win64; x64) AppleWebKit/537.36 (KHTML, like Gecko) Chrome/135.0.0.0 Safari/537.36"}
{"duration":654,"level":"info","message":"Request completed","method":"POST","requestId":"3ae5b291-97a3-4030-8933-8bc3a06a315b","service":"api-service","status":200,"timestamp":"2025-05-03 10:19:17","url":"/api/v1/auth/login"}
{"ip":"::1","level":"info","message":"Incoming request","method":"GET","requestId":"246ab0cf-e406-44e9-b3d2-482f67368b65","service":"api-service","timestamp":"2025-05-03 10:19:18","url":"/api/v1/posts","userAgent":"Mozilla/5.0 (Windows NT 10.0; Win64; x64) AppleWebKit/537.36 (KHTML, like Gecko) Chrome/135.0.0.0 Safari/537.36"}
{"ip":"::1","level":"info","message":"Incoming request","method":"GET","requestId":"3f4e6824-8b73-43b9-bc17-7a81bf0b16b8","service":"api-service","timestamp":"2025-05-03 10:19:18","url":"/api/v1/subscriptions","userAgent":"Mozilla/5.0 (Windows NT 10.0; Win64; x64) AppleWebKit/537.36 (KHTML, like Gecko) Chrome/135.0.0.0 Safari/537.36"}
{"ip":"::1","level":"info","message":"Incoming request","method":"GET","requestId":"436b5aec-08ac-4d3f-a0d6-621cff1b077f","service":"api-service","timestamp":"2025-05-03 10:19:18","url":"/api/v1/revenue?type=monthly","userAgent":"Mozilla/5.0 (Windows NT 10.0; Win64; x64) AppleWebKit/537.36 (KHTML, like Gecko) Chrome/135.0.0.0 Safari/537.36"}
{"duration":12,"level":"info","message":"Request completed","method":"GET","requestId":"436b5aec-08ac-4d3f-a0d6-621cff1b077f","service":"api-service","status":404,"timestamp":"2025-05-03 10:19:18","url":"/api/v1/revenue?type=monthly"}
{"duration":217,"level":"info","message":"Request completed","method":"GET","requestId":"246ab0cf-e406-44e9-b3d2-482f67368b65","service":"api-service","status":304,"timestamp":"2025-05-03 10:19:18","url":"/api/v1/posts"}
{"duration":224,"level":"info","message":"Request completed","method":"GET","requestId":"3f4e6824-8b73-43b9-bc17-7a81bf0b16b8","service":"api-service","status":304,"timestamp":"2025-05-03 10:19:18","url":"/api/v1/subscriptions"}
{"ip":"::1","level":"info","message":"Incoming request","method":"POST","requestId":"036d7635-48f8-4cef-9e3d-f888fe6c96b4","service":"api-service","timestamp":"2025-05-03 10:29:40","url":"/api/v1/auth/login","userAgent":"Mozilla/5.0 (Windows NT 10.0; Win64; x64) AppleWebKit/537.36 (KHTML, like Gecko) Chrome/135.0.0.0 Safari/537.36"}
{"duration":653,"level":"info","message":"Request completed","method":"POST","requestId":"036d7635-48f8-4cef-9e3d-f888fe6c96b4","service":"api-service","status":200,"timestamp":"2025-05-03 10:29:41","url":"/api/v1/auth/login"}
{"ip":"::1","level":"info","message":"Incoming request","method":"GET","requestId":"206d354b-b8ec-4ae8-ba1e-bbee4947188f","service":"api-service","timestamp":"2025-05-03 10:29:42","url":"/api/v1/subscriptions","userAgent":"Mozilla/5.0 (Windows NT 10.0; Win64; x64) AppleWebKit/537.36 (KHTML, like Gecko) Chrome/135.0.0.0 Safari/537.36"}
{"ip":"::1","level":"info","message":"Incoming request","method":"GET","requestId":"532ca2b4-7520-4b35-8721-eb7f36d46c9f","service":"api-service","timestamp":"2025-05-03 10:29:42","url":"/api/v1/revenue?type=monthly","userAgent":"Mozilla/5.0 (Windows NT 10.0; Win64; x64) AppleWebKit/537.36 (KHTML, like Gecko) Chrome/135.0.0.0 Safari/537.36"}
{"ip":"::1","level":"info","message":"Incoming request","method":"GET","requestId":"41a76575-ce7a-49cb-99e2-24be23b588d0","service":"api-service","timestamp":"2025-05-03 10:29:42","url":"/api/v1/posts","userAgent":"Mozilla/5.0 (Windows NT 10.0; Win64; x64) AppleWebKit/537.36 (KHTML, like Gecko) Chrome/135.0.0.0 Safari/537.36"}
{"duration":66,"level":"info","message":"Request completed","method":"GET","requestId":"532ca2b4-7520-4b35-8721-eb7f36d46c9f","service":"api-service","status":404,"timestamp":"2025-05-03 10:29:42","url":"/api/v1/revenue?type=monthly"}
{"duration":129,"level":"info","message":"Request completed","method":"GET","requestId":"206d354b-b8ec-4ae8-ba1e-bbee4947188f","service":"api-service","status":304,"timestamp":"2025-05-03 10:29:42","url":"/api/v1/subscriptions"}
{"duration":455,"level":"info","message":"Request completed","method":"GET","requestId":"41a76575-ce7a-49cb-99e2-24be23b588d0","service":"api-service","status":304,"timestamp":"2025-05-03 10:29:43","url":"/api/v1/posts"}
{"ip":"::1","level":"info","message":"Incoming request","method":"GET","requestId":"2e48cd0c-3aad-4b8c-b7fb-b0b1aab7bb4b","service":"api-service","timestamp":"2025-05-03 10:29:53","url":"/api/v1/api/v1/roles","userAgent":"Mozilla/5.0 (Windows NT 10.0; Win64; x64) AppleWebKit/537.36 (KHTML, like Gecko) Chrome/135.0.0.0 Safari/537.36"}
{"duration":14,"level":"info","message":"Request completed","method":"GET","requestId":"2e48cd0c-3aad-4b8c-b7fb-b0b1aab7bb4b","service":"api-service","status":404,"timestamp":"2025-05-03 10:29:53","url":"/api/v1/api/v1/roles"}
{"ip":"::1","level":"info","message":"Incoming request","method":"GET","requestId":"0520c7c5-b870-4a81-add9-443cbb3892ea","service":"api-service","timestamp":"2025-05-03 10:29:53","url":"/api/v1/permissions","userAgent":"Mozilla/5.0 (Windows NT 10.0; Win64; x64) AppleWebKit/537.36 (KHTML, like Gecko) Chrome/135.0.0.0 Safari/537.36"}
{"duration":10,"level":"info","message":"Request completed","method":"GET","requestId":"0520c7c5-b870-4a81-add9-443cbb3892ea","service":"api-service","status":404,"timestamp":"2025-05-03 10:29:53","url":"/api/v1/permissions"}
{"ip":"::1","level":"info","message":"Incoming request","method":"POST","requestId":"c238d6bb-1b79-42aa-b33c-af63aa7c6d31","service":"api-service","timestamp":"2025-05-03 10:31:05","url":"/api/v1/auth/login","userAgent":"Mozilla/5.0 (Windows NT 10.0; Win64; x64) AppleWebKit/537.36 (KHTML, like Gecko) Chrome/135.0.0.0 Safari/537.36"}
{"duration":604,"level":"info","message":"Request completed","method":"POST","requestId":"c238d6bb-1b79-42aa-b33c-af63aa7c6d31","service":"api-service","status":200,"timestamp":"2025-05-03 10:31:06","url":"/api/v1/auth/login"}
{"ip":"::1","level":"info","message":"Incoming request","method":"GET","requestId":"3a64c54c-8da0-4fff-8b32-e95f14855712","service":"api-service","timestamp":"2025-05-03 10:31:07","url":"/api/v1/revenue?type=monthly","userAgent":"Mozilla/5.0 (Windows NT 10.0; Win64; x64) AppleWebKit/537.36 (KHTML, like Gecko) Chrome/135.0.0.0 Safari/537.36"}
{"ip":"::1","level":"info","message":"Incoming request","method":"GET","requestId":"b17cd2f5-dbf1-4455-adb9-67ee6995e329","service":"api-service","timestamp":"2025-05-03 10:31:07","url":"/api/v1/subscriptions","userAgent":"Mozilla/5.0 (Windows NT 10.0; Win64; x64) AppleWebKit/537.36 (KHTML, like Gecko) Chrome/135.0.0.0 Safari/537.36"}
{"duration":75,"level":"info","message":"Request completed","method":"GET","requestId":"3a64c54c-8da0-4fff-8b32-e95f14855712","service":"api-service","status":404,"timestamp":"2025-05-03 10:31:07","url":"/api/v1/revenue?type=monthly"}
{"ip":"::1","level":"info","message":"Incoming request","method":"GET","requestId":"fc155e4f-898e-470b-a5a5-81e9d005a834","service":"api-service","timestamp":"2025-05-03 10:31:07","url":"/api/v1/posts","userAgent":"Mozilla/5.0 (Windows NT 10.0; Win64; x64) AppleWebKit/537.36 (KHTML, like Gecko) Chrome/135.0.0.0 Safari/537.36"}
{"duration":80,"level":"info","message":"Request completed","method":"GET","requestId":"b17cd2f5-dbf1-4455-adb9-67ee6995e329","service":"api-service","status":304,"timestamp":"2025-05-03 10:31:07","url":"/api/v1/subscriptions"}
{"duration":324,"level":"info","message":"Request completed","method":"GET","requestId":"fc155e4f-898e-470b-a5a5-81e9d005a834","service":"api-service","status":304,"timestamp":"2025-05-03 10:31:08","url":"/api/v1/posts"}
{"ip":"::1","level":"info","message":"Incoming request","method":"GET","requestId":"4c2e4463-2526-46d6-b34b-c28149075ae1","service":"api-service","timestamp":"2025-05-03 10:31:15","url":"/api/v1/roles","userAgent":"Mozilla/5.0 (Windows NT 10.0; Win64; x64) AppleWebKit/537.36 (KHTML, like Gecko) Chrome/135.0.0.0 Safari/537.36"}
{"duration":38,"level":"info","message":"Request completed","method":"GET","requestId":"4c2e4463-2526-46d6-b34b-c28149075ae1","service":"api-service","status":401,"timestamp":"2025-05-03 10:31:15","url":"/api/v1/roles"}
{"ip":"::1","level":"info","message":"Incoming request","method":"GET","requestId":"66ea7553-dfb4-4740-86f9-908cdf96fb1a","service":"api-service","timestamp":"2025-05-03 10:31:15","url":"/api/v1/permissions","userAgent":"Mozilla/5.0 (Windows NT 10.0; Win64; x64) AppleWebKit/537.36 (KHTML, like Gecko) Chrome/135.0.0.0 Safari/537.36"}
{"duration":44,"level":"info","message":"Request completed","method":"GET","requestId":"66ea7553-dfb4-4740-86f9-908cdf96fb1a","service":"api-service","status":404,"timestamp":"2025-05-03 10:31:15","url":"/api/v1/permissions"}
{"ip":"::1","level":"info","message":"Incoming request","method":"GET","requestId":"ad83e2f5-f9aa-4f1b-8d53-2433f6598e7b","service":"api-service","timestamp":"2025-05-03 10:33:06","url":"/api/v1/permissions","userAgent":"Mozilla/5.0 (Windows NT 10.0; Win64; x64) AppleWebKit/537.36 (KHTML, like Gecko) Chrome/135.0.0.0 Safari/537.36"}
{"duration":13,"level":"info","message":"Request completed","method":"GET","requestId":"ad83e2f5-f9aa-4f1b-8d53-2433f6598e7b","service":"api-service","status":404,"timestamp":"2025-05-03 10:33:06","url":"/api/v1/permissions"}
{"ip":"::1","level":"info","message":"Incoming request","method":"GET","requestId":"8cbcc306-2071-4ccf-9176-4db52aa08d28","service":"api-service","timestamp":"2025-05-03 10:33:07","url":"/api/v1/roles","userAgent":"Mozilla/5.0 (Windows NT 10.0; Win64; x64) AppleWebKit/537.36 (KHTML, like Gecko) Chrome/135.0.0.0 Safari/537.36"}
{"duration":31,"level":"info","message":"Request completed","method":"GET","requestId":"8cbcc306-2071-4ccf-9176-4db52aa08d28","service":"api-service","status":401,"timestamp":"2025-05-03 10:33:07","url":"/api/v1/roles"}
{"ip":"::1","level":"info","message":"Incoming request","method":"POST","requestId":"5ff5ea13-78c1-4248-8096-2c0839e9b5b2","service":"api-service","timestamp":"2025-05-03 14:46:26","url":"/api/v1/auth/login","userAgent":"Mozilla/5.0 (Windows NT 10.0; Win64; x64) AppleWebKit/537.36 (KHTML, like Gecko) Chrome/135.0.0.0 Safari/537.36"}
{"duration":1642,"level":"info","message":"Request completed","method":"POST","requestId":"5ff5ea13-78c1-4248-8096-2c0839e9b5b2","service":"api-service","status":200,"timestamp":"2025-05-03 14:46:27","url":"/api/v1/auth/login"}
{"ip":"::1","level":"info","message":"Incoming request","method":"POST","requestId":"37a86def-68bc-4763-b617-39f37decc0c4","service":"api-service","timestamp":"2025-05-03 14:47:07","url":"/api/v1/auth/login","userAgent":"Mozilla/5.0 (Windows NT 10.0; Win64; x64) AppleWebKit/537.36 (KHTML, like Gecko) Chrome/135.0.0.0 Safari/537.36"}
{"duration":616,"level":"info","message":"Request completed","method":"POST","requestId":"37a86def-68bc-4763-b617-39f37decc0c4","service":"api-service","status":200,"timestamp":"2025-05-03 14:47:08","url":"/api/v1/auth/login"}
{"ip":"::1","level":"info","message":"Incoming request","method":"GET","requestId":"91591a16-ca01-4326-9c95-7017fdbc73ef","service":"api-service","timestamp":"2025-05-03 14:47:09","url":"/api/v1/posts","userAgent":"Mozilla/5.0 (Windows NT 10.0; Win64; x64) AppleWebKit/537.36 (KHTML, like Gecko) Chrome/135.0.0.0 Safari/537.36"}
{"ip":"::1","level":"info","message":"Incoming request","method":"GET","requestId":"456c2e8f-b1a2-4609-b19c-69b31379a1e0","service":"api-service","timestamp":"2025-05-03 14:47:09","url":"/api/v1/subscriptions","userAgent":"Mozilla/5.0 (Windows NT 10.0; Win64; x64) AppleWebKit/537.36 (KHTML, like Gecko) Chrome/135.0.0.0 Safari/537.36"}
{"ip":"::1","level":"info","message":"Incoming request","method":"GET","requestId":"18ea9a02-7f5d-4551-8b84-3cafd92c9e3a","service":"api-service","timestamp":"2025-05-03 14:47:09","url":"/api/v1/revenue?type=monthly","userAgent":"Mozilla/5.0 (Windows NT 10.0; Win64; x64) AppleWebKit/537.36 (KHTML, like Gecko) Chrome/135.0.0.0 Safari/537.36"}
{"duration":12,"level":"info","message":"Request completed","method":"GET","requestId":"18ea9a02-7f5d-4551-8b84-3cafd92c9e3a","service":"api-service","status":404,"timestamp":"2025-05-03 14:47:09","url":"/api/v1/revenue?type=monthly"}
{"duration":235,"level":"info","message":"Request completed","method":"GET","requestId":"91591a16-ca01-4326-9c95-7017fdbc73ef","service":"api-service","status":304,"timestamp":"2025-05-03 14:47:09","url":"/api/v1/posts"}
{"duration":257,"level":"info","message":"Request completed","method":"GET","requestId":"456c2e8f-b1a2-4609-b19c-69b31379a1e0","service":"api-service","status":304,"timestamp":"2025-05-03 14:47:10","url":"/api/v1/subscriptions"}
{"ip":"::1","level":"info","message":"Incoming request","method":"GET","requestId":"8c72f5ef-8368-4afd-8d35-f133b6ca4d7a","service":"api-service","timestamp":"2025-05-03 14:47:21","url":"/api/v1/permissions","userAgent":"Mozilla/5.0 (Windows NT 10.0; Win64; x64) AppleWebKit/537.36 (KHTML, like Gecko) Chrome/135.0.0.0 Safari/537.36"}
{"duration":11,"level":"info","message":"Request completed","method":"GET","requestId":"8c72f5ef-8368-4afd-8d35-f133b6ca4d7a","service":"api-service","status":404,"timestamp":"2025-05-03 14:47:21","url":"/api/v1/permissions"}
{"ip":"::1","level":"info","message":"Incoming request","method":"GET","requestId":"79aece43-d81e-480a-a8d1-ef05957cf8eb","service":"api-service","timestamp":"2025-05-03 14:47:21","url":"/api/v1/roles","userAgent":"Mozilla/5.0 (Windows NT 10.0; Win64; x64) AppleWebKit/537.36 (KHTML, like Gecko) Chrome/135.0.0.0 Safari/537.36"}
{"duration":432,"level":"info","message":"Request completed","method":"GET","requestId":"79aece43-d81e-480a-a8d1-ef05957cf8eb","service":"api-service","status":200,"timestamp":"2025-05-03 14:47:22","url":"/api/v1/roles"}
{"ip":"::1","level":"info","message":"Incoming request","method":"POST","requestId":"a923b3ff-700d-4d03-ae57-68de5c2f3ee2","service":"api-service","timestamp":"2025-05-03 15:11:52","url":"/api/v1/logout","userAgent":"PostmanRuntime/7.43.4"}
{"duration":29,"level":"info","message":"Request completed","method":"POST","requestId":"a923b3ff-700d-4d03-ae57-68de5c2f3ee2","service":"api-service","status":404,"timestamp":"2025-05-03 15:11:52","url":"/api/v1/logout"}
{"ip":"::1","level":"info","message":"Incoming request","method":"POST","requestId":"04cd2c6f-99d7-44e9-b705-0cc91f0773f3","service":"api-service","timestamp":"2025-05-03 15:12:11","url":"/api/v1/auth.logout","userAgent":"PostmanRuntime/7.43.4"}
{"duration":14,"level":"info","message":"Request completed","method":"POST","requestId":"04cd2c6f-99d7-44e9-b705-0cc91f0773f3","service":"api-service","status":404,"timestamp":"2025-05-03 15:12:11","url":"/api/v1/auth.logout"}
{"ip":"::1","level":"info","message":"Incoming request","method":"POST","requestId":"079738ca-2bbc-4e8c-b997-a636846961b0","service":"api-service","timestamp":"2025-05-03 15:12:15","url":"/api/v1/auth/logout","userAgent":"PostmanRuntime/7.43.4"}
{"duration":1922,"level":"info","message":"Request completed","method":"POST","requestId":"079738ca-2bbc-4e8c-b997-a636846961b0","service":"api-service","status":500,"timestamp":"2025-05-03 15:12:16","url":"/api/v1/auth/logout"}
{"duration":1922,"level":"error","message":"Server error","method":"POST","requestId":"079738ca-2bbc-4e8c-b997-a636846961b0","service":"api-service","status":500,"timestamp":"2025-05-03 15:12:16","url":"/api/v1/auth/logout"}
{"ip":"::1","level":"info","message":"Incoming request","method":"POST","requestId":"a6a90690-abc8-4aef-91b7-5bab4318fd8e","service":"api-service","timestamp":"2025-05-03 15:12:38","url":"/api/v1/auth/logout","userAgent":"PostmanRuntime/7.43.4"}
{"ip":"::1","level":"info","message":"Incoming request","method":"POST","requestId":"69332d89-9583-4822-8fcb-a5717dbb6061","service":"api-service","timestamp":"2025-05-03 15:13:26","url":"/api/v1/auth/logout","userAgent":"PostmanRuntime/7.43.4"}
{"duration":9810,"level":"info","message":"Request completed","method":"POST","requestId":"69332d89-9583-4822-8fcb-a5717dbb6061","service":"api-service","status":200,"timestamp":"2025-05-03 15:13:36","url":"/api/v1/auth/logout"}
{"ip":"::1","level":"info","message":"Incoming request","method":"POST","requestId":"1c4717d2-2a74-4012-918a-73f619a9dae1","service":"api-service","timestamp":"2025-05-03 15:13:44","url":"/api/v1/auth/logout","userAgent":"PostmanRuntime/7.43.4"}
{"duration":128,"level":"info","message":"Request completed","method":"POST","requestId":"1c4717d2-2a74-4012-918a-73f619a9dae1","service":"api-service","status":400,"timestamp":"2025-05-03 15:13:44","url":"/api/v1/auth/logout"}
{"ip":"::1","level":"info","message":"Incoming request","method":"POST","requestId":"04639835-1733-4487-b48a-aa6867adc960","service":"api-service","timestamp":"2025-05-03 15:13:48","url":"/api/v1/auth/logout","userAgent":"PostmanRuntime/7.43.4"}
{"duration":138,"level":"info","message":"Request completed","method":"POST","requestId":"04639835-1733-4487-b48a-aa6867adc960","service":"api-service","status":400,"timestamp":"2025-05-03 15:13:48","url":"/api/v1/auth/logout"}
{"ip":"::1","level":"info","message":"Incoming request","method":"GET","requestId":"164b51a7-e929-4ee2-ad9c-e4d1bbac153b","service":"api-service","timestamp":"2025-05-03 15:19:08","url":"/api/v1/permissions","userAgent":"Mozilla/5.0 (Windows NT 10.0; Win64; x64) AppleWebKit/537.36 (KHTML, like Gecko) Chrome/135.0.0.0 Safari/537.36"}
{"duration":22,"level":"info","message":"Request completed","method":"GET","requestId":"164b51a7-e929-4ee2-ad9c-e4d1bbac153b","service":"api-service","status":404,"timestamp":"2025-05-03 15:19:08","url":"/api/v1/permissions"}
{"ip":"::1","level":"info","message":"Incoming request","method":"GET","requestId":"bc8d22f1-dbe7-415c-b756-27e9eee199eb","service":"api-service","timestamp":"2025-05-03 15:19:08","url":"/api/v1/roles","userAgent":"Mozilla/5.0 (Windows NT 10.0; Win64; x64) AppleWebKit/537.36 (KHTML, like Gecko) Chrome/135.0.0.0 Safari/537.36"}
{"duration":17,"level":"info","message":"Request completed","method":"GET","requestId":"bc8d22f1-dbe7-415c-b756-27e9eee199eb","service":"api-service","status":401,"timestamp":"2025-05-03 15:19:08","url":"/api/v1/roles"}
{"ip":"::1","level":"info","message":"Incoming request","method":"POST","requestId":"816d6d55-2f5d-4528-a186-19b522ccfd2e","service":"api-service","timestamp":"2025-05-03 15:22:56","url":"/api/v1/auth/login","userAgent":"Mozilla/5.0 (Windows NT 10.0; Win64; x64) AppleWebKit/537.36 (KHTML, like Gecko) Chrome/135.0.0.0 Safari/537.36"}
{"duration":2787,"level":"info","message":"Request completed","method":"POST","requestId":"816d6d55-2f5d-4528-a186-19b522ccfd2e","service":"api-service","status":500,"timestamp":"2025-05-03 15:22:59","url":"/api/v1/auth/login"}
{"duration":2787,"level":"error","message":"Server error","method":"POST","requestId":"816d6d55-2f5d-4528-a186-19b522ccfd2e","service":"api-service","status":500,"timestamp":"2025-05-03 15:22:59","url":"/api/v1/auth/login"}
{"ip":"::1","level":"info","message":"Incoming request","method":"POST","requestId":"18722896-d7f7-48d7-bbee-8166754d48a4","service":"api-service","timestamp":"2025-05-03 15:34:27","url":"/api/v1/auth/login","userAgent":"Mozilla/5.0 (Windows NT 10.0; Win64; x64) AppleWebKit/537.36 (KHTML, like Gecko) Chrome/135.0.0.0 Safari/537.36"}
{"duration":1473,"level":"info","message":"Request completed","method":"POST","requestId":"18722896-d7f7-48d7-bbee-8166754d48a4","service":"api-service","status":200,"timestamp":"2025-05-03 15:34:29","url":"/api/v1/auth/login"}
{"ip":"::1","level":"info","message":"Incoming request","method":"GET","requestId":"7804973b-cacc-4b74-a26e-2bc5ce1416b9","service":"api-service","timestamp":"2025-05-03 15:34:30","url":"/api/v1/revenue?type=monthly","userAgent":"Mozilla/5.0 (Windows NT 10.0; Win64; x64) AppleWebKit/537.36 (KHTML, like Gecko) Chrome/135.0.0.0 Safari/537.36"}
{"duration":14,"level":"info","message":"Request completed","method":"GET","requestId":"7804973b-cacc-4b74-a26e-2bc5ce1416b9","service":"api-service","status":404,"timestamp":"2025-05-03 15:34:30","url":"/api/v1/revenue?type=monthly"}
{"ip":"::1","level":"info","message":"Incoming request","method":"GET","requestId":"29d1ad7c-7634-49fc-af95-4eae4fd0cb45","service":"api-service","timestamp":"2025-05-03 15:34:30","url":"/api/v1/posts","userAgent":"Mozilla/5.0 (Windows NT 10.0; Win64; x64) AppleWebKit/537.36 (KHTML, like Gecko) Chrome/135.0.0.0 Safari/537.36"}
{"ip":"::1","level":"info","message":"Incoming request","method":"GET","requestId":"bb88cb7f-4e36-49bc-9ce5-7614ed18da26","service":"api-service","timestamp":"2025-05-03 15:34:30","url":"/api/v1/subscriptions","userAgent":"Mozilla/5.0 (Windows NT 10.0; Win64; x64) AppleWebKit/537.36 (KHTML, like Gecko) Chrome/135.0.0.0 Safari/537.36"}
{"duration":336,"level":"info","message":"Request completed","method":"GET","requestId":"29d1ad7c-7634-49fc-af95-4eae4fd0cb45","service":"api-service","status":500,"timestamp":"2025-05-03 15:34:31","url":"/api/v1/posts"}
{"duration":336,"level":"error","message":"Server error","method":"GET","requestId":"29d1ad7c-7634-49fc-af95-4eae4fd0cb45","service":"api-service","status":500,"timestamp":"2025-05-03 15:34:31","url":"/api/v1/posts"}
{"duration":415,"level":"info","message":"Request completed","method":"GET","requestId":"bb88cb7f-4e36-49bc-9ce5-7614ed18da26","service":"api-service","status":304,"timestamp":"2025-05-03 15:34:31","url":"/api/v1/subscriptions"}
{"ip":"::1","level":"info","message":"Incoming request","method":"GET","requestId":"6b44f9a1-10bb-4ccc-8585-cd7fb2312402","service":"api-service","timestamp":"2025-05-03 15:34:49","url":"/api/v1/permissions","userAgent":"Mozilla/5.0 (Windows NT 10.0; Win64; x64) AppleWebKit/537.36 (KHTML, like Gecko) Chrome/135.0.0.0 Safari/537.36"}
{"duration":14,"level":"info","message":"Request completed","method":"GET","requestId":"6b44f9a1-10bb-4ccc-8585-cd7fb2312402","service":"api-service","status":404,"timestamp":"2025-05-03 15:34:49","url":"/api/v1/permissions"}
{"ip":"::1","level":"info","message":"Incoming request","method":"GET","requestId":"df7f9ef0-38f6-4f4f-a648-a4f4bbf25739","service":"api-service","timestamp":"2025-05-03 15:34:49","url":"/api/v1/roles","userAgent":"Mozilla/5.0 (Windows NT 10.0; Win64; x64) AppleWebKit/537.36 (KHTML, like Gecko) Chrome/135.0.0.0 Safari/537.36"}
{"duration":380,"level":"info","message":"Request completed","method":"GET","requestId":"df7f9ef0-38f6-4f4f-a648-a4f4bbf25739","service":"api-service","status":304,"timestamp":"2025-05-03 15:34:49","url":"/api/v1/roles"}
{"ip":"::1","level":"info","message":"Incoming request","method":"GET","requestId":"3c576673-5468-4f5a-8dc4-c48a5e06c1dc","service":"api-service","timestamp":"2025-05-03 15:35:42","url":"/api/v1/permissions","userAgent":"Mozilla/5.0 (Windows NT 10.0; Win64; x64) AppleWebKit/537.36 (KHTML, like Gecko) Chrome/135.0.0.0 Safari/537.36"}
{"duration":17,"level":"info","message":"Request completed","method":"GET","requestId":"3c576673-5468-4f5a-8dc4-c48a5e06c1dc","service":"api-service","status":404,"timestamp":"2025-05-03 15:35:42","url":"/api/v1/permissions"}
{"ip":"::1","level":"info","message":"Incoming request","method":"GET","requestId":"487a6d2f-6a49-47a5-92aa-85111b9d1df2","service":"api-service","timestamp":"2025-05-03 15:35:43","url":"/api/v1/roles","userAgent":"Mozilla/5.0 (Windows NT 10.0; Win64; x64) AppleWebKit/537.36 (KHTML, like Gecko) Chrome/135.0.0.0 Safari/537.36"}
{"duration":30,"level":"info","message":"Request completed","method":"GET","requestId":"487a6d2f-6a49-47a5-92aa-85111b9d1df2","service":"api-service","status":401,"timestamp":"2025-05-03 15:35:43","url":"/api/v1/roles"}
{"ip":"::1","level":"info","message":"Incoming request","method":"POST","requestId":"5d608f66-89a7-4013-ba99-6072f6a36b50","service":"api-service","timestamp":"2025-05-03 15:37:06","url":"/api/v1/auth/login","userAgent":"Mozilla/5.0 (Windows NT 10.0; Win64; x64) AppleWebKit/537.36 (KHTML, like Gecko) Chrome/135.0.0.0 Safari/537.36"}
{"duration":699,"level":"info","message":"Request completed","method":"POST","requestId":"5d608f66-89a7-4013-ba99-6072f6a36b50","service":"api-service","status":200,"timestamp":"2025-05-03 15:37:07","url":"/api/v1/auth/login"}
{"ip":"::1","level":"info","message":"Incoming request","method":"GET","requestId":"07f13d3b-8ce8-4199-a9a8-3a7bace9f1c1","service":"api-service","timestamp":"2025-05-03 15:37:08","url":"/api/v1/posts","userAgent":"Mozilla/5.0 (Windows NT 10.0; Win64; x64) AppleWebKit/537.36 (KHTML, like Gecko) Chrome/135.0.0.0 Safari/537.36"}
{"ip":"::1","level":"info","message":"Incoming request","method":"GET","requestId":"2b8e521d-7622-4ef2-8b3b-5e11f41677fc","service":"api-service","timestamp":"2025-05-03 15:37:08","url":"/api/v1/subscriptions","userAgent":"Mozilla/5.0 (Windows NT 10.0; Win64; x64) AppleWebKit/537.36 (KHTML, like Gecko) Chrome/135.0.0.0 Safari/537.36"}
{"ip":"::1","level":"info","message":"Incoming request","method":"GET","requestId":"c4c4ba85-e67a-4ab9-b6de-47bdf79946ce","service":"api-service","timestamp":"2025-05-03 15:37:08","url":"/api/v1/revenue?type=monthly","userAgent":"Mozilla/5.0 (Windows NT 10.0; Win64; x64) AppleWebKit/537.36 (KHTML, like Gecko) Chrome/135.0.0.0 Safari/537.36"}
{"duration":27,"level":"info","message":"Request completed","method":"GET","requestId":"c4c4ba85-e67a-4ab9-b6de-47bdf79946ce","service":"api-service","status":404,"timestamp":"2025-05-03 15:37:08","url":"/api/v1/revenue?type=monthly"}
{"duration":205,"level":"info","message":"Request completed","method":"GET","requestId":"07f13d3b-8ce8-4199-a9a8-3a7bace9f1c1","service":"api-service","status":500,"timestamp":"2025-05-03 15:37:08","url":"/api/v1/posts"}
{"duration":205,"level":"error","message":"Server error","method":"GET","requestId":"07f13d3b-8ce8-4199-a9a8-3a7bace9f1c1","service":"api-service","status":500,"timestamp":"2025-05-03 15:37:08","url":"/api/v1/posts"}
{"duration":258,"level":"info","message":"Request completed","method":"GET","requestId":"2b8e521d-7622-4ef2-8b3b-5e11f41677fc","service":"api-service","status":304,"timestamp":"2025-05-03 15:37:08","url":"/api/v1/subscriptions"}
{"ip":"::1","level":"info","message":"Incoming request","method":"GET","requestId":"666b861a-bd5f-4e28-9932-2c0506ffb5b8","service":"api-service","timestamp":"2025-05-03 15:37:19","url":"/api/v1/permissions","userAgent":"Mozilla/5.0 (Windows NT 10.0; Win64; x64) AppleWebKit/537.36 (KHTML, like Gecko) Chrome/135.0.0.0 Safari/537.36"}
{"duration":83,"level":"info","message":"Request completed","method":"GET","requestId":"666b861a-bd5f-4e28-9932-2c0506ffb5b8","service":"api-service","status":404,"timestamp":"2025-05-03 15:37:19","url":"/api/v1/permissions"}
{"ip":"::1","level":"info","message":"Incoming request","method":"GET","requestId":"f8533abe-19a8-45a5-8d87-beabb8f5f71a","service":"api-service","timestamp":"2025-05-03 15:37:19","url":"/api/v1/roles","userAgent":"Mozilla/5.0 (Windows NT 10.0; Win64; x64) AppleWebKit/537.36 (KHTML, like Gecko) Chrome/135.0.0.0 Safari/537.36"}
{"duration":318,"level":"info","message":"Request completed","method":"GET","requestId":"f8533abe-19a8-45a5-8d87-beabb8f5f71a","service":"api-service","status":304,"timestamp":"2025-05-03 15:37:20","url":"/api/v1/roles"}
{"ip":"::1","level":"info","message":"Incoming request","method":"GET","requestId":"80fd295b-b281-4d2f-9de3-ea19e928a14b","service":"api-service","timestamp":"2025-05-03 15:38:58","url":"/api/v1/permissions","userAgent":"Mozilla/5.0 (Windows NT 10.0; Win64; x64) AppleWebKit/537.36 (KHTML, like Gecko) Chrome/135.0.0.0 Safari/537.36"}
{"duration":14,"level":"info","message":"Request completed","method":"GET","requestId":"80fd295b-b281-4d2f-9de3-ea19e928a14b","service":"api-service","status":404,"timestamp":"2025-05-03 15:38:58","url":"/api/v1/permissions"}
{"ip":"::1","level":"info","message":"Incoming request","method":"GET","requestId":"01fad0e2-4b0e-4ef6-a1ca-a54aa8e07c05","service":"api-service","timestamp":"2025-05-03 15:38:58","url":"/api/v1/roles","userAgent":"Mozilla/5.0 (Windows NT 10.0; Win64; x64) AppleWebKit/537.36 (KHTML, like Gecko) Chrome/135.0.0.0 Safari/537.36"}
{"duration":41,"level":"info","message":"Request completed","method":"GET","requestId":"01fad0e2-4b0e-4ef6-a1ca-a54aa8e07c05","service":"api-service","status":401,"timestamp":"2025-05-03 15:38:58","url":"/api/v1/roles"}
{"ip":"::1","level":"info","message":"Incoming request","method":"POST","requestId":"66969a2d-3bf5-4326-b0d5-2aa2c3491388","service":"api-service","timestamp":"2025-05-03 15:39:06","url":"/api/v1/auth/login","userAgent":"Mozilla/5.0 (Windows NT 10.0; Win64; x64) AppleWebKit/537.36 (KHTML, like Gecko) Chrome/135.0.0.0 Safari/537.36"}
{"duration":694,"level":"info","message":"Request completed","method":"POST","requestId":"66969a2d-3bf5-4326-b0d5-2aa2c3491388","service":"api-service","status":200,"timestamp":"2025-05-03 15:39:07","url":"/api/v1/auth/login"}
{"ip":"::1","level":"info","message":"Incoming request","method":"GET","requestId":"85f71996-c389-4c51-965e-aab4f87b1c10","service":"api-service","timestamp":"2025-05-03 15:39:08","url":"/api/v1/posts","userAgent":"Mozilla/5.0 (Windows NT 10.0; Win64; x64) AppleWebKit/537.36 (KHTML, like Gecko) Chrome/135.0.0.0 Safari/537.36"}
{"ip":"::1","level":"info","message":"Incoming request","method":"GET","requestId":"f81624c9-f053-426b-84c6-fa5ded4f81bd","service":"api-service","timestamp":"2025-05-03 15:39:08","url":"/api/v1/revenue?type=monthly","userAgent":"Mozilla/5.0 (Windows NT 10.0; Win64; x64) AppleWebKit/537.36 (KHTML, like Gecko) Chrome/135.0.0.0 Safari/537.36"}
{"duration":13,"level":"info","message":"Request completed","method":"GET","requestId":"f81624c9-f053-426b-84c6-fa5ded4f81bd","service":"api-service","status":404,"timestamp":"2025-05-03 15:39:08","url":"/api/v1/revenue?type=monthly"}
{"ip":"::1","level":"info","message":"Incoming request","method":"GET","requestId":"5aac2815-77a6-4823-bdf5-e48d1e7f7a02","service":"api-service","timestamp":"2025-05-03 15:39:08","url":"/api/v1/subscriptions","userAgent":"Mozilla/5.0 (Windows NT 10.0; Win64; x64) AppleWebKit/537.36 (KHTML, like Gecko) Chrome/135.0.0.0 Safari/537.36"}
{"duration":273,"level":"info","message":"Request completed","method":"GET","requestId":"85f71996-c389-4c51-965e-aab4f87b1c10","service":"api-service","status":500,"timestamp":"2025-05-03 15:39:08","url":"/api/v1/posts"}
{"duration":273,"level":"error","message":"Server error","method":"GET","requestId":"85f71996-c389-4c51-965e-aab4f87b1c10","service":"api-service","status":500,"timestamp":"2025-05-03 15:39:08","url":"/api/v1/posts"}
{"duration":486,"level":"info","message":"Request completed","method":"GET","requestId":"5aac2815-77a6-4823-bdf5-e48d1e7f7a02","service":"api-service","status":304,"timestamp":"2025-05-03 15:39:08","url":"/api/v1/subscriptions"}
{"ip":"::1","level":"info","message":"Incoming request","method":"GET","requestId":"65535ad0-0c6d-48f7-a09a-c00b838dc690","service":"api-service","timestamp":"2025-05-03 15:39:11","url":"/api/v1/permissions","userAgent":"Mozilla/5.0 (Windows NT 10.0; Win64; x64) AppleWebKit/537.36 (KHTML, like Gecko) Chrome/135.0.0.0 Safari/537.36"}
{"duration":10,"level":"info","message":"Request completed","method":"GET","requestId":"65535ad0-0c6d-48f7-a09a-c00b838dc690","service":"api-service","status":404,"timestamp":"2025-05-03 15:39:11","url":"/api/v1/permissions"}
{"ip":"::1","level":"info","message":"Incoming request","method":"GET","requestId":"bfc7a1af-8c54-4259-95ae-8e56bd75ca21","service":"api-service","timestamp":"2025-05-03 15:39:11","url":"/api/v1/roles","userAgent":"Mozilla/5.0 (Windows NT 10.0; Win64; x64) AppleWebKit/537.36 (KHTML, like Gecko) Chrome/135.0.0.0 Safari/537.36"}
{"duration":147,"level":"info","message":"Request completed","method":"GET","requestId":"bfc7a1af-8c54-4259-95ae-8e56bd75ca21","service":"api-service","status":304,"timestamp":"2025-05-03 15:39:12","url":"/api/v1/roles"}
{"ip":"::1","level":"info","message":"Incoming request","method":"GET","requestId":"8412f2f1-2a41-4418-9213-9a21679adb9f","service":"api-service","timestamp":"2025-05-03 15:39:51","url":"/api/v1/permissions","userAgent":"Mozilla/5.0 (Windows NT 10.0; Win64; x64) AppleWebKit/537.36 (KHTML, like Gecko) Chrome/135.0.0.0 Safari/537.36"}
{"duration":18,"level":"info","message":"Request completed","method":"GET","requestId":"8412f2f1-2a41-4418-9213-9a21679adb9f","service":"api-service","status":404,"timestamp":"2025-05-03 15:39:51","url":"/api/v1/permissions"}
{"ip":"::1","level":"info","message":"Incoming request","method":"GET","requestId":"2cfb9f92-60e8-4d83-8e24-b3da88c096dd","service":"api-service","timestamp":"2025-05-03 15:39:51","url":"/api/v1/roles","userAgent":"Mozilla/5.0 (Windows NT 10.0; Win64; x64) AppleWebKit/537.36 (KHTML, like Gecko) Chrome/135.0.0.0 Safari/537.36"}
{"duration":39,"level":"info","message":"Request completed","method":"GET","requestId":"2cfb9f92-60e8-4d83-8e24-b3da88c096dd","service":"api-service","status":401,"timestamp":"2025-05-03 15:39:51","url":"/api/v1/roles"}
{"ip":"::1","level":"info","message":"Incoming request","method":"POST","requestId":"ccc9bfec-8369-44b3-9ec4-42d7925325b6","service":"api-service","timestamp":"2025-05-03 15:40:00","url":"/api/v1/auth/login","userAgent":"Mozilla/5.0 (Windows NT 10.0; Win64; x64) AppleWebKit/537.36 (KHTML, like Gecko) Chrome/135.0.0.0 Safari/537.36"}
{"duration":568,"level":"info","message":"Request completed","method":"POST","requestId":"ccc9bfec-8369-44b3-9ec4-42d7925325b6","service":"api-service","status":400,"timestamp":"2025-05-03 15:40:01","url":"/api/v1/auth/login"}
{"ip":"::1","level":"info","message":"Incoming request","method":"POST","requestId":"4ddd5ec0-9ab0-4985-8302-920458f3029e","service":"api-service","timestamp":"2025-05-03 15:40:05","url":"/api/v1/auth/login","userAgent":"Mozilla/5.0 (Windows NT 10.0; Win64; x64) AppleWebKit/537.36 (KHTML, like Gecko) Chrome/135.0.0.0 Safari/537.36"}
{"duration":554,"level":"info","message":"Request completed","method":"POST","requestId":"4ddd5ec0-9ab0-4985-8302-920458f3029e","service":"api-service","status":200,"timestamp":"2025-05-03 15:40:05","url":"/api/v1/auth/login"}
{"ip":"::1","level":"info","message":"Incoming request","method":"GET","requestId":"5be8a67f-6e67-4bf6-bd4c-c6161752f61b","service":"api-service","timestamp":"2025-05-03 15:40:07","url":"/api/v1/subscriptions","userAgent":"Mozilla/5.0 (Windows NT 10.0; Win64; x64) AppleWebKit/537.36 (KHTML, like Gecko) Chrome/135.0.0.0 Safari/537.36"}
{"ip":"::1","level":"info","message":"Incoming request","method":"GET","requestId":"cb18fa24-1d79-45ef-9d75-1aea7f94f862","service":"api-service","timestamp":"2025-05-03 15:40:07","url":"/api/v1/revenue?type=monthly","userAgent":"Mozilla/5.0 (Windows NT 10.0; Win64; x64) AppleWebKit/537.36 (KHTML, like Gecko) Chrome/135.0.0.0 Safari/537.36"}
{"duration":16,"level":"info","message":"Request completed","method":"GET","requestId":"cb18fa24-1d79-45ef-9d75-1aea7f94f862","service":"api-service","status":404,"timestamp":"2025-05-03 15:40:07","url":"/api/v1/revenue?type=monthly"}
{"ip":"::1","level":"info","message":"Incoming request","method":"GET","requestId":"ca861c84-177b-4f52-a757-e8806e2807f1","service":"api-service","timestamp":"2025-05-03 15:40:07","url":"/api/v1/posts","userAgent":"Mozilla/5.0 (Windows NT 10.0; Win64; x64) AppleWebKit/537.36 (KHTML, like Gecko) Chrome/135.0.0.0 Safari/537.36"}
{"duration":84,"level":"info","message":"Request completed","method":"GET","requestId":"5be8a67f-6e67-4bf6-bd4c-c6161752f61b","service":"api-service","status":304,"timestamp":"2025-05-03 15:40:07","url":"/api/v1/subscriptions"}
{"duration":381,"level":"info","message":"Request completed","method":"GET","requestId":"ca861c84-177b-4f52-a757-e8806e2807f1","service":"api-service","status":500,"timestamp":"2025-05-03 15:40:07","url":"/api/v1/posts"}
{"duration":381,"level":"error","message":"Server error","method":"GET","requestId":"ca861c84-177b-4f52-a757-e8806e2807f1","service":"api-service","status":500,"timestamp":"2025-05-03 15:40:07","url":"/api/v1/posts"}
{"ip":"::1","level":"info","message":"Incoming request","method":"GET","requestId":"c861f7b9-a74f-4553-a163-ea0070b7ada2","service":"api-service","timestamp":"2025-05-03 15:40:16","url":"/api/v1/permissions","userAgent":"Mozilla/5.0 (Windows NT 10.0; Win64; x64) AppleWebKit/537.36 (KHTML, like Gecko) Chrome/135.0.0.0 Safari/537.36"}
{"duration":22,"level":"info","message":"Request completed","method":"GET","requestId":"c861f7b9-a74f-4553-a163-ea0070b7ada2","service":"api-service","status":404,"timestamp":"2025-05-03 15:40:16","url":"/api/v1/permissions"}
{"ip":"::1","level":"info","message":"Incoming request","method":"GET","requestId":"ecf015b7-36d3-4e04-8ea4-c50f0bb94e7f","service":"api-service","timestamp":"2025-05-03 15:40:16","url":"/api/v1/roles","userAgent":"Mozilla/5.0 (Windows NT 10.0; Win64; x64) AppleWebKit/537.36 (KHTML, like Gecko) Chrome/135.0.0.0 Safari/537.36"}
{"duration":380,"level":"info","message":"Request completed","method":"GET","requestId":"ecf015b7-36d3-4e04-8ea4-c50f0bb94e7f","service":"api-service","status":304,"timestamp":"2025-05-03 15:40:17","url":"/api/v1/roles"}
{"ip":"::1","level":"info","message":"Incoming request","method":"GET","requestId":"82fe92b6-49e7-4f05-9232-4dc68dbb31a6","service":"api-service","timestamp":"2025-05-03 15:42:07","url":"/api/v1/permissions","userAgent":"Mozilla/5.0 (Windows NT 10.0; Win64; x64) AppleWebKit/537.36 (KHTML, like Gecko) Chrome/135.0.0.0 Safari/537.36"}
{"duration":16,"level":"info","message":"Request completed","method":"GET","requestId":"82fe92b6-49e7-4f05-9232-4dc68dbb31a6","service":"api-service","status":404,"timestamp":"2025-05-03 15:42:07","url":"/api/v1/permissions"}
{"ip":"::1","level":"info","message":"Incoming request","method":"GET","requestId":"9671dd4d-40bf-47de-a533-a589dde23d67","service":"api-service","timestamp":"2025-05-03 15:42:08","url":"/api/v1/roles","userAgent":"Mozilla/5.0 (Windows NT 10.0; Win64; x64) AppleWebKit/537.36 (KHTML, like Gecko) Chrome/135.0.0.0 Safari/537.36"}
{"duration":31,"level":"info","message":"Request completed","method":"GET","requestId":"9671dd4d-40bf-47de-a533-a589dde23d67","service":"api-service","status":401,"timestamp":"2025-05-03 15:42:08","url":"/api/v1/roles"}
{"ip":"::1","level":"info","message":"Incoming request","method":"GET","requestId":"72eaffd6-0c1e-4734-98b3-3bd1340eab80","service":"api-service","timestamp":"2025-05-03 15:42:12","url":"/api/v1/permissions","userAgent":"Mozilla/5.0 (Windows NT 10.0; Win64; x64) AppleWebKit/537.36 (KHTML, like Gecko) Chrome/135.0.0.0 Safari/537.36"}
{"duration":13,"level":"info","message":"Request completed","method":"GET","requestId":"72eaffd6-0c1e-4734-98b3-3bd1340eab80","service":"api-service","status":404,"timestamp":"2025-05-03 15:42:12","url":"/api/v1/permissions"}
{"ip":"::1","level":"info","message":"Incoming request","method":"GET","requestId":"a439f624-2139-472f-ad7a-4e0759cd4de0","service":"api-service","timestamp":"2025-05-03 15:42:12","url":"/api/v1/roles","userAgent":"Mozilla/5.0 (Windows NT 10.0; Win64; x64) AppleWebKit/537.36 (KHTML, like Gecko) Chrome/135.0.0.0 Safari/537.36"}
{"duration":19,"level":"info","message":"Request completed","method":"GET","requestId":"a439f624-2139-472f-ad7a-4e0759cd4de0","service":"api-service","status":401,"timestamp":"2025-05-03 15:42:12","url":"/api/v1/roles"}
{"ip":"::1","level":"info","message":"Incoming request","method":"POST","requestId":"b86e19d3-8f3e-4436-89d7-0cc57be65eb6","service":"api-service","timestamp":"2025-05-03 15:42:19","url":"/api/v1/auth/login","userAgent":"Mozilla/5.0 (Windows NT 10.0; Win64; x64) AppleWebKit/537.36 (KHTML, like Gecko) Chrome/135.0.0.0 Safari/537.36"}
{"duration":1018,"level":"info","message":"Request completed","method":"POST","requestId":"b86e19d3-8f3e-4436-89d7-0cc57be65eb6","service":"api-service","status":200,"timestamp":"2025-05-03 15:42:20","url":"/api/v1/auth/login"}
{"ip":"::1","level":"info","message":"Incoming request","method":"GET","requestId":"3c5871f7-2179-4284-accb-7e0294cbe0e0","service":"api-service","timestamp":"2025-05-03 15:42:21","url":"/api/v1/posts","userAgent":"Mozilla/5.0 (Windows NT 10.0; Win64; x64) AppleWebKit/537.36 (KHTML, like Gecko) Chrome/135.0.0.0 Safari/537.36"}
{"ip":"::1","level":"info","message":"Incoming request","method":"GET","requestId":"ffc06ce5-56c7-435b-86d4-c360b1b3761a","service":"api-service","timestamp":"2025-05-03 15:42:21","url":"/api/v1/subscriptions","userAgent":"Mozilla/5.0 (Windows NT 10.0; Win64; x64) AppleWebKit/537.36 (KHTML, like Gecko) Chrome/135.0.0.0 Safari/537.36"}
{"ip":"::1","level":"info","message":"Incoming request","method":"GET","requestId":"e7b52848-4977-4e22-93c5-67460c4a6372","service":"api-service","timestamp":"2025-05-03 15:42:21","url":"/api/v1/revenue?type=monthly","userAgent":"Mozilla/5.0 (Windows NT 10.0; Win64; x64) AppleWebKit/537.36 (KHTML, like Gecko) Chrome/135.0.0.0 Safari/537.36"}
{"duration":12,"level":"info","message":"Request completed","method":"GET","requestId":"e7b52848-4977-4e22-93c5-67460c4a6372","service":"api-service","status":404,"timestamp":"2025-05-03 15:42:21","url":"/api/v1/revenue?type=monthly"}
{"duration":276,"level":"info","message":"Request completed","method":"GET","requestId":"3c5871f7-2179-4284-accb-7e0294cbe0e0","service":"api-service","status":500,"timestamp":"2025-05-03 15:42:22","url":"/api/v1/posts"}
{"duration":276,"level":"error","message":"Server error","method":"GET","requestId":"3c5871f7-2179-4284-accb-7e0294cbe0e0","service":"api-service","status":500,"timestamp":"2025-05-03 15:42:22","url":"/api/v1/posts"}
{"duration":480,"level":"info","message":"Request completed","method":"GET","requestId":"ffc06ce5-56c7-435b-86d4-c360b1b3761a","service":"api-service","status":304,"timestamp":"2025-05-03 15:42:22","url":"/api/v1/subscriptions"}
{"ip":"::1","level":"info","message":"Incoming request","method":"GET","requestId":"aaff40f6-d7b9-4b03-bb95-4a78004a1f43","service":"api-service","timestamp":"2025-05-03 15:42:58","url":"/api/v1/permissions","userAgent":"Mozilla/5.0 (Windows NT 10.0; Win64; x64) AppleWebKit/537.36 (KHTML, like Gecko) Chrome/135.0.0.0 Safari/537.36"}
{"duration":13,"level":"info","message":"Request completed","method":"GET","requestId":"aaff40f6-d7b9-4b03-bb95-4a78004a1f43","service":"api-service","status":404,"timestamp":"2025-05-03 15:42:58","url":"/api/v1/permissions"}
{"ip":"::1","level":"info","message":"Incoming request","method":"GET","requestId":"afc45de2-7753-4636-a3b5-0ac61502084e","service":"api-service","timestamp":"2025-05-03 15:42:58","url":"/api/v1/roles","userAgent":"Mozilla/5.0 (Windows NT 10.0; Win64; x64) AppleWebKit/537.36 (KHTML, like Gecko) Chrome/135.0.0.0 Safari/537.36"}
{"duration":384,"level":"info","message":"Request completed","method":"GET","requestId":"afc45de2-7753-4636-a3b5-0ac61502084e","service":"api-service","status":304,"timestamp":"2025-05-03 15:42:59","url":"/api/v1/roles"}
{"ip":"::1","level":"info","message":"Incoming request","method":"GET","requestId":"10c53b2c-8340-4d7a-9da8-367eb85831d7","service":"api-service","timestamp":"2025-05-03 15:44:36","url":"/api/v1/permissions","userAgent":"Mozilla/5.0 (Windows NT 10.0; Win64; x64) AppleWebKit/537.36 (KHTML, like Gecko) Chrome/135.0.0.0 Safari/537.36"}
{"duration":25,"level":"info","message":"Request completed","method":"GET","requestId":"10c53b2c-8340-4d7a-9da8-367eb85831d7","service":"api-service","status":404,"timestamp":"2025-05-03 15:44:36","url":"/api/v1/permissions"}
{"ip":"::1","level":"info","message":"Incoming request","method":"GET","requestId":"0eff5b1d-12d9-40f6-8192-3c98af6cb812","service":"api-service","timestamp":"2025-05-03 15:44:36","url":"/api/v1/roles","userAgent":"Mozilla/5.0 (Windows NT 10.0; Win64; x64) AppleWebKit/537.36 (KHTML, like Gecko) Chrome/135.0.0.0 Safari/537.36"}
{"duration":49,"level":"info","message":"Request completed","method":"GET","requestId":"0eff5b1d-12d9-40f6-8192-3c98af6cb812","service":"api-service","status":401,"timestamp":"2025-05-03 15:44:36","url":"/api/v1/roles"}
{"ip":"::1","level":"info","message":"Incoming request","method":"POST","requestId":"03583281-7b06-403b-8a4d-7fe0963b065a","service":"api-service","timestamp":"2025-05-03 15:45:17","url":"/api/v1/auth/login","userAgent":"Mozilla/5.0 (Windows NT 10.0; Win64; x64) AppleWebKit/537.36 (KHTML, like Gecko) Chrome/135.0.0.0 Safari/537.36"}
{"duration":687,"level":"info","message":"Request completed","method":"POST","requestId":"03583281-7b06-403b-8a4d-7fe0963b065a","service":"api-service","status":200,"timestamp":"2025-05-03 15:45:18","url":"/api/v1/auth/login"}
{"ip":"::1","level":"info","message":"Incoming request","method":"GET","requestId":"4e1fdb6d-675a-4214-a98d-1ad575982397","service":"api-service","timestamp":"2025-05-03 15:45:19","url":"/api/v1/posts","userAgent":"Mozilla/5.0 (Windows NT 10.0; Win64; x64) AppleWebKit/537.36 (KHTML, like Gecko) Chrome/135.0.0.0 Safari/537.36"}
{"ip":"::1","level":"info","message":"Incoming request","method":"GET","requestId":"8eb56713-1765-4e54-96e8-79b6784f3ab0","service":"api-service","timestamp":"2025-05-03 15:45:19","url":"/api/v1/revenue?type=monthly","userAgent":"Mozilla/5.0 (Windows NT 10.0; Win64; x64) AppleWebKit/537.36 (KHTML, like Gecko) Chrome/135.0.0.0 Safari/537.36"}
{"ip":"::1","level":"info","message":"Incoming request","method":"GET","requestId":"54af99ba-4adc-4633-ab0e-2d4a62c13be3","service":"api-service","timestamp":"2025-05-03 15:45:19","url":"/api/v1/subscriptions","userAgent":"Mozilla/5.0 (Windows NT 10.0; Win64; x64) AppleWebKit/537.36 (KHTML, like Gecko) Chrome/135.0.0.0 Safari/537.36"}
{"duration":51,"level":"info","message":"Request completed","method":"GET","requestId":"8eb56713-1765-4e54-96e8-79b6784f3ab0","service":"api-service","status":404,"timestamp":"2025-05-03 15:45:19","url":"/api/v1/revenue?type=monthly"}
{"duration":276,"level":"info","message":"Request completed","method":"GET","requestId":"4e1fdb6d-675a-4214-a98d-1ad575982397","service":"api-service","status":500,"timestamp":"2025-05-03 15:45:19","url":"/api/v1/posts"}
{"duration":276,"level":"error","message":"Server error","method":"GET","requestId":"4e1fdb6d-675a-4214-a98d-1ad575982397","service":"api-service","status":500,"timestamp":"2025-05-03 15:45:19","url":"/api/v1/posts"}
{"duration":350,"level":"info","message":"Request completed","method":"GET","requestId":"54af99ba-4adc-4633-ab0e-2d4a62c13be3","service":"api-service","status":304,"timestamp":"2025-05-03 15:45:19","url":"/api/v1/subscriptions"}
{"ip":"::1","level":"info","message":"Incoming request","method":"GET","requestId":"d0a307f6-d1c4-4c76-903b-f1da1c70d2f3","service":"api-service","timestamp":"2025-05-03 15:45:50","url":"/api/v1/posts","userAgent":"Mozilla/5.0 (Windows NT 10.0; Win64; x64) AppleWebKit/537.36 (KHTML, like Gecko) Chrome/135.0.0.0 Safari/537.36"}
{"duration":425,"level":"info","message":"Request completed","method":"GET","requestId":"d0a307f6-d1c4-4c76-903b-f1da1c70d2f3","service":"api-service","status":500,"timestamp":"2025-05-03 15:45:51","url":"/api/v1/posts"}
{"duration":425,"level":"error","message":"Server error","method":"GET","requestId":"d0a307f6-d1c4-4c76-903b-f1da1c70d2f3","service":"api-service","status":500,"timestamp":"2025-05-03 15:45:51","url":"/api/v1/posts"}
{"ip":"::1","level":"info","message":"Incoming request","method":"GET","requestId":"b21dca2e-a19d-4f96-81a6-aea0e05ae89e","service":"api-service","timestamp":"2025-05-03 15:46:01","url":"/api/v1/permissions","userAgent":"Mozilla/5.0 (Windows NT 10.0; Win64; x64) AppleWebKit/537.36 (KHTML, like Gecko) Chrome/135.0.0.0 Safari/537.36"}
{"duration":27,"level":"info","message":"Request completed","method":"GET","requestId":"b21dca2e-a19d-4f96-81a6-aea0e05ae89e","service":"api-service","status":404,"timestamp":"2025-05-03 15:46:01","url":"/api/v1/permissions"}
{"ip":"::1","level":"info","message":"Incoming request","method":"GET","requestId":"875a2e2e-fa84-4b33-83ff-21fd43ba5a7d","service":"api-service","timestamp":"2025-05-03 15:46:01","url":"/api/v1/roles","userAgent":"Mozilla/5.0 (Windows NT 10.0; Win64; x64) AppleWebKit/537.36 (KHTML, like Gecko) Chrome/135.0.0.0 Safari/537.36"}
{"duration":399,"level":"info","message":"Request completed","method":"GET","requestId":"875a2e2e-fa84-4b33-83ff-21fd43ba5a7d","service":"api-service","status":304,"timestamp":"2025-05-03 15:46:02","url":"/api/v1/roles"}
{"ip":"::1","level":"info","message":"Incoming request","method":"GET","requestId":"55af95cd-1721-4666-98db-daa37cca1d09","service":"api-service","timestamp":"2025-05-03 15:46:05","url":"/api/v1/roles/33/permissions","userAgent":"Mozilla/5.0 (Windows NT 10.0; Win64; x64) AppleWebKit/537.36 (KHTML, like Gecko) Chrome/135.0.0.0 Safari/537.36"}
{"duration":9,"level":"info","message":"Request completed","method":"GET","requestId":"55af95cd-1721-4666-98db-daa37cca1d09","service":"api-service","status":404,"timestamp":"2025-05-03 15:46:05","url":"/api/v1/roles/33/permissions"}
{"ip":"::1","level":"info","message":"Incoming request","method":"GET","requestId":"5ccafc8a-86f5-48ea-b5ca-6298e240e916","service":"api-service","timestamp":"2025-05-03 15:46:14","url":"/api/v1/roles/34/permissions","userAgent":"Mozilla/5.0 (Windows NT 10.0; Win64; x64) AppleWebKit/537.36 (KHTML, like Gecko) Chrome/135.0.0.0 Safari/537.36"}
{"duration":12,"level":"info","message":"Request completed","method":"GET","requestId":"5ccafc8a-86f5-48ea-b5ca-6298e240e916","service":"api-service","status":404,"timestamp":"2025-05-03 15:46:14","url":"/api/v1/roles/34/permissions"}
{"ip":"::1","level":"info","message":"Incoming request","method":"GET","requestId":"2d994ca8-fc86-4dc6-887b-4cce7eaf2509","service":"api-service","timestamp":"2025-05-03 15:46:15","url":"/api/v1/roles/35/permissions","userAgent":"Mozilla/5.0 (Windows NT 10.0; Win64; x64) AppleWebKit/537.36 (KHTML, like Gecko) Chrome/135.0.0.0 Safari/537.36"}
{"duration":31,"level":"info","message":"Request completed","method":"GET","requestId":"2d994ca8-fc86-4dc6-887b-4cce7eaf2509","service":"api-service","status":404,"timestamp":"2025-05-03 15:46:15","url":"/api/v1/roles/35/permissions"}
{"ip":"::1","level":"info","message":"Incoming request","method":"GET","requestId":"c6ca42e0-955a-4c25-806f-69d447201a13","service":"api-service","timestamp":"2025-05-03 15:48:22","url":"/api/v1/roles/33/permissions","userAgent":"Mozilla/5.0 (Windows NT 10.0; Win64; x64) AppleWebKit/537.36 (KHTML, like Gecko) Chrome/135.0.0.0 Safari/537.36"}
{"duration":42,"level":"info","message":"Request completed","method":"GET","requestId":"c6ca42e0-955a-4c25-806f-69d447201a13","service":"api-service","status":404,"timestamp":"2025-05-03 15:48:22","url":"/api/v1/roles/33/permissions"}
{"ip":"::1","level":"info","message":"Incoming request","method":"GET","requestId":"ea1c1d09-0106-44ef-af3d-e3b82514e613","service":"api-service","timestamp":"2025-05-03 15:48:38","url":"/api/v1/posts","userAgent":"Mozilla/5.0 (Windows NT 10.0; Win64; x64) AppleWebKit/537.36 (KHTML, like Gecko) Chrome/135.0.0.0 Safari/537.36"}
{"duration":510,"level":"info","message":"Request completed","method":"GET","requestId":"ea1c1d09-0106-44ef-af3d-e3b82514e613","service":"api-service","status":200,"timestamp":"2025-05-03 15:48:39","url":"/api/v1/posts"}
{"ip":"::1","level":"info","message":"Incoming request","method":"GET","requestId":"6beaccda-1833-4ec5-90e2-acdab3c3021a","service":"api-service","timestamp":"2025-05-03 15:51:05","url":"/api/v1/posts","userAgent":"Mozilla/5.0 (Windows NT 10.0; Win64; x64) AppleWebKit/537.36 (KHTML, like Gecko) Chrome/135.0.0.0 Safari/537.36"}
{"duration":83,"level":"info","message":"Request completed","method":"GET","requestId":"6beaccda-1833-4ec5-90e2-acdab3c3021a","service":"api-service","status":401,"timestamp":"2025-05-03 15:51:05","url":"/api/v1/posts"}
{"ip":"::1","level":"info","message":"Incoming request","method":"POST","requestId":"374140f1-1d5d-4c36-aa3e-5323b7c26cb5","service":"api-service","timestamp":"2025-05-03 15:51:16","url":"/api/v1/auth/login","userAgent":"Mozilla/5.0 (Windows NT 10.0; Win64; x64) AppleWebKit/537.36 (KHTML, like Gecko) Chrome/135.0.0.0 Safari/537.36"}
{"duration":723,"level":"info","message":"Request completed","method":"POST","requestId":"374140f1-1d5d-4c36-aa3e-5323b7c26cb5","service":"api-service","status":200,"timestamp":"2025-05-03 15:51:17","url":"/api/v1/auth/login"}
{"ip":"::1","level":"info","message":"Incoming request","method":"GET","requestId":"0f676500-90d1-4a94-86d9-ecac6e01af5a","service":"api-service","timestamp":"2025-05-03 15:51:18","url":"/api/v1/posts","userAgent":"Mozilla/5.0 (Windows NT 10.0; Win64; x64) AppleWebKit/537.36 (KHTML, like Gecko) Chrome/135.0.0.0 Safari/537.36"}
{"ip":"::1","level":"info","message":"Incoming request","method":"GET","requestId":"0bdf169a-87db-4711-bd0c-bb0ae2044370","service":"api-service","timestamp":"2025-05-03 15:51:18","url":"/api/v1/subscriptions","userAgent":"Mozilla/5.0 (Windows NT 10.0; Win64; x64) AppleWebKit/537.36 (KHTML, like Gecko) Chrome/135.0.0.0 Safari/537.36"}
{"ip":"::1","level":"info","message":"Incoming request","method":"GET","requestId":"691b9bde-8dea-4c90-a469-3d3987122e0f","service":"api-service","timestamp":"2025-05-03 15:51:18","url":"/api/v1/revenue?type=monthly","userAgent":"Mozilla/5.0 (Windows NT 10.0; Win64; x64) AppleWebKit/537.36 (KHTML, like Gecko) Chrome/135.0.0.0 Safari/537.36"}
{"duration":14,"level":"info","message":"Request completed","method":"GET","requestId":"691b9bde-8dea-4c90-a469-3d3987122e0f","service":"api-service","status":404,"timestamp":"2025-05-03 15:51:18","url":"/api/v1/revenue?type=monthly"}
{"duration":245,"level":"info","message":"Request completed","method":"GET","requestId":"0f676500-90d1-4a94-86d9-ecac6e01af5a","service":"api-service","status":304,"timestamp":"2025-05-03 15:51:18","url":"/api/v1/posts"}
{"duration":273,"level":"info","message":"Request completed","method":"GET","requestId":"0bdf169a-87db-4711-bd0c-bb0ae2044370","service":"api-service","status":304,"timestamp":"2025-05-03 15:51:19","url":"/api/v1/subscriptions"}
{"ip":"::1","level":"info","message":"Incoming request","method":"POST","requestId":"daf0366a-876d-4e6e-ba07-927276713b93","service":"api-service","timestamp":"2025-05-03 15:54:12","url":"/api/v1/auth/refresh","userAgent":"Mozilla/5.0 (Windows NT 10.0; Win64; x64) AppleWebKit/537.36 (KHTML, like Gecko) Chrome/135.0.0.0 Safari/537.36"}
{"duration":31,"level":"info","message":"Request completed","method":"POST","requestId":"daf0366a-876d-4e6e-ba07-927276713b93","service":"api-service","status":400,"timestamp":"2025-05-03 15:54:12","url":"/api/v1/auth/refresh"}
{"ip":"::1","level":"info","message":"Incoming request","method":"POST","requestId":"307a895b-4089-43a7-94da-edb7d6e3d7d7","service":"api-service","timestamp":"2025-05-03 15:54:33","url":"/api/v1/auth/login","userAgent":"Mozilla/5.0 (Windows NT 10.0; Win64; x64) AppleWebKit/537.36 (KHTML, like Gecko) Chrome/135.0.0.0 Safari/537.36"}
{"duration":936,"level":"info","message":"Request completed","method":"POST","requestId":"307a895b-4089-43a7-94da-edb7d6e3d7d7","service":"api-service","status":200,"timestamp":"2025-05-03 15:54:34","url":"/api/v1/auth/login"}
{"ip":"::1","level":"info","message":"Incoming request","method":"GET","requestId":"5278092c-c214-4004-81df-da5fc5497b6d","service":"api-service","timestamp":"2025-05-03 15:54:35","url":"/api/v1/posts","userAgent":"Mozilla/5.0 (Windows NT 10.0; Win64; x64) AppleWebKit/537.36 (KHTML, like Gecko) Chrome/135.0.0.0 Safari/537.36"}
{"ip":"::1","level":"info","message":"Incoming request","method":"GET","requestId":"f3c73294-48ad-4ded-aa0a-496a5df94a16","service":"api-service","timestamp":"2025-05-03 15:54:35","url":"/api/v1/subscriptions","userAgent":"Mozilla/5.0 (Windows NT 10.0; Win64; x64) AppleWebKit/537.36 (KHTML, like Gecko) Chrome/135.0.0.0 Safari/537.36"}
{"ip":"::1","level":"info","message":"Incoming request","method":"GET","requestId":"9bb9ba52-61e8-4261-8f70-260c9a7f71ae","service":"api-service","timestamp":"2025-05-03 15:54:35","url":"/api/v1/revenue?type=monthly","userAgent":"Mozilla/5.0 (Windows NT 10.0; Win64; x64) AppleWebKit/537.36 (KHTML, like Gecko) Chrome/135.0.0.0 Safari/537.36"}
{"duration":10,"level":"info","message":"Request completed","method":"GET","requestId":"9bb9ba52-61e8-4261-8f70-260c9a7f71ae","service":"api-service","status":404,"timestamp":"2025-05-03 15:54:35","url":"/api/v1/revenue?type=monthly"}
{"duration":264,"level":"info","message":"Request completed","method":"GET","requestId":"5278092c-c214-4004-81df-da5fc5497b6d","service":"api-service","status":304,"timestamp":"2025-05-03 15:54:35","url":"/api/v1/posts"}
{"duration":264,"level":"info","message":"Request completed","method":"GET","requestId":"f3c73294-48ad-4ded-aa0a-496a5df94a16","service":"api-service","status":304,"timestamp":"2025-05-03 15:54:35","url":"/api/v1/subscriptions"}
{"ip":"::1","level":"info","message":"Incoming request","method":"POST","requestId":"30b95e30-9d89-4075-bc4b-07f723ad70b1","service":"api-service","timestamp":"2025-05-03 15:57:03","url":"/api/v1/auth/login","userAgent":"Mozilla/5.0 (Windows NT 10.0; Win64; x64) AppleWebKit/537.36 (KHTML, like Gecko) Chrome/135.0.0.0 Safari/537.36"}
{"duration":664,"level":"info","message":"Request completed","method":"POST","requestId":"30b95e30-9d89-4075-bc4b-07f723ad70b1","service":"api-service","status":200,"timestamp":"2025-05-03 15:57:03","url":"/api/v1/auth/login"}
{"ip":"::1","level":"info","message":"Incoming request","method":"GET","requestId":"fdcb3a36-cf94-4dd2-a2b8-c1eabb13fc2c","service":"api-service","timestamp":"2025-05-03 15:57:04","url":"/api/v1/posts","userAgent":"Mozilla/5.0 (Windows NT 10.0; Win64; x64) AppleWebKit/537.36 (KHTML, like Gecko) Chrome/135.0.0.0 Safari/537.36"}
{"ip":"::1","level":"info","message":"Incoming request","method":"GET","requestId":"eab55ef1-6c6e-4048-9aa7-aa7aa8d4a420","service":"api-service","timestamp":"2025-05-03 15:57:04","url":"/api/v1/subscriptions","userAgent":"Mozilla/5.0 (Windows NT 10.0; Win64; x64) AppleWebKit/537.36 (KHTML, like Gecko) Chrome/135.0.0.0 Safari/537.36"}
{"ip":"::1","level":"info","message":"Incoming request","method":"GET","requestId":"d34a3cb4-afd5-44b7-8dd0-53df323a4dec","service":"api-service","timestamp":"2025-05-03 15:57:04","url":"/api/v1/revenue?type=monthly","userAgent":"Mozilla/5.0 (Windows NT 10.0; Win64; x64) AppleWebKit/537.36 (KHTML, like Gecko) Chrome/135.0.0.0 Safari/537.36"}
{"duration":23,"level":"info","message":"Request completed","method":"GET","requestId":"d34a3cb4-afd5-44b7-8dd0-53df323a4dec","service":"api-service","status":404,"timestamp":"2025-05-03 15:57:04","url":"/api/v1/revenue?type=monthly"}
{"duration":270,"level":"info","message":"Request completed","method":"GET","requestId":"fdcb3a36-cf94-4dd2-a2b8-c1eabb13fc2c","service":"api-service","status":304,"timestamp":"2025-05-03 15:57:05","url":"/api/v1/posts"}
{"duration":262,"level":"info","message":"Request completed","method":"GET","requestId":"eab55ef1-6c6e-4048-9aa7-aa7aa8d4a420","service":"api-service","status":304,"timestamp":"2025-05-03 15:57:05","url":"/api/v1/subscriptions"}
{"ip":"::1","level":"info","message":"Incoming request","method":"POST","requestId":"0445fade-3615-45ce-8a4d-8c5e3d06a0ea","service":"api-service","timestamp":"2025-05-03 15:58:06","url":"/api/v1/auth/refresh","userAgent":"Mozilla/5.0 (Windows NT 10.0; Win64; x64) AppleWebKit/537.36 (KHTML, like Gecko) Chrome/135.0.0.0 Safari/537.36"}
{"duration":34,"level":"info","message":"Request completed","method":"POST","requestId":"0445fade-3615-45ce-8a4d-8c5e3d06a0ea","service":"api-service","status":400,"timestamp":"2025-05-03 15:58:06","url":"/api/v1/auth/refresh"}
{"ip":"::1","level":"info","message":"Incoming request","method":"POST","requestId":"27f04391-76eb-49f4-9ceb-446231a6222a","service":"api-service","timestamp":"2025-05-03 16:01:04","url":"/api/v1/auth/login","userAgent":"Mozilla/5.0 (Windows NT 10.0; Win64; x64) AppleWebKit/537.36 (KHTML, like Gecko) Chrome/135.0.0.0 Safari/537.36"}
{"duration":748,"level":"info","message":"Request completed","method":"POST","requestId":"27f04391-76eb-49f4-9ceb-446231a6222a","service":"api-service","status":200,"timestamp":"2025-05-03 16:01:05","url":"/api/v1/auth/login"}
{"ip":"::1","level":"info","message":"Incoming request","method":"POST","requestId":"4873ee21-8093-4b91-8477-29c5df850a57","service":"api-service","timestamp":"2025-05-03 16:11:47","url":"/api/v1/auth/login","userAgent":"Mozilla/5.0 (Windows NT 10.0; Win64; x64) AppleWebKit/537.36 (KHTML, like Gecko) Chrome/135.0.0.0 Safari/537.36"}
{"duration":725,"level":"info","message":"Request completed","method":"POST","requestId":"4873ee21-8093-4b91-8477-29c5df850a57","service":"api-service","status":200,"timestamp":"2025-05-03 16:11:48","url":"/api/v1/auth/login"}
{"ip":"::1","level":"info","message":"Incoming request","method":"GET","requestId":"7c84c15e-edba-499a-b195-4ff2af0eb3f8","service":"api-service","timestamp":"2025-05-03 16:11:55","url":"/api/v1/posts","userAgent":"Mozilla/5.0 (Windows NT 10.0; Win64; x64) AppleWebKit/537.36 (KHTML, like Gecko) Chrome/135.0.0.0 Safari/537.36"}
{"ip":"::1","level":"info","message":"Incoming request","method":"GET","requestId":"fffbce44-2dc4-44a3-a26b-31873593b674","service":"api-service","timestamp":"2025-05-03 16:11:55","url":"/api/v1/subscriptions","userAgent":"Mozilla/5.0 (Windows NT 10.0; Win64; x64) AppleWebKit/537.36 (KHTML, like Gecko) Chrome/135.0.0.0 Safari/537.36"}
{"ip":"::1","level":"info","message":"Incoming request","method":"GET","requestId":"5ed77600-42ad-4030-ba7d-3ded9bfaf30d","service":"api-service","timestamp":"2025-05-03 16:11:55","url":"/api/v1/revenue?type=monthly","userAgent":"Mozilla/5.0 (Windows NT 10.0; Win64; x64) AppleWebKit/537.36 (KHTML, like Gecko) Chrome/135.0.0.0 Safari/537.36"}
{"duration":25,"level":"info","message":"Request completed","method":"GET","requestId":"5ed77600-42ad-4030-ba7d-3ded9bfaf30d","service":"api-service","status":404,"timestamp":"2025-05-03 16:11:55","url":"/api/v1/revenue?type=monthly"}
{"duration":331,"level":"info","message":"Request completed","method":"GET","requestId":"7c84c15e-edba-499a-b195-4ff2af0eb3f8","service":"api-service","status":304,"timestamp":"2025-05-03 16:11:55","url":"/api/v1/posts"}
{"duration":338,"level":"info","message":"Request completed","method":"GET","requestId":"fffbce44-2dc4-44a3-a26b-31873593b674","service":"api-service","status":304,"timestamp":"2025-05-03 16:11:55","url":"/api/v1/subscriptions"}
{"ip":"::1","level":"info","message":"Incoming request","method":"GET","requestId":"0a896d4b-5cba-4c8f-91e1-8d61cf88ad15","service":"api-service","timestamp":"2025-05-03 16:12:05","url":"/api/v1/roles/permissions","userAgent":"Mozilla/5.0 (Windows NT 10.0; Win64; x64) AppleWebKit/537.36 (KHTML, like Gecko) Chrome/135.0.0.0 Safari/537.36"}
{"duration":68,"level":"info","message":"Request completed","method":"GET","requestId":"0a896d4b-5cba-4c8f-91e1-8d61cf88ad15","service":"api-service","status":401,"timestamp":"2025-05-03 16:12:05","url":"/api/v1/roles/permissions"}
{"ip":"::1","level":"info","message":"Incoming request","method":"GET","requestId":"78340d46-57cd-4bbd-b53b-b8165192cc1c","service":"api-service","timestamp":"2025-05-03 16:12:05","url":"/api/v1/roles","userAgent":"Mozilla/5.0 (Windows NT 10.0; Win64; x64) AppleWebKit/537.36 (KHTML, like Gecko) Chrome/135.0.0.0 Safari/537.36"}
{"duration":167,"level":"info","message":"Request completed","method":"GET","requestId":"78340d46-57cd-4bbd-b53b-b8165192cc1c","service":"api-service","status":304,"timestamp":"2025-05-03 16:12:05","url":"/api/v1/roles"}
{"ip":"::1","level":"info","message":"Incoming request","method":"GET","requestId":"3d593eb1-066e-42ec-92c0-ad51527ba067","service":"api-service","timestamp":"2025-05-03 16:12:09","url":"/api/v1/roles/33/permissions","userAgent":"Mozilla/5.0 (Windows NT 10.0; Win64; x64) AppleWebKit/537.36 (KHTML, like Gecko) Chrome/135.0.0.0 Safari/537.36"}
{"duration":9,"level":"info","message":"Request completed","method":"GET","requestId":"3d593eb1-066e-42ec-92c0-ad51527ba067","service":"api-service","status":404,"timestamp":"2025-05-03 16:12:09","url":"/api/v1/roles/33/permissions"}
{"ip":"::1","level":"info","message":"Incoming request","method":"GET","requestId":"35366021-6a1b-4ad6-acc1-ab8e6eca1134","service":"api-service","timestamp":"2025-05-03 16:12:30","url":"/api/v1/roles/permissions","userAgent":"Mozilla/5.0 (Windows NT 10.0; Win64; x64) AppleWebKit/537.36 (KHTML, like Gecko) Chrome/135.0.0.0 Safari/537.36"}
{"duration":27,"level":"info","message":"Request completed","method":"GET","requestId":"35366021-6a1b-4ad6-acc1-ab8e6eca1134","service":"api-service","status":401,"timestamp":"2025-05-03 16:12:30","url":"/api/v1/roles/permissions"}
{"ip":"::1","level":"info","message":"Incoming request","method":"GET","requestId":"41649315-dbb4-4540-bf7a-ed8bcf34594d","service":"api-service","timestamp":"2025-05-03 16:12:30","url":"/api/v1/roles","userAgent":"Mozilla/5.0 (Windows NT 10.0; Win64; x64) AppleWebKit/537.36 (KHTML, like Gecko) Chrome/135.0.0.0 Safari/537.36"}
{"duration":41,"level":"info","message":"Request completed","method":"GET","requestId":"41649315-dbb4-4540-bf7a-ed8bcf34594d","service":"api-service","status":401,"timestamp":"2025-05-03 16:12:30","url":"/api/v1/roles"}
{"ip":"::1","level":"info","message":"Incoming request","method":"POST","requestId":"08156cdb-3feb-42b9-b95a-82276606ab43","service":"api-service","timestamp":"2025-05-03 16:13:03","url":"/api/v1/auth/refresh","userAgent":"Mozilla/5.0 (Windows NT 10.0; Win64; x64) AppleWebKit/537.36 (KHTML, like Gecko) Chrome/135.0.0.0 Safari/537.36"}
{"duration":29,"level":"info","message":"Request completed","method":"POST","requestId":"08156cdb-3feb-42b9-b95a-82276606ab43","service":"api-service","status":400,"timestamp":"2025-05-03 16:13:03","url":"/api/v1/auth/refresh"}
{"ip":"::1","level":"info","message":"Incoming request","method":"POST","requestId":"0b31ac33-c40e-4af6-90e7-7d8dd0f640c2","service":"api-service","timestamp":"2025-05-03 16:23:30","url":"/api/v1/auth/login","userAgent":"Mozilla/5.0 (Windows NT 10.0; Win64; x64) AppleWebKit/537.36 (KHTML, like Gecko) Chrome/135.0.0.0 Safari/537.36"}
{"duration":10696,"level":"info","message":"Request completed","method":"POST","requestId":"0b31ac33-c40e-4af6-90e7-7d8dd0f640c2","service":"api-service","status":200,"timestamp":"2025-05-03 16:23:41","url":"/api/v1/auth/login"}
{"ip":"::1","level":"info","message":"Incoming request","method":"GET","requestId":"9b00975a-55f9-4453-b5d1-c5c70a641072","service":"api-service","timestamp":"2025-05-03 16:23:45","url":"/api/v1/posts","userAgent":"Mozilla/5.0 (Windows NT 10.0; Win64; x64) AppleWebKit/537.36 (KHTML, like Gecko) Chrome/135.0.0.0 Safari/537.36"}
{"ip":"::1","level":"info","message":"Incoming request","method":"GET","requestId":"409398e3-c888-448b-b375-b25e4cc4bf1d","service":"api-service","timestamp":"2025-05-03 16:23:46","url":"/api/v1/subscriptions","userAgent":"Mozilla/5.0 (Windows NT 10.0; Win64; x64) AppleWebKit/537.36 (KHTML, like Gecko) Chrome/135.0.0.0 Safari/537.36"}
{"ip":"::1","level":"info","message":"Incoming request","method":"GET","requestId":"f04dbcc7-9082-48ea-9506-0280cfbfbbaf","service":"api-service","timestamp":"2025-05-03 16:23:46","url":"/api/v1/revenue?type=monthly","userAgent":"Mozilla/5.0 (Windows NT 10.0; Win64; x64) AppleWebKit/537.36 (KHTML, like Gecko) Chrome/135.0.0.0 Safari/537.36"}
{"duration":36,"level":"info","message":"Request completed","method":"GET","requestId":"f04dbcc7-9082-48ea-9506-0280cfbfbbaf","service":"api-service","status":404,"timestamp":"2025-05-03 16:23:46","url":"/api/v1/revenue?type=monthly"}
{"duration":3771,"level":"info","message":"Request completed","method":"GET","requestId":"9b00975a-55f9-4453-b5d1-c5c70a641072","service":"api-service","status":304,"timestamp":"2025-05-03 16:23:49","url":"/api/v1/posts"}
{"duration":3610,"level":"info","message":"Request completed","method":"GET","requestId":"409398e3-c888-448b-b375-b25e4cc4bf1d","service":"api-service","status":304,"timestamp":"2025-05-03 16:23:49","url":"/api/v1/subscriptions"}
{"ip":"::1","level":"info","message":"Incoming request","method":"GET","requestId":"765bd2f9-90de-4f1e-918c-dd01eecb9c01","service":"api-service","timestamp":"2025-05-03 16:24:23","url":"/api/v1/roles","userAgent":"Mozilla/5.0 (Windows NT 10.0; Win64; x64) AppleWebKit/537.36 (KHTML, like Gecko) Chrome/135.0.0.0 Safari/537.36"}
{"duration":12609,"level":"info","message":"Request completed","method":"GET","requestId":"765bd2f9-90de-4f1e-918c-dd01eecb9c01","service":"api-service","status":304,"timestamp":"2025-05-03 16:24:36","url":"/api/v1/roles"}
{"ip":"::1","level":"info","message":"Incoming request","method":"GET","requestId":"9e989714-bcbd-46d2-922a-b3b4b4f71408","service":"api-service","timestamp":"2025-05-03 16:25:56","url":"/api/v1/roles/permissions","userAgent":"Mozilla/5.0 (Windows NT 10.0; Win64; x64) AppleWebKit/537.36 (KHTML, like Gecko) Chrome/135.0.0.0 Safari/537.36"}
{"duration":191,"level":"info","message":"Request completed","method":"GET","requestId":"9e989714-bcbd-46d2-922a-b3b4b4f71408","service":"api-service","status":401,"timestamp":"2025-05-03 16:25:56","url":"/api/v1/roles/permissions"}
{"ip":"::1","level":"info","message":"Incoming request","method":"GET","requestId":"34b25840-ff2c-46c8-8304-896110f65e76","service":"api-service","timestamp":"2025-05-03 16:25:56","url":"/api/v1/roles","userAgent":"Mozilla/5.0 (Windows NT 10.0; Win64; x64) AppleWebKit/537.36 (KHTML, like Gecko) Chrome/135.0.0.0 Safari/537.36"}
{"duration":94,"level":"info","message":"Request completed","method":"GET","requestId":"34b25840-ff2c-46c8-8304-896110f65e76","service":"api-service","status":401,"timestamp":"2025-05-03 16:25:56","url":"/api/v1/roles"}
{"ip":"::1","level":"info","message":"Incoming request","method":"POST","requestId":"ec2439c8-37d7-496f-89a4-6a78b70667ef","service":"api-service","timestamp":"2025-05-03 16:28:46","url":"/api/v1/users","userAgent":"PostmanRuntime/7.43.4"}
{"duration":2752,"level":"info","message":"Request completed","method":"POST","requestId":"ec2439c8-37d7-496f-89a4-6a78b70667ef","service":"api-service","status":500,"timestamp":"2025-05-03 16:28:49","url":"/api/v1/users"}
{"duration":2752,"level":"error","message":"Server error","method":"POST","requestId":"ec2439c8-37d7-496f-89a4-6a78b70667ef","service":"api-service","status":500,"timestamp":"2025-05-03 16:28:49","url":"/api/v1/users"}
{"ip":"::1","level":"info","message":"Incoming request","method":"POST","requestId":"3aa36406-803c-426f-9117-e7c5b6df71a1","service":"api-service","timestamp":"2025-05-03 16:31:13","url":"/api/v1/users","userAgent":"PostmanRuntime/7.43.4"}
{"duration":456,"level":"info","message":"Request completed","method":"POST","requestId":"3aa36406-803c-426f-9117-e7c5b6df71a1","service":"api-service","status":400,"timestamp":"2025-05-03 16:31:13","url":"/api/v1/users"}
{"ip":"::1","level":"info","message":"Incoming request","method":"POST","requestId":"e19328ca-4d32-4554-a596-f7922c12ce39","service":"api-service","timestamp":"2025-05-03 16:31:18","url":"/api/v1/users","userAgent":"PostmanRuntime/7.43.4"}
{"duration":501,"level":"info","message":"Request completed","method":"POST","requestId":"e19328ca-4d32-4554-a596-f7922c12ce39","service":"api-service","status":400,"timestamp":"2025-05-03 16:31:19","url":"/api/v1/users"}
{"ip":"::1","level":"info","message":"Incoming request","method":"POST","requestId":"8b9268b3-0722-4b76-823f-a01f679a5329","service":"api-service","timestamp":"2025-05-03 16:31:24","url":"/api/v1/users","userAgent":"PostmanRuntime/7.43.4"}
{"duration":6992,"level":"info","message":"Request completed","method":"POST","requestId":"8b9268b3-0722-4b76-823f-a01f679a5329","service":"api-service","status":200,"timestamp":"2025-05-03 16:31:31","url":"/api/v1/users"}
{"ip":"::1","level":"info","message":"Incoming request","method":"POST","requestId":"486dfdd6-43ed-4e6b-9c64-1bc64ba62e87","service":"api-service","timestamp":"2025-05-03 16:34:01","url":"/api/v1/users","userAgent":"PostmanRuntime/7.43.4"}
{"duration":304,"level":"info","message":"Request completed","method":"POST","requestId":"486dfdd6-43ed-4e6b-9c64-1bc64ba62e87","service":"api-service","status":400,"timestamp":"2025-05-03 16:34:01","url":"/api/v1/users"}
{"ip":"::1","level":"info","message":"Incoming request","method":"POST","requestId":"63456fc9-4936-495d-b5ed-05bf2a5c8b23","service":"api-service","timestamp":"2025-05-03 16:34:10","url":"/api/v1/users","userAgent":"PostmanRuntime/7.43.4"}
{"duration":445,"level":"info","message":"Request completed","method":"POST","requestId":"63456fc9-4936-495d-b5ed-05bf2a5c8b23","service":"api-service","status":400,"timestamp":"2025-05-03 16:34:11","url":"/api/v1/users"}
{"ip":"::1","level":"info","message":"Incoming request","method":"POST","requestId":"daed6065-6d91-439f-bb40-8ca79624bb6e","service":"api-service","timestamp":"2025-05-03 16:34:21","url":"/api/v1/users","userAgent":"PostmanRuntime/7.43.4"}
{"duration":270,"level":"info","message":"Request completed","method":"POST","requestId":"daed6065-6d91-439f-bb40-8ca79624bb6e","service":"api-service","status":400,"timestamp":"2025-05-03 16:34:21","url":"/api/v1/users"}
{"ip":"::1","level":"info","message":"Incoming request","method":"POST","requestId":"0dae6f5c-39d1-49e5-b601-434303cbcca6","service":"api-service","timestamp":"2025-05-03 16:34:29","url":"/api/v1/users","userAgent":"PostmanRuntime/7.43.4"}
{"duration":119,"level":"info","message":"Request completed","method":"POST","requestId":"0dae6f5c-39d1-49e5-b601-434303cbcca6","service":"api-service","status":400,"timestamp":"2025-05-03 16:34:29","url":"/api/v1/users"}
{"ip":"::1","level":"info","message":"Incoming request","method":"POST","requestId":"d7122804-2631-4087-9a04-4063156df9df","service":"api-service","timestamp":"2025-05-03 16:34:35","url":"/api/v1/users","userAgent":"PostmanRuntime/7.43.4"}
{"duration":3420,"level":"info","message":"Request completed","method":"POST","requestId":"d7122804-2631-4087-9a04-4063156df9df","service":"api-service","status":200,"timestamp":"2025-05-03 16:34:38","url":"/api/v1/users"}
{"ip":"::1","level":"info","message":"Incoming request","method":"POST","requestId":"866e635c-59eb-4ed4-be81-b34f0fba110e","service":"api-service","timestamp":"2025-05-03 16:39:04","url":"/api/v1/users","userAgent":"PostmanRuntime/7.43.4"}
{"duration":799,"level":"info","message":"Request completed","method":"POST","requestId":"866e635c-59eb-4ed4-be81-b34f0fba110e","service":"api-service","status":200,"timestamp":"2025-05-03 16:39:04","url":"/api/v1/users"}
{"ip":"::1","level":"info","message":"Incoming request","method":"GET","requestId":"48754a6b-2f99-49c4-b0b1-e5d56c649391","service":"api-service","timestamp":"2025-05-03 16:55:20","url":"/api/v1/roles/36/permissions","userAgent":"PostmanRuntime/7.43.4"}
{"duration":73,"level":"info","message":"Request completed","method":"GET","requestId":"48754a6b-2f99-49c4-b0b1-e5d56c649391","service":"api-service","status":404,"timestamp":"2025-05-03 16:55:20","url":"/api/v1/roles/36/permissions"}
{"ip":"::1","level":"info","message":"Incoming request","method":"POST","requestId":"d19c2a10-9b77-48f1-95eb-c2e0f8675646","service":"api-service","timestamp":"2025-05-03 16:55:25","url":"/api/v1/roles/36/permissions","userAgent":"PostmanRuntime/7.43.4"}
{"duration":614,"level":"info","message":"Request completed","method":"POST","requestId":"d19c2a10-9b77-48f1-95eb-c2e0f8675646","service":"api-service","status":500,"timestamp":"2025-05-03 16:55:25","url":"/api/v1/roles/36/permissions"}
{"duration":614,"level":"error","message":"Server error","method":"POST","requestId":"d19c2a10-9b77-48f1-95eb-c2e0f8675646","service":"api-service","status":500,"timestamp":"2025-05-03 16:55:25","url":"/api/v1/roles/36/permissions"}
{"ip":"::1","level":"info","message":"Incoming request","method":"POST","requestId":"c2d65bb4-883d-4c00-94ec-ed65bf3ebb56","service":"api-service","timestamp":"2025-05-03 16:55:45","url":"/api/v1/roles/36/permissions","userAgent":"PostmanRuntime/7.43.4"}
{"ip":"::1","level":"info","message":"Incoming request","method":"GET","requestId":"3067b827-e5ad-46ff-8b02-8649d6976c1f","service":"api-service","timestamp":"2025-05-03 17:08:44","url":"/api","userAgent":"PostmanRuntime/7.43.4"}
{"duration":57,"level":"info","message":"Request completed","method":"GET","requestId":"3067b827-e5ad-46ff-8b02-8649d6976c1f","service":"api-service","status":404,"timestamp":"2025-05-03 17:08:44","url":"/api"}
{"ip":"::1","level":"info","message":"Incoming request","method":"GET","requestId":"8de06d9d-f854-4346-9f63-bccb89d69e99","service":"api-service","timestamp":"2025-05-03 17:08:49","url":"/api/v1/roles","userAgent":"PostmanRuntime/7.43.4"}
{"duration":363,"level":"info","message":"Request completed","method":"GET","requestId":"8de06d9d-f854-4346-9f63-bccb89d69e99","service":"api-service","status":200,"timestamp":"2025-05-03 17:08:49","url":"/api/v1/roles"}
{"ip":"::1","level":"info","message":"Incoming request","method":"GET","requestId":"887b7f28-201c-4279-a562-4aa876917cdb","service":"api-service","timestamp":"2025-05-03 17:09:16","url":"/api/","userAgent":"PostmanRuntime/7.43.4"}
{"duration":15,"level":"info","message":"Request completed","method":"GET","requestId":"887b7f28-201c-4279-a562-4aa876917cdb","service":"api-service","status":404,"timestamp":"2025-05-03 17:09:16","url":"/api/"}
{"ip":"::1","level":"info","message":"Incoming request","method":"POST","requestId":"fabf661e-bdb3-49e2-8a01-88397c4c7f7f","service":"api-service","timestamp":"2025-05-03 17:10:22","url":"/api/roles","userAgent":"PostmanRuntime/7.43.4"}
{"duration":9,"level":"info","message":"Request completed","method":"POST","requestId":"fabf661e-bdb3-49e2-8a01-88397c4c7f7f","service":"api-service","status":404,"timestamp":"2025-05-03 17:10:22","url":"/api/roles"}
{"ip":"::1","level":"info","message":"Incoming request","method":"POST","requestId":"5441ed5e-6216-4a14-a3c7-b63b443b2a70","service":"api-service","timestamp":"2025-05-03 17:10:30","url":"/api/v1/roles","userAgent":"PostmanRuntime/7.43.4"}
{"duration":557,"level":"info","message":"Request completed","method":"POST","requestId":"5441ed5e-6216-4a14-a3c7-b63b443b2a70","service":"api-service","status":500,"timestamp":"2025-05-03 17:10:30","url":"/api/v1/roles"}
{"duration":557,"level":"error","message":"Server error","method":"POST","requestId":"5441ed5e-6216-4a14-a3c7-b63b443b2a70","service":"api-service","status":500,"timestamp":"2025-05-03 17:10:30","url":"/api/v1/roles"}
{"ip":"::1","level":"info","message":"Incoming request","method":"POST","requestId":"f196f772-304b-409f-b60c-f3c378ad3f78","service":"api-service","timestamp":"2025-05-03 17:15:09","url":"/api/v1/roles","userAgent":"PostmanRuntime/7.43.4"}
{"duration":455,"level":"info","message":"Request completed","method":"POST","requestId":"f196f772-304b-409f-b60c-f3c378ad3f78","service":"api-service","status":500,"timestamp":"2025-05-03 17:15:10","url":"/api/v1/roles"}
{"duration":455,"level":"error","message":"Server error","method":"POST","requestId":"f196f772-304b-409f-b60c-f3c378ad3f78","service":"api-service","status":500,"timestamp":"2025-05-03 17:15:10","url":"/api/v1/roles"}
{"ip":"::1","level":"info","message":"Incoming request","method":"POST","requestId":"b69b4148-35ae-4642-98f7-ce4d76d47c17","service":"api-service","timestamp":"2025-05-03 17:15:25","url":"/api/v1/roles","userAgent":"PostmanRuntime/7.43.4"}
{"duration":15561,"level":"info","message":"Request completed","method":"POST","requestId":"b69b4148-35ae-4642-98f7-ce4d76d47c17","service":"api-service","status":500,"timestamp":"2025-05-03 17:15:41","url":"/api/v1/roles"}
{"duration":15561,"level":"error","message":"Server error","method":"POST","requestId":"b69b4148-35ae-4642-98f7-ce4d76d47c17","service":"api-service","status":500,"timestamp":"2025-05-03 17:15:41","url":"/api/v1/roles"}
{"ip":"::1","level":"info","message":"Incoming request","method":"POST","requestId":"5523c569-1193-45cf-a69b-b27f619501c1","service":"api-service","timestamp":"2025-05-03 17:15:56","url":"/api/v1/roles","userAgent":"PostmanRuntime/7.43.4"}
{"ip":"::1","level":"info","message":"Incoming request","method":"POST","requestId":"6dbf5081-003c-4e96-8d8b-53a756ef8bdb","service":"api-service","timestamp":"2025-05-03 17:17:28","url":"/api/v1/roles","userAgent":"PostmanRuntime/7.43.4"}
{"duration":5544,"level":"info","message":"Request completed","method":"POST","requestId":"6dbf5081-003c-4e96-8d8b-53a756ef8bdb","service":"api-service","status":400,"timestamp":"2025-05-03 17:17:34","url":"/api/v1/roles"}
{"ip":"::1","level":"info","message":"Incoming request","method":"POST","requestId":"9cf5410c-20f1-4dde-9d42-fd4170453dc0","service":"api-service","timestamp":"2025-05-03 17:17:47","url":"/api/v1/roles","userAgent":"PostmanRuntime/7.43.4"}
{"duration":11746,"level":"info","message":"Request completed","method":"POST","requestId":"9cf5410c-20f1-4dde-9d42-fd4170453dc0","service":"api-service","status":200,"timestamp":"2025-05-03 17:17:59","url":"/api/v1/roles"}
{"ip":"::1","level":"info","message":"Incoming request","method":"POST","requestId":"ae95041c-7c71-4157-baf9-8f679d6dd538","service":"api-service","timestamp":"2025-05-03 17:18:44","url":"/api/v1/roles/42/permissions","userAgent":"PostmanRuntime/7.43.4"}
{"duration":395,"level":"info","message":"Request completed","method":"POST","requestId":"ae95041c-7c71-4157-baf9-8f679d6dd538","service":"api-service","status":500,"timestamp":"2025-05-03 17:18:45","url":"/api/v1/roles/42/permissions"}
{"duration":395,"level":"error","message":"Server error","method":"POST","requestId":"ae95041c-7c71-4157-baf9-8f679d6dd538","service":"api-service","status":500,"timestamp":"2025-05-03 17:18:45","url":"/api/v1/roles/42/permissions"}
{"ip":"::1","level":"info","message":"Incoming request","method":"POST","requestId":"29001e2b-3c31-42a7-b8db-8b5f98d17c48","service":"api-service","timestamp":"2025-05-03 17:19:05","url":"/api/v1/roles/42/permissions","userAgent":"PostmanRuntime/7.43.4"}
{"ip":"::1","level":"info","message":"Incoming request","method":"POST","requestId":"87e0d8e0-d2c2-418c-8efc-f0f9e90890ec","service":"api-service","timestamp":"2025-05-03 17:21:45","url":"/api/v1/roles/42/permissions","userAgent":"PostmanRuntime/7.43.4"}
{"duration":10553,"level":"info","message":"Request completed","method":"POST","requestId":"87e0d8e0-d2c2-418c-8efc-f0f9e90890ec","service":"api-service","status":200,"timestamp":"2025-05-03 17:21:56","url":"/api/v1/roles/42/permissions"}
{"ip":"::1","level":"info","message":"Incoming request","method":"GET","requestId":"4035df3a-1251-4f85-843a-03daeca3bedd","service":"api-service","timestamp":"2025-05-03 17:23:00","url":"/api/v1/permissions","userAgent":"PostmanRuntime/7.43.4"}
{"duration":24,"level":"info","message":"Request completed","method":"GET","requestId":"4035df3a-1251-4f85-843a-03daeca3bedd","service":"api-service","status":404,"timestamp":"2025-05-03 17:23:01","url":"/api/v1/permissions"}
{"ip":"::1","level":"info","message":"Incoming request","method":"GET","requestId":"d10d2d24-8824-44a4-aa87-9e4cc1486a24","service":"api-service","timestamp":"2025-05-03 17:23:08","url":"/api/v1/roles/permissions","userAgent":"PostmanRuntime/7.43.4"}
{"duration":364,"level":"info","message":"Request completed","method":"GET","requestId":"d10d2d24-8824-44a4-aa87-9e4cc1486a24","service":"api-service","status":200,"timestamp":"2025-05-03 17:23:08","url":"/api/v1/roles/permissions"}
{"ip":"::1","level":"info","message":"Incoming request","method":"PUT","requestId":"aba71f15-eae2-4a0e-802c-57f36c4d4374","service":"api-service","timestamp":"2025-05-03 17:24:31","url":"/api/v1/roles/42","userAgent":"PostmanRuntime/7.43.4"}
{"duration":664,"level":"info","message":"Request completed","method":"PUT","requestId":"aba71f15-eae2-4a0e-802c-57f36c4d4374","service":"api-service","status":200,"timestamp":"2025-05-03 17:24:32","url":"/api/v1/roles/42"}
{"ip":"::1","level":"info","message":"Incoming request","method":"DELETE","requestId":"154574a9-ac62-407d-947f-9c5a78850d04","service":"api-service","timestamp":"2025-05-03 17:24:57","url":"/api/v1/roles/42","userAgent":"PostmanRuntime/7.43.4"}
{"duration":447,"level":"info","message":"Request completed","method":"DELETE","requestId":"154574a9-ac62-407d-947f-9c5a78850d04","service":"api-service","status":200,"timestamp":"2025-05-03 17:24:57","url":"/api/v1/roles/42"}
{"ip":"::1","level":"info","message":"Incoming request","method":"PUT","requestId":"11d15e1f-7c8b-422f-8db2-8bd2cc036ef0","service":"api-service","timestamp":"2025-05-03 17:26:59","url":"/api/v1/users/assign-role","userAgent":"PostmanRuntime/7.43.4"}
{"duration":11,"level":"info","message":"Request completed","method":"PUT","requestId":"11d15e1f-7c8b-422f-8db2-8bd2cc036ef0","service":"api-service","status":404,"timestamp":"2025-05-03 17:26:59","url":"/api/v1/users/assign-role"}
{"ip":"::1","level":"info","message":"Incoming request","method":"POST","requestId":"b0fe0e40-6b3f-41ef-9c98-dcb7077447b0","service":"api-service","timestamp":"2025-05-03 17:27:40","url":"/api/v1/users/assign-role","userAgent":"PostmanRuntime/7.43.4"}
{"duration":352,"level":"info","message":"Request completed","method":"POST","requestId":"b0fe0e40-6b3f-41ef-9c98-dcb7077447b0","service":"api-service","status":400,"timestamp":"2025-05-03 17:27:41","url":"/api/v1/users/assign-role"}
{"ip":"::1","level":"info","message":"Incoming request","method":"POST","requestId":"f647087d-79cc-4646-8401-015b47c58f02","service":"api-service","timestamp":"2025-05-03 17:27:54","url":"/api/v1/users/assign-role","userAgent":"PostmanRuntime/7.43.4"}
{"duration":335,"level":"info","message":"Request completed","method":"POST","requestId":"f647087d-79cc-4646-8401-015b47c58f02","service":"api-service","status":404,"timestamp":"2025-05-03 17:27:54","url":"/api/v1/users/assign-role"}
{"ip":"::1","level":"info","message":"Incoming request","method":"POST","requestId":"705384e4-108f-423b-941b-a45db72fbb7e","service":"api-service","timestamp":"2025-05-03 17:28:03","url":"/api/v1/users/assign-role","userAgent":"PostmanRuntime/7.43.4"}
{"duration":239,"level":"info","message":"Request completed","method":"POST","requestId":"705384e4-108f-423b-941b-a45db72fbb7e","service":"api-service","status":404,"timestamp":"2025-05-03 17:28:03","url":"/api/v1/users/assign-role"}
{"ip":"::1","level":"info","message":"Incoming request","method":"POST","requestId":"d7d2f185-6b3e-4e75-b2b9-663c36a4356e","service":"api-service","timestamp":"2025-05-03 17:28:09","url":"/api/v1/users/assign-role","userAgent":"PostmanRuntime/7.43.4"}
{"duration":557,"level":"info","message":"Request completed","method":"POST","requestId":"d7d2f185-6b3e-4e75-b2b9-663c36a4356e","service":"api-service","status":200,"timestamp":"2025-05-03 17:28:09","url":"/api/v1/users/assign-role"}
{"ip":"::1","level":"info","message":"Incoming request","method":"POST","requestId":"cfd7955a-7f8e-4cb6-990e-4b41864461e6","service":"api-service","timestamp":"2025-05-03 19:25:50","url":"/api/v1/auth/login","userAgent":"Mozilla/5.0 (Windows NT 10.0; Win64; x64) AppleWebKit/537.36 (KHTML, like Gecko) Chrome/136.0.0.0 Safari/537.36 Edg/136.0.0.0"}
{"duration":552,"level":"info","message":"Request completed","method":"POST","requestId":"cfd7955a-7f8e-4cb6-990e-4b41864461e6","service":"api-service","status":400,"timestamp":"2025-05-03 19:25:51","url":"/api/v1/auth/login"}
{"ip":"::1","level":"info","message":"Incoming request","method":"POST","requestId":"71f170b5-14df-4007-b234-fa84b26be8a6","service":"api-service","timestamp":"2025-05-03 19:26:03","url":"/api/v1/auth/login","userAgent":"Mozilla/5.0 (Windows NT 10.0; Win64; x64) AppleWebKit/537.36 (KHTML, like Gecko) Chrome/136.0.0.0 Safari/537.36 Edg/136.0.0.0"}
{"duration":754,"level":"info","message":"Request completed","method":"POST","requestId":"71f170b5-14df-4007-b234-fa84b26be8a6","service":"api-service","status":200,"timestamp":"2025-05-03 19:26:04","url":"/api/v1/auth/login"}
{"ip":"::1","level":"info","message":"Incoming request","method":"POST","requestId":"906559e7-0e69-4e35-b0f5-ab5a715110b2","service":"api-service","timestamp":"2025-05-03 19:26:13","url":"/api/v1/auth/login","userAgent":"Mozilla/5.0 (Windows NT 10.0; Win64; x64) AppleWebKit/537.36 (KHTML, like Gecko) Chrome/136.0.0.0 Safari/537.36 Edg/136.0.0.0"}
{"duration":4411,"level":"info","message":"Request completed","method":"POST","requestId":"906559e7-0e69-4e35-b0f5-ab5a715110b2","service":"api-service","status":200,"timestamp":"2025-05-03 19:26:17","url":"/api/v1/auth/login"}
{"ip":"::1","level":"info","message":"Incoming request","method":"POST","requestId":"22e31586-7d0a-485e-bb46-b81932c3f43f","service":"api-service","timestamp":"2025-05-03 19:26:35","url":"/api/v1/auth/login","userAgent":"Mozilla/5.0 (Windows NT 10.0; Win64; x64) AppleWebKit/537.36 (KHTML, like Gecko) Chrome/136.0.0.0 Safari/537.36 Edg/136.0.0.0"}
{"duration":487,"level":"info","message":"Request completed","method":"POST","requestId":"22e31586-7d0a-485e-bb46-b81932c3f43f","service":"api-service","status":400,"timestamp":"2025-05-03 19:26:36","url":"/api/v1/auth/login"}
{"ip":"::1","level":"info","message":"Incoming request","method":"POST","requestId":"e8dd5727-0c3c-46f4-8d43-14acd67f3dab","service":"api-service","timestamp":"2025-05-03 19:27:10","url":"/api/v1/auth/login","userAgent":"Mozilla/5.0 (Windows NT 10.0; Win64; x64) AppleWebKit/537.36 (KHTML, like Gecko) Chrome/136.0.0.0 Safari/537.36 Edg/136.0.0.0"}
{"duration":742,"level":"info","message":"Request completed","method":"POST","requestId":"e8dd5727-0c3c-46f4-8d43-14acd67f3dab","service":"api-service","status":200,"timestamp":"2025-05-03 19:27:11","url":"/api/v1/auth/login"}
{"ip":"::1","level":"info","message":"Incoming request","method":"POST","requestId":"1953d0f2-bf80-4ec1-acd7-ba560dc4383c","service":"api-service","timestamp":"2025-05-03 19:59:50","url":"/api/v1/auth/login","userAgent":"Mozilla/5.0 (Windows NT 10.0; Win64; x64) AppleWebKit/537.36 (KHTML, like Gecko) Chrome/136.0.0.0 Safari/537.36 Edg/136.0.0.0"}
{"duration":740,"level":"info","message":"Request completed","method":"POST","requestId":"1953d0f2-bf80-4ec1-acd7-ba560dc4383c","service":"api-service","status":200,"timestamp":"2025-05-03 19:59:51","url":"/api/v1/auth/login"}
{"ip":"::1","level":"info","message":"Incoming request","method":"GET","requestId":"026febb3-dc6d-4ead-a26c-7bb7b31ad750","service":"api-service","timestamp":"2025-05-03 20:00:01","url":"/api/v1/users","userAgent":"Mozilla/5.0 (Windows NT 10.0; Win64; x64) AppleWebKit/537.36 (KHTML, like Gecko) Chrome/136.0.0.0 Safari/537.36 Edg/136.0.0.0"}
{"duration":45,"level":"info","message":"Request completed","method":"GET","requestId":"026febb3-dc6d-4ead-a26c-7bb7b31ad750","service":"api-service","status":404,"timestamp":"2025-05-03 20:00:01","url":"/api/v1/users"}
{"ip":"::1","level":"info","message":"Incoming request","method":"GET","requestId":"15c974d5-839e-4715-9a2f-5682b060359e","service":"api-service","timestamp":"2025-05-03 20:00:19","url":"/api/v1/users","userAgent":"Mozilla/5.0 (Windows NT 10.0; Win64; x64) AppleWebKit/537.36 (KHTML, like Gecko) Chrome/136.0.0.0 Safari/537.36 Edg/136.0.0.0"}
{"duration":17,"level":"info","message":"Request completed","method":"GET","requestId":"15c974d5-839e-4715-9a2f-5682b060359e","service":"api-service","status":404,"timestamp":"2025-05-03 20:00:19","url":"/api/v1/users"}
{"ip":"::1","level":"info","message":"Incoming request","method":"GET","requestId":"f3ab513a-d494-4f46-a670-a7bf862e50ae","service":"api-service","timestamp":"2025-05-03 20:00:28","url":"/api/v1/posts","userAgent":"Mozilla/5.0 (Windows NT 10.0; Win64; x64) AppleWebKit/537.36 (KHTML, like Gecko) Chrome/136.0.0.0 Safari/537.36 Edg/136.0.0.0"}
{"duration":71,"level":"info","message":"Request completed","method":"GET","requestId":"f3ab513a-d494-4f46-a670-a7bf862e50ae","service":"api-service","status":401,"timestamp":"2025-05-03 20:00:28","url":"/api/v1/posts"}
{"ip":"::1","level":"info","message":"Incoming request","method":"GET","requestId":"430ec164-988b-4b87-ad08-e479cd94c96e","service":"api-service","timestamp":"2025-05-03 20:00:35","url":"/api/v1/posts","userAgent":"Mozilla/5.0 (Windows NT 10.0; Win64; x64) AppleWebKit/537.36 (KHTML, like Gecko) Chrome/136.0.0.0 Safari/537.36 Edg/136.0.0.0"}
{"duration":41,"level":"info","message":"Request completed","method":"GET","requestId":"430ec164-988b-4b87-ad08-e479cd94c96e","service":"api-service","status":401,"timestamp":"2025-05-03 20:00:35","url":"/api/v1/posts"}
{"ip":"::1","level":"info","message":"Incoming request","method":"GET","requestId":"3a108c05-cf1b-4062-b332-793ac066c9d5","service":"api-service","timestamp":"2025-05-03 22:01:50","url":"/api/v1/payments/renevue?","userAgent":"PostmanRuntime/7.43.4"}
{"duration":54,"level":"info","message":"Request completed","method":"GET","requestId":"3a108c05-cf1b-4062-b332-793ac066c9d5","service":"api-service","status":404,"timestamp":"2025-05-03 22:01:50","url":"/api/v1/payments/renevue?"}
{"ip":"::1","level":"info","message":"Incoming request","method":"GET","requestId":"43efdb60-d002-4dd1-8e38-d5a378efda84","service":"api-service","timestamp":"2025-05-03 22:01:57","url":"/api/v1/payments/rvenue","userAgent":"PostmanRuntime/7.43.4"}
{"duration":49,"level":"info","message":"Request completed","method":"GET","requestId":"43efdb60-d002-4dd1-8e38-d5a378efda84","service":"api-service","status":404,"timestamp":"2025-05-03 22:01:57","url":"/api/v1/payments/rvenue"}
{"ip":"::1","level":"info","message":"Incoming request","method":"GET","requestId":"44d27d50-e13c-4365-a81d-3cbf5b4c13f2","service":"api-service","timestamp":"2025-05-03 22:02:00","url":"/api/v1/payments/revenue","userAgent":"PostmanRuntime/7.43.4"}
{"duration":12,"level":"info","message":"Request completed","method":"GET","requestId":"44d27d50-e13c-4365-a81d-3cbf5b4c13f2","service":"api-service","status":404,"timestamp":"2025-05-03 22:02:00","url":"/api/v1/payments/revenue"}
{"ip":"::1","level":"info","message":"Incoming request","method":"GET","requestId":"6325371b-6889-4da2-acea-9bf441d9a6d8","service":"api-service","timestamp":"2025-05-03 22:05:51","url":"/api/v1/payments/weekly-revenue?startDate=3-1-2025&endDate=3-5-2025","userAgent":"PostmanRuntime/7.43.4"}
{"duration":555,"level":"info","message":"Request completed","method":"GET","requestId":"6325371b-6889-4da2-acea-9bf441d9a6d8","service":"api-service","status":400,"timestamp":"2025-05-03 22:05:52","url":"/api/v1/payments/weekly-revenue?startDate=3-1-2025&endDate=3-5-2025"}
{"ip":"::1","level":"info","message":"Incoming request","method":"GET","requestId":"df3d84f2-8138-4182-8f54-611d9c059c6a","service":"api-service","timestamp":"2025-05-03 22:06:52","url":"/api/v1/payments/weekly-revenue?startDate=2025-03-01T00:00:00.000Z&endDate=2025-03-05T00:00:00.000Z","userAgent":"PostmanRuntime/7.43.4"}
{"duration":354,"level":"info","message":"Request completed","method":"GET","requestId":"df3d84f2-8138-4182-8f54-611d9c059c6a","service":"api-service","status":400,"timestamp":"2025-05-03 22:06:52","url":"/api/v1/payments/weekly-revenue?startDate=2025-03-01T00:00:00.000Z&endDate=2025-03-05T00:00:00.000Z"}
{"ip":"::1","level":"info","message":"Incoming request","method":"GET","requestId":"9bc40c12-1085-43c9-8f1c-b989a8fd3cc0","service":"api-service","timestamp":"2025-05-03 22:07:17","url":"/api/v1/payments/weekly-revenue?startDate=2025-03-01&endDate=2025-03-05%0A","userAgent":"PostmanRuntime/7.43.4"}
{"duration":305,"level":"info","message":"Request completed","method":"GET","requestId":"9bc40c12-1085-43c9-8f1c-b989a8fd3cc0","service":"api-service","status":400,"timestamp":"2025-05-03 22:07:18","url":"/api/v1/payments/weekly-revenue?startDate=2025-03-01&endDate=2025-03-05%0A"}
{"ip":"::1","level":"info","message":"Incoming request","method":"GET","requestId":"7dc215b6-0d46-4bf8-9adc-f8923ef4eab7","service":"api-service","timestamp":"2025-05-03 22:07:25","url":"/api/v1/payments/weekly-revenue?startDate=2025-03-01&endDate=2025-03-05","userAgent":"PostmanRuntime/7.43.4"}
{"duration":152,"level":"info","message":"Request completed","method":"GET","requestId":"7dc215b6-0d46-4bf8-9adc-f8923ef4eab7","service":"api-service","status":400,"timestamp":"2025-05-03 22:07:25","url":"/api/v1/payments/weekly-revenue?startDate=2025-03-01&endDate=2025-03-05"}
{"ip":"::1","level":"info","message":"Incoming request","method":"GET","requestId":"36c97733-5256-411c-a9ce-4a05567678d9","service":"api-service","timestamp":"2025-05-03 22:07:36","url":"/api/v1/payments/weekly-revenue?startDate=2025-03-01&endDate=2025-03-05","userAgent":"PostmanRuntime/7.43.4"}
{"duration":315,"level":"info","message":"Request completed","method":"GET","requestId":"36c97733-5256-411c-a9ce-4a05567678d9","service":"api-service","status":400,"timestamp":"2025-05-03 22:07:37","url":"/api/v1/payments/weekly-revenue?startDate=2025-03-01&endDate=2025-03-05"}
{"ip":"::1","level":"info","message":"Incoming request","method":"GET","requestId":"b1a89c04-66d6-4ee4-a04a-111d8da307a5","service":"api-service","timestamp":"2025-05-03 22:07:56","url":"/api/v1/payments/weekly-revenue?startDate=2025-03-01T00:00:00.000Z","userAgent":"PostmanRuntime/7.43.4"}
{"duration":290,"level":"info","message":"Request completed","method":"GET","requestId":"b1a89c04-66d6-4ee4-a04a-111d8da307a5","service":"api-service","status":400,"timestamp":"2025-05-03 22:07:56","url":"/api/v1/payments/weekly-revenue?startDate=2025-03-01T00:00:00.000Z"}
{"ip":"::1","level":"info","message":"Incoming request","method":"GET","requestId":"2ec17831-0563-40d2-8fb0-9d1570050c41","service":"api-service","timestamp":"2025-05-03 22:09:16","url":"/api/v1/payments/weekly-revenue?startDate=2025-03-01T00:00:00.000Z","userAgent":"PostmanRuntime/7.43.4"}
{"duration":350,"level":"info","message":"Request completed","method":"GET","requestId":"2ec17831-0563-40d2-8fb0-9d1570050c41","service":"api-service","status":400,"timestamp":"2025-05-03 22:09:16","url":"/api/v1/payments/weekly-revenue?startDate=2025-03-01T00:00:00.000Z"}
{"ip":"::1","level":"info","message":"Incoming request","method":"GET","requestId":"d12a3a30-5996-4eae-8f55-4691a64a752c","service":"api-service","timestamp":"2025-05-03 22:11:00","url":"/api/v1/payments/weekly-revenue?startDate=2025-03-01T00:00:00.000Z","userAgent":"PostmanRuntime/7.43.4"}
{"duration":477,"level":"info","message":"Request completed","method":"GET","requestId":"d12a3a30-5996-4eae-8f55-4691a64a752c","service":"api-service","status":400,"timestamp":"2025-05-03 22:11:01","url":"/api/v1/payments/weekly-revenue?startDate=2025-03-01T00:00:00.000Z"}
{"ip":"::1","level":"info","message":"Incoming request","method":"GET","requestId":"1c20e260-328d-4089-9bcb-d524102418b2","service":"api-service","timestamp":"2025-05-03 22:12:26","url":"/api/v1/payments/weekly-revenue?startDate=2025-03-01T00:00:00.000Z","userAgent":"PostmanRuntime/7.43.4"}
{"duration":245,"level":"info","message":"Request completed","method":"GET","requestId":"1c20e260-328d-4089-9bcb-d524102418b2","service":"api-service","status":400,"timestamp":"2025-05-03 22:12:26","url":"/api/v1/payments/weekly-revenue?startDate=2025-03-01T00:00:00.000Z"}
{"ip":"::1","level":"info","message":"Incoming request","method":"GET","requestId":"f796c0ec-6881-4fe3-bc80-2db36487dbc6","service":"api-service","timestamp":"2025-05-03 22:12:59","url":"/api/v1/payments/weekly-revenue?startDate=2025-03-01&endDate=2025-05-0","userAgent":"PostmanRuntime/7.43.4"}
{"duration":320,"level":"info","message":"Request completed","method":"GET","requestId":"f796c0ec-6881-4fe3-bc80-2db36487dbc6","service":"api-service","status":400,"timestamp":"2025-05-03 22:13:00","url":"/api/v1/payments/weekly-revenue?startDate=2025-03-01&endDate=2025-05-0"}
{"ip":"::1","level":"info","message":"Incoming request","method":"GET","requestId":"e5db8ab4-af6d-4fb6-8816-0c177c4708cf","service":"api-service","timestamp":"2025-05-03 22:13:01","url":"/api/v1/payments/weekly-revenue?startDate=2025-03-01&endDate=2025-05-01","userAgent":"PostmanRuntime/7.43.4"}
{"duration":181,"level":"info","message":"Request completed","method":"GET","requestId":"e5db8ab4-af6d-4fb6-8816-0c177c4708cf","service":"api-service","status":200,"timestamp":"2025-05-03 22:13:02","url":"/api/v1/payments/weekly-revenue?startDate=2025-03-01&endDate=2025-05-01"}
{"ip":"::1","level":"info","message":"Incoming request","method":"GET","requestId":"71c15ecd-cd3e-47f8-acf1-a193198a3a89","service":"api-service","timestamp":"2025-05-03 22:13:11","url":"/api/v1/payments/weekly-revenue?startDate=2025-03-01&endDate=2025-05-03","userAgent":"PostmanRuntime/7.43.4"}
{"duration":174,"level":"info","message":"Request completed","method":"GET","requestId":"71c15ecd-cd3e-47f8-acf1-a193198a3a89","service":"api-service","status":200,"timestamp":"2025-05-03 22:13:12","url":"/api/v1/payments/weekly-revenue?startDate=2025-03-01&endDate=2025-05-03"}
{"ip":"::1","level":"info","message":"Incoming request","method":"GET","requestId":"77516600-72f3-43ee-9c87-ec80883c54f3","service":"api-service","timestamp":"2025-05-03 22:13:22","url":"/api/v1/payments/weekly-revenue?startDate=2025-04-01&endDate=2025-05-03","userAgent":"PostmanRuntime/7.43.4"}
{"duration":304,"level":"info","message":"Request completed","method":"GET","requestId":"77516600-72f3-43ee-9c87-ec80883c54f3","service":"api-service","status":200,"timestamp":"2025-05-03 22:13:22","url":"/api/v1/payments/weekly-revenue?startDate=2025-04-01&endDate=2025-05-03"}
{"ip":"::1","level":"info","message":"Incoming request","method":"POST","requestId":"e628dc17-62a0-48f3-8f12-fd3cd54e4e1f","service":"api-service","timestamp":"2025-05-03 22:17:50","url":"/api/v1/payments/update-status","userAgent":"PostmanRuntime/7.43.4"}
{"duration":10899,"level":"info","message":"Request completed","method":"POST","requestId":"e628dc17-62a0-48f3-8f12-fd3cd54e4e1f","service":"api-service","status":500,"timestamp":"2025-05-03 22:18:01","url":"/api/v1/payments/update-status"}
{"duration":10899,"level":"error","message":"Server error","method":"POST","requestId":"e628dc17-62a0-48f3-8f12-fd3cd54e4e1f","service":"api-service","status":500,"timestamp":"2025-05-03 22:18:01","url":"/api/v1/payments/update-status"}
{"ip":"::1","level":"info","message":"Incoming request","method":"POST","requestId":"cdef56f6-a92a-4166-bc14-1541152a0519","service":"api-service","timestamp":"2025-05-03 22:18:07","url":"/api/v1/payments/update-status","userAgent":"PostmanRuntime/7.43.4"}
{"duration":15143,"level":"info","message":"Request completed","method":"POST","requestId":"cdef56f6-a92a-4166-bc14-1541152a0519","service":"api-service","status":500,"timestamp":"2025-05-03 22:18:23","url":"/api/v1/payments/update-status"}
{"duration":15143,"level":"error","message":"Server error","method":"POST","requestId":"cdef56f6-a92a-4166-bc14-1541152a0519","service":"api-service","status":500,"timestamp":"2025-05-03 22:18:23","url":"/api/v1/payments/update-status"}
{"ip":"::1","level":"info","message":"Incoming request","method":"POST","requestId":"1f0086af-ad2e-48c0-a090-c6a03699e277","service":"api-service","timestamp":"2025-05-03 22:21:07","url":"/api/v1/payments/update-status","userAgent":"PostmanRuntime/7.43.4"}
{"duration":35569,"level":"info","message":"Request completed","method":"POST","requestId":"1f0086af-ad2e-48c0-a090-c6a03699e277","service":"api-service","status":500,"timestamp":"2025-05-03 22:21:42","url":"/api/v1/payments/update-status"}
{"duration":35569,"level":"error","message":"Server error","method":"POST","requestId":"1f0086af-ad2e-48c0-a090-c6a03699e277","service":"api-service","status":500,"timestamp":"2025-05-03 22:21:42","url":"/api/v1/payments/update-status"}
{"ip":"::1","level":"info","message":"Incoming request","method":"POST","requestId":"4b8ddf47-b3d5-456b-bab0-6086ca2a57a1","service":"api-service","timestamp":"2025-05-03 22:24:48","url":"/api/v1/payments/update-status","userAgent":"PostmanRuntime/7.43.4"}
{"duration":9067,"level":"info","message":"Request completed","method":"POST","requestId":"4b8ddf47-b3d5-456b-bab0-6086ca2a57a1","service":"api-service","status":200,"timestamp":"2025-05-03 22:24:57","url":"/api/v1/payments/update-status"}
{"ip":"::1","level":"info","message":"Incoming request","method":"POST","requestId":"f2dc08fd-3c72-4444-b0e6-2056faa3d67c","service":"api-service","timestamp":"2025-05-03 22:25:28","url":"/api/v1/payments/update-status","userAgent":"PostmanRuntime/7.43.4"}
{"duration":1247,"level":"info","message":"Request completed","method":"POST","requestId":"f2dc08fd-3c72-4444-b0e6-2056faa3d67c","service":"api-service","status":400,"timestamp":"2025-05-03 22:25:29","url":"/api/v1/payments/update-status"}
{"ip":"::1","level":"info","message":"Incoming request","method":"GET","requestId":"9de4fbeb-4fe7-4bf2-ae6f-959829f447c7","service":"api-service","timestamp":"2025-05-03 22:28:56","url":"/api/v1/payments/weekly-revenue?startDate=2025-04-01&endDate=2025-05-03","userAgent":"PostmanRuntime/7.43.4"}
{"duration":562,"level":"info","message":"Request completed","method":"GET","requestId":"9de4fbeb-4fe7-4bf2-ae6f-959829f447c7","service":"api-service","status":200,"timestamp":"2025-05-03 22:28:57","url":"/api/v1/payments/weekly-revenue?startDate=2025-04-01&endDate=2025-05-03"}
{"ip":"::1","level":"info","message":"Incoming request","method":"GET","requestId":"cf5f5ad2-34de-47ff-b472-ad79dc126f8a","service":"api-service","timestamp":"2025-05-03 22:29:00","url":"/api/v1/payments/weekly-revenue?startDate=2025-04-01&endDate=2025-05-05","userAgent":"PostmanRuntime/7.43.4"}
{"duration":255,"level":"info","message":"Request completed","method":"GET","requestId":"cf5f5ad2-34de-47ff-b472-ad79dc126f8a","service":"api-service","status":200,"timestamp":"2025-05-03 22:29:01","url":"/api/v1/payments/weekly-revenue?startDate=2025-04-01&endDate=2025-05-05"}
{"ip":"::1","level":"info","message":"Incoming request","method":"GET","requestId":"b673b968-96c0-4488-9ce1-c6e773f50ce1","service":"api-service","timestamp":"2025-05-03 22:29:32","url":"/api/v1/payments/weekly-revenue?startDate=2025-04-01&endDate=2025-05-05","userAgent":"PostmanRuntime/7.43.4"}
{"duration":424,"level":"info","message":"Request completed","method":"GET","requestId":"b673b968-96c0-4488-9ce1-c6e773f50ce1","service":"api-service","status":200,"timestamp":"2025-05-03 22:29:32","url":"/api/v1/payments/weekly-revenue?startDate=2025-04-01&endDate=2025-05-05"}
{"ip":"::1","level":"info","message":"Incoming request","method":"GET","requestId":"ae20265e-a38c-4093-8bc0-b38bcc03d7d0","service":"api-service","timestamp":"2025-05-03 22:30:23","url":"/api/v1/payments/monthly-revenue?startDate=2025-04-01&endDate=2025-05-05","userAgent":"PostmanRuntime/7.43.4"}
{"duration":317,"level":"info","message":"Request completed","method":"GET","requestId":"ae20265e-a38c-4093-8bc0-b38bcc03d7d0","service":"api-service","status":200,"timestamp":"2025-05-03 22:30:24","url":"/api/v1/payments/monthly-revenue?startDate=2025-04-01&endDate=2025-05-05"}
{"ip":"::1","level":"info","message":"Incoming request","method":"GET","requestId":"e293914f-aaf1-4ebb-8b75-1f8cc5a269f3","service":"api-service","timestamp":"2025-05-03 22:30:29","url":"/api/v1/payments/monthly-revenue?startDate=2025-04-01&endDate=2025-05-05","userAgent":"PostmanRuntime/7.43.4"}
{"duration":144,"level":"info","message":"Request completed","method":"GET","requestId":"e293914f-aaf1-4ebb-8b75-1f8cc5a269f3","service":"api-service","status":200,"timestamp":"2025-05-03 22:30:29","url":"/api/v1/payments/monthly-revenue?startDate=2025-04-01&endDate=2025-05-05"}
{"ip":"::1","level":"info","message":"Incoming request","method":"POST","requestId":"02c09787-b9d1-4c47-a779-6cca643d443c","service":"api-service","timestamp":"2025-05-04 16:15:39","url":"/api/v1/users","userAgent":"PostmanRuntime/7.43.4"}
{"duration":238,"level":"info","message":"Request completed","method":"POST","requestId":"02c09787-b9d1-4c47-a779-6cca643d443c","service":"api-service","status":400,"timestamp":"2025-05-04 16:15:39","url":"/api/v1/users"}
{"ip":"::1","level":"info","message":"Incoming request","method":"GET","requestId":"b96f4271-8406-4d5f-9f6e-c894e280e138","service":"api-service","timestamp":"2025-05-04 18:57:02","url":"/33/permissions/revoke","userAgent":"PostmanRuntime/7.43.4"}
{"duration":38,"level":"info","message":"Request completed","method":"GET","requestId":"b96f4271-8406-4d5f-9f6e-c894e280e138","service":"api-service","status":404,"timestamp":"2025-05-04 18:57:02","url":"/33/permissions/revoke"}
{"ip":"::1","level":"info","message":"Incoming request","method":"GET","requestId":"c29f783d-1042-4392-9c98-37c917fdbafe","service":"api-service","timestamp":"2025-05-04 18:57:12","url":"/roles/33/permissions/revoke","userAgent":"PostmanRuntime/7.43.4"}
{"duration":16,"level":"info","message":"Request completed","method":"GET","requestId":"c29f783d-1042-4392-9c98-37c917fdbafe","service":"api-service","status":404,"timestamp":"2025-05-04 18:57:12","url":"/roles/33/permissions/revoke"}
{"ip":"::1","level":"info","message":"Incoming request","method":"POST","requestId":"3ce96f38-7a1b-4c2f-a415-4d5f10736120","service":"api-service","timestamp":"2025-05-04 18:57:20","url":"/roles/33/permissions/revoke","userAgent":"PostmanRuntime/7.43.4"}
{"duration":10,"level":"info","message":"Request completed","method":"POST","requestId":"3ce96f38-7a1b-4c2f-a415-4d5f10736120","service":"api-service","status":404,"timestamp":"2025-05-04 18:57:20","url":"/roles/33/permissions/revoke"}
{"ip":"::1","level":"info","message":"Incoming request","method":"POST","requestId":"2fefa940-2839-4f95-9cdf-a22ee1b262fe","service":"api-service","timestamp":"2025-05-04 18:57:41","url":"/roles/33/permissions/revoke","userAgent":"PostmanRuntime/7.43.4"}
{"duration":14,"level":"info","message":"Request completed","method":"POST","requestId":"2fefa940-2839-4f95-9cdf-a22ee1b262fe","service":"api-service","status":404,"timestamp":"2025-05-04 18:57:41","url":"/roles/33/permissions/revoke"}
{"ip":"::1","level":"info","message":"Incoming request","method":"POST","requestId":"49ee80c2-dd1f-4e53-955f-57ebbc4d5bbf","service":"api-service","timestamp":"2025-05-04 18:58:40","url":"/roles/33/permissions/revoke","userAgent":"PostmanRuntime/7.43.4"}
{"duration":11,"level":"info","message":"Request completed","method":"POST","requestId":"49ee80c2-dd1f-4e53-955f-57ebbc4d5bbf","service":"api-service","status":404,"timestamp":"2025-05-04 18:58:40","url":"/roles/33/permissions/revoke"}
{"ip":"::1","level":"info","message":"Incoming request","method":"POST","requestId":"81b696e8-2acc-4b82-81cb-7d6cf9d966ad","service":"api-service","timestamp":"2025-05-04 18:58:56","url":"/roles/33/permissions/revoke","userAgent":"PostmanRuntime/7.43.4"}
{"duration":7,"level":"info","message":"Request completed","method":"POST","requestId":"81b696e8-2acc-4b82-81cb-7d6cf9d966ad","service":"api-service","status":404,"timestamp":"2025-05-04 18:58:56","url":"/roles/33/permissions/revoke"}
{"ip":"::1","level":"info","message":"Incoming request","method":"POST","requestId":"d74e5954-126a-4bd0-8b19-194dfd606441","service":"api-service","timestamp":"2025-05-04 18:59:16","url":"/roles/33/permissions/revoke","userAgent":"PostmanRuntime/7.43.4"}
{"duration":6,"level":"info","message":"Request completed","method":"POST","requestId":"d74e5954-126a-4bd0-8b19-194dfd606441","service":"api-service","status":404,"timestamp":"2025-05-04 18:59:16","url":"/roles/33/permissions/revoke"}
{"ip":"::1","level":"info","message":"Incoming request","method":"POST","requestId":"cf75d663-fbe4-4d40-9d29-0617d80a72d7","service":"api-service","timestamp":"2025-05-04 18:59:27","url":"/roles/33/permissions/revoke","userAgent":"PostmanRuntime/7.43.4"}
{"duration":6,"level":"info","message":"Request completed","method":"POST","requestId":"cf75d663-fbe4-4d40-9d29-0617d80a72d7","service":"api-service","status":404,"timestamp":"2025-05-04 18:59:27","url":"/roles/33/permissions/revoke"}
{"ip":"::1","level":"info","message":"Incoming request","method":"POST","requestId":"07bf8a20-00ba-4dc0-8781-0c75c7af3a52","service":"api-service","timestamp":"2025-05-04 18:59:47","url":"/roles/33/permissions/revoke","userAgent":"PostmanRuntime/7.43.4"}
{"duration":55,"level":"info","message":"Request completed","method":"POST","requestId":"07bf8a20-00ba-4dc0-8781-0c75c7af3a52","service":"api-service","status":404,"timestamp":"2025-05-04 18:59:47","url":"/roles/33/permissions/revoke"}
{"ip":"::1","level":"info","message":"Incoming request","method":"POST","requestId":"cbea8dee-a3da-4a80-bc36-9333c8842f88","service":"api-service","timestamp":"2025-05-04 19:00:36","url":"/roles/33/permissions/revoke","userAgent":"PostmanRuntime/7.43.4"}
{"duration":6,"level":"info","message":"Request completed","method":"POST","requestId":"cbea8dee-a3da-4a80-bc36-9333c8842f88","service":"api-service","status":404,"timestamp":"2025-05-04 19:00:36","url":"/roles/33/permissions/revoke"}
{"ip":"::1","level":"info","message":"Incoming request","method":"POST","requestId":"fc731d18-e32f-4b99-b0fb-a552bf6d303e","service":"api-service","timestamp":"2025-05-04 19:01:02","url":"/roles/33/permissions/revoke","userAgent":"PostmanRuntime/7.43.4"}
{"duration":9,"level":"info","message":"Request completed","method":"POST","requestId":"fc731d18-e32f-4b99-b0fb-a552bf6d303e","service":"api-service","status":404,"timestamp":"2025-05-04 19:01:02","url":"/roles/33/permissions/revoke"}
{"ip":"::1","level":"info","message":"Incoming request","method":"POST","requestId":"45b703b6-f8c8-42cd-bc6a-7c70606db7d2","service":"api-service","timestamp":"2025-05-04 19:01:35","url":"/roles/33/permissions/revoke","userAgent":"PostmanRuntime/7.43.4"}
{"duration":7,"level":"info","message":"Request completed","method":"POST","requestId":"45b703b6-f8c8-42cd-bc6a-7c70606db7d2","service":"api-service","status":404,"timestamp":"2025-05-04 19:01:35","url":"/roles/33/permissions/revoke"}
{"ip":"::1","level":"info","message":"Incoming request","method":"POST","requestId":"9b5680fc-e87d-4350-8722-f6b132445c31","service":"api-service","timestamp":"2025-05-04 19:01:42","url":"/roles/33/permissions/revoke","userAgent":"PostmanRuntime/7.43.4"}
{"duration":7,"level":"info","message":"Request completed","method":"POST","requestId":"9b5680fc-e87d-4350-8722-f6b132445c31","service":"api-service","status":404,"timestamp":"2025-05-04 19:01:42","url":"/roles/33/permissions/revoke"}
{"ip":"::1","level":"info","message":"Incoming request","method":"POST","requestId":"f2d391ac-ae3e-453e-9ba4-6a708e6656f1","service":"api-service","timestamp":"2025-05-04 19:02:07","url":"/roles/33/permissions/revoke","userAgent":"PostmanRuntime/7.43.4"}
{"duration":7,"level":"info","message":"Request completed","method":"POST","requestId":"f2d391ac-ae3e-453e-9ba4-6a708e6656f1","service":"api-service","status":404,"timestamp":"2025-05-04 19:02:07","url":"/roles/33/permissions/revoke"}
{"ip":"::1","level":"info","message":"Incoming request","method":"POST","requestId":"25244d57-e086-48d8-a447-f70386bbb332","service":"api-service","timestamp":"2025-05-04 19:02:19","url":"/roles/33/permissions/revoke","userAgent":"PostmanRuntime/7.43.4"}
{"duration":7,"level":"info","message":"Request completed","method":"POST","requestId":"25244d57-e086-48d8-a447-f70386bbb332","service":"api-service","status":404,"timestamp":"2025-05-04 19:02:19","url":"/roles/33/permissions/revoke"}
{"ip":"::1","level":"info","message":"Incoming request","method":"POST","requestId":"18270d2f-7889-4fdf-a3df-69c08503bec2","service":"api-service","timestamp":"2025-05-04 19:03:17","url":"/roles/33/permissions/revoke","userAgent":"PostmanRuntime/7.43.4"}
{"duration":8,"level":"info","message":"Request completed","method":"POST","requestId":"18270d2f-7889-4fdf-a3df-69c08503bec2","service":"api-service","status":404,"timestamp":"2025-05-04 19:03:17","url":"/roles/33/permissions/revoke"}
{"ip":"::1","level":"info","message":"Incoming request","method":"POST","requestId":"b3a96e44-b276-439d-8034-ceb09f3e139b","service":"api-service","timestamp":"2025-05-04 19:03:32","url":"/roles/33/permissions/revoke","userAgent":"PostmanRuntime/7.43.4"}
{"duration":8,"level":"info","message":"Request completed","method":"POST","requestId":"b3a96e44-b276-439d-8034-ceb09f3e139b","service":"api-service","status":404,"timestamp":"2025-05-04 19:03:32","url":"/roles/33/permissions/revoke"}
{"ip":"::1","level":"info","message":"Incoming request","method":"POST","requestId":"95df6b0e-5307-457e-815b-9a11b04f684a","service":"api-service","timestamp":"2025-05-04 19:03:43","url":"/roles/33/permissions/revoke","userAgent":"PostmanRuntime/7.43.4"}
{"duration":6,"level":"info","message":"Request completed","method":"POST","requestId":"95df6b0e-5307-457e-815b-9a11b04f684a","service":"api-service","status":404,"timestamp":"2025-05-04 19:03:43","url":"/roles/33/permissions/revoke"}
{"ip":"::1","level":"info","message":"Incoming request","method":"POST","requestId":"2c2f2101-f57e-4313-b89a-b1813b033b3f","service":"api-service","timestamp":"2025-05-04 19:03:58","url":"/roles/33/permissions/revoke","userAgent":"PostmanRuntime/7.43.4"}
{"duration":6,"level":"info","message":"Request completed","method":"POST","requestId":"2c2f2101-f57e-4313-b89a-b1813b033b3f","service":"api-service","status":404,"timestamp":"2025-05-04 19:03:58","url":"/roles/33/permissions/revoke"}
{"ip":"::1","level":"info","message":"Incoming request","method":"POST","requestId":"48774806-baca-401f-9a69-929b7fe02903","service":"api-service","timestamp":"2025-05-04 19:04:28","url":"/roles/33/permissions/revoke","userAgent":"PostmanRuntime/7.43.4"}
{"duration":7,"level":"info","message":"Request completed","method":"POST","requestId":"48774806-baca-401f-9a69-929b7fe02903","service":"api-service","status":404,"timestamp":"2025-05-04 19:04:28","url":"/roles/33/permissions/revoke"}
{"ip":"::1","level":"info","message":"Incoming request","method":"POST","requestId":"22094a47-f3c6-4f94-b90b-28c8482336d5","service":"api-service","timestamp":"2025-05-04 19:04:34","url":"/roles/33/permissions/revoke","userAgent":"PostmanRuntime/7.43.4"}
{"duration":8,"level":"info","message":"Request completed","method":"POST","requestId":"22094a47-f3c6-4f94-b90b-28c8482336d5","service":"api-service","status":404,"timestamp":"2025-05-04 19:04:34","url":"/roles/33/permissions/revoke"}
{"ip":"::1","level":"info","message":"Incoming request","method":"POST","requestId":"83c1707c-0468-47fe-8e8a-f52f95119257","service":"api-service","timestamp":"2025-05-04 19:05:44","url":"/roles/33/permissions/revoke","userAgent":"PostmanRuntime/7.43.4"}
{"duration":8,"level":"info","message":"Request completed","method":"POST","requestId":"83c1707c-0468-47fe-8e8a-f52f95119257","service":"api-service","status":404,"timestamp":"2025-05-04 19:05:44","url":"/roles/33/permissions/revoke"}
{"ip":"::1","level":"info","message":"Incoming request","method":"POST","requestId":"14ba8adb-b735-4f0f-ad76-0185cebd5571","service":"api-service","timestamp":"2025-05-04 19:05:58","url":"/roles/33/permissions/revoke","userAgent":"PostmanRuntime/7.43.4"}
{"duration":7,"level":"info","message":"Request completed","method":"POST","requestId":"14ba8adb-b735-4f0f-ad76-0185cebd5571","service":"api-service","status":404,"timestamp":"2025-05-04 19:05:58","url":"/roles/33/permissions/revoke"}
{"ip":"::1","level":"info","message":"Incoming request","method":"POST","requestId":"ac873e98-7fbf-4bc8-bc04-c10900accfe2","service":"api-service","timestamp":"2025-05-04 20:10:37","url":"/roles/33/permissions/revoke","userAgent":"PostmanRuntime/7.43.4"}
{"duration":49,"level":"info","message":"Request completed","method":"POST","requestId":"ac873e98-7fbf-4bc8-bc04-c10900accfe2","service":"api-service","status":404,"timestamp":"2025-05-04 20:10:37","url":"/roles/33/permissions/revoke"}
{"ip":"::1","level":"info","message":"Incoming request","method":"POST","requestId":"d95f6472-8ffa-4a3e-8c91-40160fe2a318","service":"api-service","timestamp":"2025-05-04 20:23:33","url":"/roles/33/permissions/revoke","userAgent":"PostmanRuntime/7.43.4"}
{"duration":50,"level":"info","message":"Request completed","method":"POST","requestId":"d95f6472-8ffa-4a3e-8c91-40160fe2a318","service":"api-service","status":404,"timestamp":"2025-05-04 20:23:33","url":"/roles/33/permissions/revoke"}
{"ip":"::1","level":"info","message":"Incoming request","method":"POST","requestId":"54cd5ccb-704a-4533-9340-2137c7c76c6e","service":"api-service","timestamp":"2025-05-04 20:30:33","url":"/roles/33/permissions/revoke","userAgent":"PostmanRuntime/7.43.4"}
{"duration":109,"level":"info","message":"Request completed","method":"POST","requestId":"54cd5ccb-704a-4533-9340-2137c7c76c6e","service":"api-service","status":404,"timestamp":"2025-05-04 20:30:33","url":"/roles/33/permissions/revoke"}
{"ip":"::1","level":"info","message":"Incoming request","method":"POST","requestId":"9f1fe70b-0042-4125-b214-674d5b012502","service":"api-service","timestamp":"2025-05-04 20:31:56","url":"/roles/33/permissions/revoke","userAgent":"PostmanRuntime/7.43.4"}
{"duration":18,"level":"info","message":"Request completed","method":"POST","requestId":"9f1fe70b-0042-4125-b214-674d5b012502","service":"api-service","status":404,"timestamp":"2025-05-04 20:31:56","url":"/roles/33/permissions/revoke"}
{"ip":"::1","level":"info","message":"Incoming request","method":"POST","requestId":"637fc25e-1248-4027-ad3d-5e3813b2fa08","service":"api-service","timestamp":"2025-05-04 20:35:01","url":"/roles/33/permissions/revoke","userAgent":"PostmanRuntime/7.43.4"}
{"duration":35,"level":"info","message":"Request completed","method":"POST","requestId":"637fc25e-1248-4027-ad3d-5e3813b2fa08","service":"api-service","status":404,"timestamp":"2025-05-04 20:35:01","url":"/roles/33/permissions/revoke"}
{"ip":"::1","level":"info","message":"Incoming request","method":"POST","requestId":"2b71c303-5105-407f-bf19-e9a2687ea4f0","service":"api-service","timestamp":"2025-05-04 20:38:06","url":"/roles/33/permissions/revoke","userAgent":"PostmanRuntime/7.43.4"}
{"duration":10,"level":"info","message":"Request completed","method":"POST","requestId":"2b71c303-5105-407f-bf19-e9a2687ea4f0","service":"api-service","status":404,"timestamp":"2025-05-04 20:38:06","url":"/roles/33/permissions/revoke"}
{"ip":"::1","level":"info","message":"Incoming request","method":"POST","requestId":"4b038c34-26fd-4eec-ab96-42dd230ffe8d","service":"api-service","timestamp":"2025-05-04 20:38:08","url":"/roles/33/permissions/revoke","userAgent":"PostmanRuntime/7.43.4"}
{"duration":6,"level":"info","message":"Request completed","method":"POST","requestId":"4b038c34-26fd-4eec-ab96-42dd230ffe8d","service":"api-service","status":404,"timestamp":"2025-05-04 20:38:08","url":"/roles/33/permissions/revoke"}
{"ip":"::1","level":"info","message":"Incoming request","method":"POST","requestId":"c6a47eaf-672d-441e-8100-c491641a1e3a","service":"api-service","timestamp":"2025-05-04 20:38:10","url":"/roles/33/permissions/revoke","userAgent":"PostmanRuntime/7.43.4"}
{"duration":6,"level":"info","message":"Request completed","method":"POST","requestId":"c6a47eaf-672d-441e-8100-c491641a1e3a","service":"api-service","status":404,"timestamp":"2025-05-04 20:38:10","url":"/roles/33/permissions/revoke"}
{"ip":"::1","level":"info","message":"Incoming request","method":"POST","requestId":"f7103ad3-7414-466c-bc96-439fef56e5d4","service":"api-service","timestamp":"2025-05-04 20:38:12","url":"/roles/33/permissions/revoke","userAgent":"PostmanRuntime/7.43.4"}
{"duration":7,"level":"info","message":"Request completed","method":"POST","requestId":"f7103ad3-7414-466c-bc96-439fef56e5d4","service":"api-service","status":404,"timestamp":"2025-05-04 20:38:12","url":"/roles/33/permissions/revoke"}
{"ip":"::1","level":"info","message":"Incoming request","method":"POST","requestId":"078788e2-f3ad-4461-904d-ea3d7994977d","service":"api-service","timestamp":"2025-05-04 20:38:14","url":"/roles/33/permissions/revoke","userAgent":"PostmanRuntime/7.43.4"}
{"duration":9,"level":"info","message":"Request completed","method":"POST","requestId":"078788e2-f3ad-4461-904d-ea3d7994977d","service":"api-service","status":404,"timestamp":"2025-05-04 20:38:14","url":"/roles/33/permissions/revoke"}
{"ip":"::1","level":"info","message":"Incoming request","method":"POST","requestId":"50e8a8d0-9f7c-4a8d-a4a1-7dfe1cc27a7f","service":"api-service","timestamp":"2025-05-04 20:38:16","url":"/roles/33/permissions/revoke","userAgent":"PostmanRuntime/7.43.4"}
{"duration":7,"level":"info","message":"Request completed","method":"POST","requestId":"50e8a8d0-9f7c-4a8d-a4a1-7dfe1cc27a7f","service":"api-service","status":404,"timestamp":"2025-05-04 20:38:16","url":"/roles/33/permissions/revoke"}
{"ip":"::1","level":"info","message":"Incoming request","method":"POST","requestId":"e5fb2302-476a-48a9-9299-bb972c959cdb","service":"api-service","timestamp":"2025-05-04 20:39:20","url":"/roles/33/permissions","userAgent":"PostmanRuntime/7.43.4"}
{"duration":7,"level":"info","message":"Request completed","method":"POST","requestId":"e5fb2302-476a-48a9-9299-bb972c959cdb","service":"api-service","status":404,"timestamp":"2025-05-04 20:39:20","url":"/roles/33/permissions"}
{"ip":"::1","level":"info","message":"Incoming request","method":"POST","requestId":"36bce630-c6c8-4b8a-8fa9-fddfda158b6e","service":"api-service","timestamp":"2025-05-04 20:39:34","url":"/api/v1/roles/33/permissions/revoke","userAgent":"PostmanRuntime/7.43.4"}
{"duration":566,"level":"info","message":"Request completed","method":"POST","requestId":"36bce630-c6c8-4b8a-8fa9-fddfda158b6e","service":"api-service","status":400,"timestamp":"2025-05-04 20:39:34","url":"/api/v1/roles/33/permissions/revoke"}
{"ip":"::1","level":"info","message":"Incoming request","method":"GET","requestId":"84a04849-087f-451c-ba2a-ba268d88c690","service":"api-service","timestamp":"2025-05-04 20:41:00","url":"/api/v1/roles/33/permissions","userAgent":"PostmanRuntime/7.43.4"}
{"duration":361,"level":"info","message":"Request completed","method":"GET","requestId":"84a04849-087f-451c-ba2a-ba268d88c690","service":"api-service","status":500,"timestamp":"2025-05-04 20:41:00","url":"/api/v1/roles/33/permissions"}
{"duration":361,"level":"error","message":"Server error","method":"GET","requestId":"84a04849-087f-451c-ba2a-ba268d88c690","service":"api-service","status":500,"timestamp":"2025-05-04 20:41:00","url":"/api/v1/roles/33/permissions"}
{"ip":"::1","level":"info","message":"Incoming request","method":"GET","requestId":"15a5d79c-1cf3-4ca6-a6c7-9ff301d3de3a","service":"api-service","timestamp":"2025-05-04 20:41:30","url":"/api/v1/roles/33/permissions","userAgent":"PostmanRuntime/7.43.4"}
{"duration":11627,"level":"info","message":"Request completed","method":"GET","requestId":"15a5d79c-1cf3-4ca6-a6c7-9ff301d3de3a","service":"api-service","status":500,"timestamp":"2025-05-04 20:41:42","url":"/api/v1/roles/33/permissions"}
{"duration":11627,"level":"error","message":"Server error","method":"GET","requestId":"15a5d79c-1cf3-4ca6-a6c7-9ff301d3de3a","service":"api-service","status":500,"timestamp":"2025-05-04 20:41:42","url":"/api/v1/roles/33/permissions"}
{"ip":"::1","level":"info","message":"Incoming request","method":"GET","requestId":"ea10ae98-0e21-49fd-af50-e87bedcd7146","service":"api-service","timestamp":"2025-05-04 20:43:00","url":"/api/v1/roles/33/permissions","userAgent":"PostmanRuntime/7.43.4"}
{"duration":6307,"level":"info","message":"Request completed","method":"GET","requestId":"ea10ae98-0e21-49fd-af50-e87bedcd7146","service":"api-service","status":200,"timestamp":"2025-05-04 20:43:06","url":"/api/v1/roles/33/permissions"}
